# Fuente: PVGIS v5.2 (Photovoltaic Geographical Information System) - Comision Europea, JRC
# Producto: TMY (Typical Meteorological Year), serie horaria (8760 h)
# Endpoint: https://re.jrc.ec.europa.eu/api/v5_2/tmy?lat=4.70&lon=-74.15&outputformat=csv
# Ubicacion: Bogota (Aeropuerto El Dorado, aprox.) - Lat 4.700 N, Lon -74.150, Elev 2547 m
# Nota: cada mes del TMY proviene de un anio real distinto (ver tabla "month,year" mas abajo).
# Descargado: 2026-07-23
# Zona horaria de time(UTC): UTC. Bogota = UTC-5 (sin horario de verano).
# Columnas clave: G(h)=GHI [W/m2], Gb(n)=DNI [W/m2], Gd(h)=DHI [W/m2], T2m=temp aire [C].
# Original de PVGIS sin modificar salvo este encabezado. Regenerar: ver docs/09-validacion.md.
#
Latitude (decimal degrees): 4.700
Longitude (decimal degrees): -74.150
Elevation (m): 2547.0
Irradiance Time Offset (h): 0.0
month,year
1,2010
2,2010
3,2015
4,2008
5,2006
6,2009
7,2013
8,2006
9,2012
10,2007
11,2014
12,2012
time(UTC),T2m,RH,G(h),Gb(n),Gd(h),IR(h),WS10m,WD10m,SP
20100101:0000,12.83,70.04,0.0,-0.0,0.0,315.84,0.99,40.0,74510.0
20100101:0100,11.84,74.32,0.0,-0.0,0.0,310.38,1.0,72.0,74569.0
20100101:0200,10.86,78.61,0.0,-0.0,0.0,304.93,1.02,73.0,74627.0
20100101:0300,9.88,82.89,0.0,-0.0,0.0,299.48,1.03,78.0,74664.0
20100101:0400,8.9,87.17,0.0,-0.0,0.0,294.03,1.05,83.0,74664.0
20100101:0500,7.92,91.45,0.0,-0.0,0.0,288.57,1.07,87.0,74649.0
20100101:0600,6.94,95.73,0.0,-0.0,0.0,283.12,1.08,87.0,74591.0
20100101:0700,5.96,100.0,0.0,-0.0,0.0,277.67,1.1,92.0,74525.0
20100101:0800,6.8,82.8,0.0,-0.0,0.0,285.2,1.52,91.0,74503.0
20100101:0900,6.5,82.45,0.0,-0.0,0.0,285.4,1.59,90.0,74488.0
20100101:1000,6.18,82.8,0.0,-0.0,0.0,285.0,1.66,90.0,74510.0
20100101:1100,5.92,83.6,0.0,-0.0,0.0,283.6,1.66,89.0,74547.0
20100101:1200,6.93,83.85,175.0,589.24,54.0,284.2,1.38,88.0,74605.0
20100101:1300,11.33,69.25,436.0,841.53,77.0,282.6,0.97,95.0,74627.0
20100101:1400,14.28,47.15,675.0,947.13,91.0,291.6,0.48,104.0,74605.0
20100101:1500,16.23,38.85,861.0,999.48,99.0,300.0,0.07,297.0,74539.0
20100101:1600,17.73,35.65,980.0,1025.7,104.0,297.4,0.55,299.0,74466.0
20100101:1700,18.62,35.9,1020.0,1033.52,105.0,302.0,1.1,296.0,74371.0
20100101:1800,18.89,40.65,979.0,1024.5,104.0,306.6,1.45,294.0,74261.0
20100101:1900,18.69,46.2,860.0,999.42,98.0,317.4,1.24,282.0,74180.0
20100101:2000,18.1,51.5,675.0,950.26,89.0,316.2,1.52,278.0,74158.0
20100101:2100,16.78,60.35,440.0,855.42,75.0,314.0,1.45,272.0,74188.0
20100101:2200,15.69,65.5,185.0,676.57,46.0,314.0,1.17,277.0,74268.0
20100101:2300,14.09,74.75,0.0,-0.0,0.0,311.4,0.69,272.0,74327.0
20100102:0000,12.48,84.1,0.0,-0.0,0.0,297.6,0.14,305.0,74393.0
20100102:0100,10.71,93.35,0.0,-0.0,0.0,295.4,0.62,75.0,74444.0
20100102:0200,9.59,93.8,0.0,-0.0,0.0,290.2,0.97,81.0,74495.0
20100102:0300,8.71,93.55,0.0,-0.0,0.0,289.2,1.1,81.0,74510.0
20100102:0400,7.97,92.4,0.0,-0.0,0.0,283.8,1.17,82.0,74503.0
20100102:0500,7.41,90.8,0.0,-0.0,0.0,286.0,1.17,81.0,74473.0
20100102:0600,7.2,89.35,0.0,-0.0,0.0,293.4,1.1,82.0,74437.0
20100102:0700,6.75,88.3,0.0,-0.0,0.0,286.8,1.1,85.0,74385.0
20100102:0800,6.51,87.15,0.0,-0.0,0.0,288.8,1.24,83.0,74371.0
20100102:0900,6.55,84.9,0.0,-0.0,0.0,295.6,1.24,87.0,74371.0
20100102:1000,6.08,84.0,0.0,-0.0,0.0,277.8,1.38,89.0,74429.0
20100102:1100,6.09,82.4,0.0,-0.0,0.0,288.0,1.45,90.0,74481.0
20100102:1200,7.06,82.55,176.0,593.47,55.0,283.0,1.17,91.0,74517.0
20100102:1300,11.07,71.35,439.0,848.5,78.0,308.4,0.69,100.0,74525.0
20100102:1400,13.65,55.1,678.0,953.14,91.0,308.8,0.21,233.0,74503.0
20100102:1500,15.41,51.45,865.0,1003.78,100.0,314.0,0.83,261.0,74422.0
20100102:1600,17.06,50.85,983.0,1028.96,104.0,307.8,1.1,267.0,74378.0
20100102:1700,17.94,50.15,1023.0,1034.97,106.0,316.6,0.76,260.0,74283.0
20100102:1800,18.53,48.65,981.0,1025.48,104.0,321.2,0.9,267.0,74173.0
20100102:1900,19.01,46.8,862.0,998.75,99.0,331.8,0.97,264.0,74063.0
20100102:2000,18.2,53.05,677.0,949.13,90.0,335.0,1.31,275.0,74019.0
20100102:2100,17.06,60.6,442.0,856.19,75.0,336.8,1.24,276.0,74041.0
20100102:2200,15.61,68.9,187.0,679.72,46.0,327.2,0.97,273.0,74129.0
20100102:2300,14.09,78.15,0.0,-0.0,0.0,322.6,0.48,278.0,74202.0
20100103:0000,12.72,86.95,0.0,-0.0,0.0,315.6,0.14,32.0,74246.0
20100103:0100,11.42,93.05,0.0,-0.0,0.0,310.2,0.69,83.0,74290.0
20100103:0200,10.57,94.65,0.0,-0.0,0.0,311.4,0.97,87.0,74334.0
20100103:0300,9.75,94.95,0.0,-0.0,0.0,303.0,1.1,85.0,74363.0
20100103:0400,9.19,94.35,0.0,-0.0,0.0,309.6,1.17,85.0,74356.0
20100103:0500,8.57,95.05,0.0,-0.0,0.0,321.4,1.17,89.0,74349.0
20100103:0600,8.14,94.85,0.0,-0.0,0.0,322.6,1.24,91.0,74305.0
20100103:0700,8.23,92.45,0.0,-0.0,0.0,314.6,1.17,91.0,74261.0
20100103:0800,7.62,93.55,0.0,-0.0,0.0,330.8,1.31,91.0,74210.0
20100103:0900,7.05,92.95,0.0,-0.0,0.0,320.2,1.38,93.0,74217.0
20100103:1000,6.82,89.5,0.0,-0.0,0.0,315.8,1.45,93.0,74268.0
20100103:1100,6.13,89.25,0.0,-0.0,0.0,333.2,1.52,94.0,74327.0
20100103:1200,6.84,84.6,175.0,592.71,55.0,311.8,1.45,95.0,74378.0
20100103:1300,10.76,68.5,440.0,853.05,78.0,328.0,1.24,103.0,74422.0
20100103:1400,13.86,52.15,680.0,957.46,91.0,317.4,0.9,123.0,74422.0
20100103:1500,16.13,39.9,868.0,1008.01,100.0,305.6,0.55,197.0,74349.0
20100103:1600,17.81,36.05,986.0,1030.98,105.0,309.8,0.55,224.0,74268.0
20100103:1700,18.63,34.2,1026.0,1037.48,106.0,313.6,0.55,250.0,74188.0
20100103:1800,19.49,33.1,985.0,1028.73,104.0,313.4,0.69,274.0,74092.0
20100103:1900,19.05,41.25,867.0,1003.26,99.0,323.2,1.03,277.0,74004.0
20100103:2000,18.75,47.05,682.0,954.41,90.0,313.4,1.1,296.0,73953.0
20100103:2100,17.84,54.25,447.0,863.88,75.0,317.0,0.97,300.0,73953.0
20100103:2200,16.47,62.15,190.0,682.79,47.0,312.8,0.69,300.0,74056.0
20100103:2300,14.64,74.35,0.0,-0.0,0.0,306.8,0.28,306.0,74129.0
20100104:0000,12.88,84.1,0.0,-0.0,0.0,302.4,0.62,84.0,74195.0
20100104:0100,11.43,86.15,0.0,-0.0,0.0,304.4,0.97,93.0,74276.0
20100104:0200,10.44,85.65,0.0,-0.0,0.0,302.8,1.17,93.0,74319.0
20100104:0300,9.76,83.6,0.0,-0.0,0.0,305.0,1.24,89.0,74356.0
20100104:0400,9.36,80.35,0.0,-0.0,0.0,311.4,1.24,84.0,74363.0
20100104:0500,8.96,77.55,0.0,-0.0,0.0,310.0,1.31,85.0,74363.0
20100104:0600,8.73,75.05,0.0,-0.0,0.0,315.2,1.31,95.0,74327.0
20100104:0700,8.56,71.05,0.0,-0.0,0.0,310.4,1.38,95.0,74283.0
20100104:0800,8.38,69.3,0.0,-0.0,0.0,315.4,1.45,96.0,74268.0
20100104:0900,8.29,66.95,0.0,-0.0,0.0,316.4,1.45,98.0,74290.0
20100104:1000,8.03,65.85,0.0,-0.0,0.0,309.6,1.52,96.0,74341.0
20100104:1100,7.81,67.15,0.0,-0.0,0.0,310.6,1.52,95.0,74400.0
20100104:1200,8.4,70.95,170.0,576.9,54.0,306.0,1.31,95.0,74451.0
20100104:1300,11.6,62.05,430.0,833.91,77.0,302.8,1.03,100.0,74488.0
20100104:1400,14.77,44.25,668.0,938.91,91.0,304.2,0.62,142.0,74473.0
20100104:1500,16.53,36.7,855.0,992.47,99.0,308.6,0.48,198.0,74393.0
20100104:1600,17.78,34.05,972.0,1015.37,104.0,314.8,0.34,212.0,74312.0
20100104:1700,19.25,31.0,1012.0,1021.89,105.0,310.4,0.28,266.0,74232.0
20100104:1800,19.84,30.1,972.0,1012.09,104.0,310.6,0.76,307.0,74129.0
20100104:1900,19.67,32.55,855.0,985.53,99.0,309.6,1.1,295.0,74063.0
20100104:2000,18.84,40.9,672.0,935.5,90.0,311.0,1.31,303.0,74056.0
20100104:2100,17.43,50.5,440.0,843.73,75.0,306.6,1.1,300.0,74085.0
20100104:2200,16.14,57.1,188.0,666.87,47.0,305.4,0.83,291.0,74195.0
20100104:2300,14.31,67.15,0.0,-0.0,0.0,299.2,0.48,285.0,74290.0
20100105:0000,12.83,74.15,0.0,-0.0,0.0,296.0,0.21,57.0,74363.0
20100105:0100,11.08,81.5,0.0,-0.0,0.0,296.8,0.9,82.0,74451.0
20100105:0200,9.96,82.4,0.0,-0.0,0.0,295.0,1.1,83.0,74495.0
20100105:0300,9.06,81.85,0.0,-0.0,0.0,290.8,1.17,86.0,74532.0
20100105:0400,8.64,79.05,0.0,-0.0,0.0,298.0,1.24,86.0,74517.0
20100105:0500,8.15,75.0,0.0,-0.0,0.0,292.8,1.38,88.0,74510.0
20100105:0600,8.11,70.05,0.0,-0.0,0.0,308.6,1.38,93.0,74473.0
20100105:0700,8.03,66.5,0.0,-0.0,0.0,300.6,1.38,92.0,74451.0
20100105:0800,7.67,64.95,0.0,-0.0,0.0,304.8,1.38,91.0,74444.0
20100105:0900,7.21,64.0,0.0,-0.0,0.0,297.4,1.45,90.0,74473.0
20100105:1000,7.11,62.35,0.0,-0.0,0.0,306.8,1.45,92.0,74503.0
20100105:1100,6.72,62.9,0.0,-0.0,0.0,293.4,1.66,94.0,74569.0
20100105:1200,7.31,66.75,166.0,565.78,53.0,291.0,1.45,96.0,74649.0
20100105:1300,11.51,58.9,423.0,819.31,77.0,292.8,1.03,98.0,74686.0
20100105:1400,14.52,42.8,660.0,928.4,90.0,304.6,0.62,127.0,74649.0
20100105:1500,16.58,37.3,846.0,980.79,99.0,309.2,0.34,152.0,74569.0
20100105:1600,17.91,36.0,964.0,1005.56,104.0,319.0,0.28,273.0,74503.0
20100105:1700,18.82,35.95,1005.0,1013.03,105.0,322.8,0.83,305.0,74437.0
20100105:1800,18.76,39.75,966.0,1003.59,104.0,330.6,1.31,308.0,74349.0
20100105:1900,18.39,45.65,526.0,143.09,416.0,334.8,1.03,301.0,74268.0
20100105:2000,18.08,46.7,414.0,158.65,315.0,333.8,0.97,316.0,74224.0
20100105:2100,17.17,53.8,439.0,837.54,75.0,339.2,1.24,310.0,74224.0
20100105:2200,15.9,62.8,112.0,107.76,89.0,322.4,1.17,294.0,74319.0
20100105:2300,14.4,72.2,0.0,-0.0,0.0,325.6,0.83,279.0,74407.0
20100106:0000,12.92,81.35,0.0,-0.0,0.0,310.8,0.28,296.0,74451.0
20100106:0100,11.58,91.0,0.0,-0.0,0.0,308.6,0.55,65.0,74525.0
20100106:0200,10.64,92.35,0.0,-0.0,0.0,309.8,0.83,75.0,74569.0
20100106:0300,10.07,92.2,0.0,-0.0,0.0,314.8,0.97,83.0,74620.0
20100106:0400,9.54,91.7,0.0,-0.0,0.0,313.8,1.03,90.0,74605.0
20100106:0500,9.17,90.65,0.0,-0.0,0.0,313.6,1.1,91.0,74598.0
20100106:0600,9.03,89.15,0.0,-0.0,0.0,319.2,1.1,90.0,74576.0
20100106:0700,9.3,84.9,0.0,-0.0,0.0,336.8,0.83,94.0,74532.0
20100106:0800,8.91,85.1,0.0,-0.0,0.0,319.8,1.03,93.0,74503.0
20100106:0900,8.83,84.35,0.0,-0.0,0.0,325.4,1.1,90.0,74503.0
20100106:1000,8.8,83.85,0.0,-0.0,0.0,330.2,1.1,88.0,74539.0
20100106:1100,8.49,85.1,0.0,-0.0,0.0,320.4,1.17,86.0,74583.0
20100106:1200,8.97,85.15,161.0,549.34,52.0,312.0,1.1,85.0,74635.0
20100106:1300,12.08,72.1,415.0,804.55,76.0,313.0,0.9,93.0,74671.0
20100106:1400,14.44,56.25,648.0,909.62,90.0,321.4,0.62,105.0,74627.0
20100106:1500,16.38,48.15,833.0,965.1,98.0,319.4,0.0,135.0,74554.0
20100106:1600,17.82,44.2,950.0,989.85,103.0,318.2,0.55,293.0,74444.0
20100106:1700,18.94,43.1,991.0,996.24,105.0,327.8,0.97,298.0,74319.0
20100106:1800,19.84,39.6,603.0,140.66,482.0,322.8,0.69,300.0,74239.0
20100106:1900,18.74,48.0,838.0,960.54,98.0,335.6,1.24,299.0,74180.0
20100106:2000,17.74,54.15,252.0,20.77,239.0,348.0,1.66,304.0,74180.0
20100106:2100,16.74,60.7,253.0,116.81,202.0,333.2,1.52,293.0,74180.0
20100106:2200,15.84,66.4,93.0,23.21,88.0,330.0,1.1,278.0,74283.0
20100106:2300,14.39,74.2,0.0,-0.0,0.0,317.4,0.69,261.0,74334.0
20100107:0000,13.11,81.15,0.0,-0.0,0.0,323.8,0.28,260.0,74400.0
20100107:0100,12.35,89.75,0.0,-0.0,0.0,331.05,0.34,60.0,74473.0
20100107:0200,11.35,92.0,0.0,-0.0,0.0,320.4,0.62,74.0,74547.0
20100107:0300,10.92,93.15,0.0,-0.0,0.0,327.4,0.69,83.0,74576.0
20100107:0400,10.76,92.65,0.0,-0.0,0.0,333.2,0.76,89.0,74598.0
20100107:0500,10.11,94.25,0.0,-0.0,0.0,317.4,0.97,89.0,74583.0
20100107:0600,10.32,92.05,0.0,-0.0,0.0,342.2,0.9,90.0,74547.0
20100107:0700,9.79,90.6,0.0,-0.0,0.0,325.0,0.9,90.0,74488.0
20100107:0800,9.67,90.15,0.0,-0.0,0.0,326.4,1.03,92.0,74444.0
20100107:0900,9.46,90.3,0.0,-0.0,0.0,323.2,1.1,93.0,74437.0
20100107:1000,9.47,89.85,0.0,-0.0,0.0,333.2,1.17,98.0,74437.0
20100107:1100,9.52,89.6,0.0,-0.0,0.0,337.6,1.17,93.0,74473.0
20100107:1200,10.02,89.6,12.0,0.0,12.0,328.2,1.1,95.0,74525.0
20100107:1300,12.39,80.65,155.0,14.27,149.0,340.8,1.1,111.0,74554.0
20100107:1400,14.88,65.45,643.0,903.79,89.0,340.8,0.83,140.0,74569.0
20100107:1500,16.92,54.65,828.0,958.52,98.0,356.8,1.1,117.0,74510.0
20100107:1600,18.79,47.25,947.0,985.77,103.0,337.8,0.62,108.0,74422.0
20100107:1700,19.45,45.15,602.0,116.81,498.0,356.4,0.48,29.0,74305.0
20100107:1800,19.27,46.95,953.0,986.51,103.0,349.8,0.9,346.0,74202.0
20100107:1900,19.7,43.95,840.0,961.01,98.0,355.8,0.76,16.0,74085.0
20100107:2000,19.06,48.65,220.0,12.74,212.0,350.2,1.24,358.0,74026.0
20100107:2100,17.67,57.05,434.0,818.42,75.0,353.6,1.38,346.0,74034.0
20100107:2200,16.46,65.05,187.0,639.22,48.0,348.4,1.03,346.0,74144.0
20100107:2300,15.05,74.45,0.0,-0.0,0.0,337.4,0.41,342.0,74217.0
20100108:0000,13.86,81.7,0.0,-0.0,0.0,336.0,0.41,82.0,74312.0
20100108:0100,12.72,87.25,0.0,-0.0,0.0,325.65,0.97,92.0,74371.0
20100108:0200,12.27,88.1,0.0,-0.0,0.0,338.4,1.1,91.0,74437.0
20100108:0300,11.98,88.25,0.0,-0.0,0.0,343.6,1.17,94.0,74437.0
20100108:0400,11.96,87.25,0.0,-0.0,0.0,355.2,1.17,90.0,74459.0
20100108:0500,11.72,87.15,0.0,-0.0,0.0,349.2,1.1,98.0,74466.0
20100108:0600,11.58,86.75,0.0,-0.0,0.0,353.0,1.03,97.0,74407.0
20100108:0700,11.28,87.35,0.0,-0.0,0.0,349.8,0.97,104.0,74385.0
20100108:0800,10.85,87.85,0.0,-0.0,0.0,336.2,1.1,98.0,74363.0
20100108:0900,10.95,86.1,0.0,-0.0,0.0,353.8,1.03,98.0,74371.0
20100108:1000,10.94,84.75,0.0,-0.0,0.0,356.2,1.1,98.0,74407.0
20100108:1100,10.8,84.55,0.0,-0.0,0.0,351.2,1.1,99.0,74466.0
20100108:1200,11.15,83.45,77.0,30.62,71.0,358.2,1.24,104.0,74525.0
20100108:1300,12.44,75.1,409.0,793.61,76.0,330.4,1.45,113.0,74539.0
20100108:1400,14.47,63.2,642.0,901.13,90.0,343.6,1.31,127.0,74510.0
20100108:1500,16.29,53.3,483.0,102.41,405.0,354.2,1.52,130.0,74422.0
20100108:1600,18.03,45.1,356.0,24.51,335.0,346.2,1.66,134.0,74297.0
20100108:1700,19.25,40.1,176.0,12.34,165.0,367.4,0.48,153.0,74195.0
20100108:1800,19.61,40.6,733.0,305.89,469.0,357.2,0.76,326.0,74070.0
20100108:1900,20.29,37.1,440.0,80.12,378.0,364.4,0.69,331.0,74034.0
20100108:2000,18.93,47.3,76.0,0.0,76.0,356.8,1.59,328.0,74041.0
20100108:2100,17.51,55.2,437.0,821.43,75.0,348.8,1.31,333.0,74070.0
20100108:2200,16.2,64.0,189.0,637.94,49.0,352.6,0.83,322.0,74166.0
20100108:2300,15.05,71.85,0.0,-0.0,0.0,346.2,0.34,325.0,74217.0
20100109:0000,13.75,80.25,0.0,-0.0,0.0,327.6,0.48,71.0,74305.0
20100109:0100,12.92,84.05,0.0,-0.0,0.0,331.65,0.9,82.0,74378.0
20100109:0200,12.34,85.7,0.0,-0.0,0.0,336.2,0.9,85.0,74429.0
20100109:0300,12.06,85.7,0.0,-0.0,0.0,343.8,0.9,85.0,74466.0
20100109:0400,12.0,85.05,0.0,-0.0,0.0,353.0,0.97,86.0,74481.0
20100109:0500,11.89,84.75,0.0,-0.0,0.0,354.0,0.97,84.0,74466.0
20100109:0600,11.73,84.8,0.0,-0.0,0.0,354.4,0.83,90.0,74422.0
20100109:0700,11.65,85.85,0.0,-0.0,0.0,354.2,0.69,88.0,74378.0
20100109:0800,11.31,87.05,0.0,-0.0,0.0,348.8,0.83,90.0,74356.0
20100109:0900,11.12,86.9,0.0,-0.0,0.0,351.6,0.9,92.0,74341.0
20100109:1000,10.83,87.8,0.0,-0.0,0.0,350.8,0.9,94.0,74363.0
20100109:1100,10.55,88.6,0.0,-0.0,0.0,339.2,0.97,97.0,74444.0
20100109:1200,10.81,87.85,54.0,0.0,54.0,341.8,0.97,97.0,74495.0
20100109:1300,12.2,81.45,401.0,764.08,81.0,358.8,0.9,106.0,74532.0
20100109:1400,14.44,66.4,634.0,878.79,96.0,343.2,0.62,126.0,74488.0
20100109:1500,16.56,55.55,819.0,935.96,106.0,339.6,0.41,160.0,74422.0
20100109:1600,18.21,46.65,328.0,20.99,310.0,353.4,0.69,133.0,74363.0
20100109:1700,20.0,40.55,297.0,19.05,280.0,350.6,0.28,152.0,74224.0
20100109:1800,20.47,39.85,642.0,178.14,488.0,345.4,0.41,306.0,74151.0
20100109:1900,19.7,43.8,301.0,20.63,285.0,346.6,0.55,318.0,74078.0
20100109:2000,18.3,53.9,182.0,7.91,177.0,347.0,1.1,323.0,74056.0
20100109:2100,17.44,59.65,89.0,0.0,89.0,348.0,0.97,332.0,74070.0
20100109:2200,16.28,66.95,28.0,0.0,28.0,344.2,0.97,333.0,74166.0
20100109:2300,14.94,74.35,0.0,-0.0,0.0,342.0,0.55,334.0,74261.0
20100110:0000,13.69,82.5,0.0,-0.0,0.0,321.2,0.21,10.0,74341.0
20100110:0100,12.63,90.55,0.0,-0.0,0.0,319.65,0.48,71.0,74422.0
20100110:0200,11.76,91.25,0.0,-0.0,0.0,321.2,0.76,76.0,74495.0
20100110:0300,11.05,92.45,0.0,-0.0,0.0,316.8,0.9,72.0,74510.0
20100110:0400,10.3,95.15,0.0,-0.0,0.0,312.8,1.03,73.0,74532.0
20100110:0500,9.72,95.45,0.0,-0.0,0.0,318.4,0.97,80.0,74539.0
20100110:0600,9.03,98.6,0.0,-0.0,0.0,316.8,0.97,86.0,74503.0
20100110:0700,8.97,95.3,0.0,-0.0,0.0,315.0,0.97,84.0,74444.0
20100110:0800,8.4,96.5,0.0,-0.0,0.0,307.2,1.17,89.0,74407.0
20100110:0900,8.14,98.8,0.0,-0.0,0.0,313.4,1.1,89.0,74393.0
20100110:1000,7.96,98.85,0.0,-0.0,0.0,312.4,1.17,88.0,74400.0
20100110:1100,7.86,98.7,0.0,-0.0,0.0,314.2,1.17,88.0,74451.0
20100110:1200,9.43,95.5,153.0,511.3,54.0,335.4,0.83,85.0,74525.0
20100110:1300,11.92,88.2,407.0,779.8,81.0,335.6,0.55,92.0,74569.0
20100110:1400,14.1,71.65,644.0,893.93,97.0,348.0,0.07,254.0,74591.0
20100110:1500,15.94,62.2,834.0,954.11,107.0,341.0,0.62,291.0,74561.0
20100110:1600,17.14,56.65,957.0,983.66,113.0,347.0,0.97,299.0,74503.0
20100110:1700,17.86,55.9,495.0,53.72,447.0,346.2,1.24,295.0,74429.0
20100110:1800,18.09,55.7,674.0,214.78,488.0,356.4,1.52,288.0,74327.0
20100110:1900,16.77,66.45,191.0,11.58,182.0,346.8,1.52,288.0,74246.0
20100110:2000,17.65,73.15,382.0,100.99,318.0,357.4,1.86,273.0,74232.0
20100110:2100,16.47,76.2,338.0,328.24,192.0,351.2,1.93,263.0,74217.0
20100110:2200,15.37,83.7,139.0,228.24,88.0,348.0,1.24,249.0,74290.0
20100110:2300,14.13,87.65,0.0,-0.0,0.0,360.0,1.31,248.0,74341.0
20100111:0000,13.28,91.5,0.0,-0.0,0.0,354.0,1.03,230.0,74415.0
20100111:0100,12.51,98.7,0.0,-0.0,0.0,351.45,0.62,197.0,74503.0
20100111:0200,12.34,98.95,0.0,-0.0,0.0,353.0,0.28,144.0,74561.0
20100111:0300,12.5,98.15,0.0,-0.0,0.0,367.2,0.21,76.0,74576.0
20100111:0400,12.12,98.05,0.0,-0.0,0.0,368.4,0.21,95.0,74583.0
20100111:0500,11.8,98.9,0.0,-0.0,0.0,364.6,0.28,126.0,74583.0
20100111:0600,11.68,99.3,0.0,-0.0,0.0,371.0,0.62,149.0,74547.0
20100111:0700,11.77,99.1,0.0,-0.0,0.0,374.6,0.14,11.0,74510.0
20100111:0800,12.22,98.75,0.0,-0.0,0.0,377.4,0.14,43.0,74473.0
20100111:0900,11.66,99.25,0.0,-0.0,0.0,359.6,0.21,27.0,74481.0
20100111:1000,11.68,97.85,0.0,-0.0,0.0,377.4,0.21,341.0,74510.0
20100111:1100,11.44,98.1,0.0,-0.0,0.0,362.6,0.21,344.0,74583.0
20100111:1200,11.65,96.5,87.0,67.52,74.0,371.4,0.21,32.0,74627.0
20100111:1300,12.58,91.3,275.0,194.08,194.0,368.0,0.55,66.0,74671.0
20100111:1400,14.0,76.2,650.0,902.46,98.0,332.6,0.0,172.0,74657.0
20100111:1500,15.79,64.4,709.0,447.38,368.0,344.4,0.55,271.0,74635.0
20100111:1600,16.77,58.3,837.0,426.21,471.0,356.8,1.03,275.0,74598.0
20100111:1700,17.18,57.25,807.0,384.5,463.0,346.2,1.38,274.0,74495.0
20100111:1800,16.98,59.3,795.0,410.35,439.0,344.8,1.52,278.0,74422.0
20100111:1900,17.96,55.1,698.0,427.34,365.0,364.2,1.59,283.0,74349.0
20100111:2000,17.01,62.8,405.0,127.41,324.0,346.6,1.66,279.0,74305.0
20100111:2100,16.52,68.8,253.0,102.94,207.0,343.6,1.45,273.0,74327.0
20100111:2200,14.51,77.7,156.0,337.11,80.0,337.6,0.83,275.0,74378.0
20100111:2300,13.82,81.15,0.0,-0.0,0.0,340.0,1.03,284.0,74473.0
20100112:0000,12.83,86.4,0.0,-0.0,0.0,327.2,0.69,289.0,74503.0
20100112:0100,11.64,95.25,0.0,-0.0,0.0,313.05,0.34,346.0,74569.0
20100112:0200,10.94,96.15,0.0,-0.0,0.0,319.8,0.69,74.0,74627.0
20100112:0300,9.92,98.75,0.0,-0.0,0.0,318.8,0.97,80.0,74679.0
20100112:0400,9.61,99.0,0.0,-0.0,0.0,321.4,1.03,86.0,74679.0
20100112:0500,9.46,98.9,0.0,-0.0,0.0,325.4,1.1,92.0,74671.0
20100112:0600,9.38,99.1,0.0,-0.0,0.0,336.8,1.03,94.0,74627.0
20100112:0700,9.51,99.25,0.0,-0.0,0.0,341.8,0.83,92.0,74583.0
20100112:0800,9.21,99.5,0.0,-0.0,0.0,329.0,1.03,91.0,74532.0
20100112:0900,8.85,98.7,0.0,-0.0,0.0,322.4,1.24,90.0,74525.0
20100112:1000,8.77,98.5,0.0,-0.0,0.0,329.6,1.31,88.0,74517.0
20100112:1100,8.88,97.95,0.0,-0.0,0.0,348.0,1.31,96.0,74583.0
20100112:1200,9.19,96.05,153.0,511.76,55.0,351.2,1.24,99.0,74613.0
20100112:1300,10.87,89.9,411.0,789.51,82.0,351.4,1.17,104.0,74664.0
20100112:1400,13.95,69.15,653.0,907.64,98.0,326.8,0.76,130.0,74657.0
20100112:1500,16.48,52.95,847.0,967.86,109.0,311.0,0.62,235.0,74569.0
20100112:1600,17.85,50.8,974.0,999.41,115.0,315.2,0.9,262.0,74495.0
20100112:1700,19.05,47.05,1022.0,1010.18,117.0,331.0,0.76,266.0,74393.0
20100112:1800,19.77,46.5,781.0,394.65,438.0,327.2,1.17,279.0,74283.0
20100112:1900,19.3,48.7,734.0,476.25,362.0,334.8,1.03,288.0,74224.0
20100112:2000,18.31,54.55,694.0,929.79,101.0,336.8,1.31,298.0,74188.0
20100112:2100,17.51,59.6,237.0,75.74,203.0,339.2,1.31,299.0,74239.0
20100112:2200,16.08,67.0,204.0,646.37,57.0,326.8,0.97,294.0,74349.0
20100112:2300,14.75,73.6,0.0,-0.0,0.0,332.4,0.69,292.0,74407.0
20100113:0000,13.66,80.2,0.0,-0.0,0.0,330.2,0.48,290.0,74481.0
20100113:0100,12.64,87.15,0.0,-0.0,0.0,325.65,0.21,2.0,74561.0
20100113:0200,11.21,93.7,0.0,-0.0,0.0,309.2,0.76,66.0,74598.0
20100113:0300,10.31,95.45,0.0,-0.0,0.0,307.2,1.03,73.0,74671.0
20100113:0400,9.35,98.4,0.0,-0.0,0.0,315.0,1.03,80.0,74649.0
20100113:0500,8.87,98.5,0.0,-0.0,0.0,311.4,1.1,85.0,74649.0
20100113:0600,8.54,98.7,0.0,-0.0,0.0,312.8,1.03,89.0,74613.0
20100113:0700,8.85,96.55,0.0,-0.0,0.0,330.2,0.97,92.0,74569.0
20100113:0800,8.27,97.85,0.0,-0.0,0.0,315.0,1.1,94.0,74547.0
20100113:0900,8.03,97.85,0.0,-0.0,0.0,314.6,1.17,97.0,74554.0
20100113:1000,8.01,97.5,0.0,-0.0,0.0,318.4,1.24,97.0,74569.0
20100113:1100,8.34,96.65,0.0,-0.0,0.0,334.8,1.24,94.0,74620.0
20100113:1200,8.75,96.4,76.0,36.74,69.0,309.2,1.17,92.0,74671.0
20100113:1300,11.6,85.9,418.0,805.05,83.0,322.8,0.83,98.0,74722.0
20100113:1400,14.35,65.65,659.0,916.02,99.0,336.0,0.48,140.0,74700.0
20100113:1500,15.99,56.15,850.0,971.35,109.0,329.8,0.28,198.0,74679.0
20100113:1600,17.78,46.8,974.0,998.45,115.0,340.4,0.28,164.0,74576.0
20100113:1700,18.45,43.8,1020.0,1006.54,117.0,343.2,0.48,280.0,74451.0
20100113:1800,18.98,44.7,984.0,997.99,115.0,338.6,0.9,294.0,74327.0
20100113:1900,19.11,47.55,870.0,970.65,110.0,355.8,0.76,313.0,74239.0
20100113:2000,18.06,54.15,688.0,919.02,100.0,340.0,1.24,310.0,74195.0
20100113:2100,16.82,61.25,455.0,820.41,85.0,342.8,1.1,306.0,74232.0
20100113:2200,15.54,69.15,201.0,627.74,57.0,331.0,0.76,287.0,74312.0
20100113:2300,13.96,79.25,0.0,-0.0,0.0,329.2,0.28,327.0,74385.0
20100114:0000,12.93,86.35,0.0,-0.0,0.0,323.4,0.55,66.0,74459.0
20100114:0100,11.99,88.7,0.0,-0.0,0.0,320.65,0.97,82.0,74525.0
20100114:0200,11.38,88.4,0.0,-0.0,0.0,326.8,1.1,82.0,74591.0
20100114:0300,10.66,88.15,0.0,-0.0,0.0,315.2,1.24,88.0,74627.0
20100114:0400,9.96,87.65,0.0,-0.0,0.0,308.2,1.31,90.0,74627.0
20100114:0500,9.56,86.8,0.0,-0.0,0.0,314.8,1.38,92.0,74583.0
20100114:0600,9.11,86.0,0.0,-0.0,0.0,310.6,1.45,91.0,74554.0
20100114:0700,9.1,84.3,0.0,-0.0,0.0,309.6,1.31,94.0,74510.0
20100114:0800,8.76,83.3,0.0,-0.0,0.0,311.2,1.38,92.0,74488.0
20100114:0900,8.35,82.65,0.0,-0.0,0.0,304.2,1.45,92.0,74503.0
20100114:1000,8.15,81.7,0.0,-0.0,0.0,308.0,1.52,92.0,74569.0
20100114:1100,7.87,82.35,0.0,-0.0,0.0,302.8,1.59,94.0,74591.0
20100114:1200,8.43,83.3,151.0,506.44,55.0,295.8,1.52,97.0,74664.0
20100114:1300,11.81,71.05,409.0,786.84,82.0,302.4,1.31,106.0,74693.0
20100114:1400,14.4,52.65,649.0,899.77,99.0,310.8,1.03,125.0,74671.0
20100114:1500,16.59,41.6,840.0,957.74,109.0,315.2,0.9,132.0,74547.0
20100114:1600,18.22,36.25,962.0,984.67,114.0,324.6,0.69,127.0,74481.0
20100114:1700,19.49,34.8,1007.0,991.73,116.0,322.0,0.34,125.0,74341.0
20100114:1800,20.27,33.85,539.0,83.68,466.0,323.4,0.21,328.0,74217.0
20100114:1900,20.52,33.4,495.0,100.65,416.0,326.6,0.48,327.0,74129.0
20100114:2000,19.92,37.25,679.0,902.06,100.0,329.2,1.31,329.0,74107.0
20100114:2100,18.37,46.75,449.0,803.43,85.0,323.4,1.24,331.0,74151.0
20100114:2200,16.67,56.0,87.0,0.0,87.0,321.2,0.97,313.0,74239.0
20100114:2300,14.9,66.5,0.0,-0.0,0.0,321.4,0.34,305.0,74341.0
20100115:0000,13.56,74.55,0.0,-0.0,0.0,317.2,0.41,85.0,74429.0
20100115:0100,12.21,79.5,0.0,-0.0,0.0,315.05,0.97,94.0,74495.0
20100115:0200,11.4,81.0,0.0,-0.0,0.0,318.0,1.1,93.0,74554.0
20100115:0300,10.86,80.8,0.0,-0.0,0.0,320.8,1.1,93.0,74583.0
20100115:0400,10.52,79.6,0.0,-0.0,0.0,325.8,1.17,91.0,74620.0
20100115:0500,9.93,79.55,0.0,-0.0,0.0,315.4,1.24,94.0,74605.0
20100115:0600,9.46,78.95,0.0,-0.0,0.0,312.4,1.31,95.0,74583.0
20100115:0700,9.26,78.4,0.0,-0.0,0.0,317.0,1.31,93.0,74554.0
20100115:0800,8.98,77.9,0.0,-0.0,0.0,316.8,1.38,92.0,74539.0
20100115:0900,8.83,76.9,0.0,-0.0,0.0,318.6,1.45,92.0,74525.0
20100115:1000,8.77,75.85,0.0,-0.0,0.0,320.0,1.45,91.0,74547.0
20100115:1100,8.72,76.05,0.0,-0.0,0.0,322.8,1.45,89.0,74598.0
20100115:1200,9.1,77.75,145.0,487.64,53.0,309.8,1.38,89.0,74679.0
20100115:1300,12.31,69.3,398.0,763.66,81.0,311.0,1.24,98.0,74700.0
20100115:1400,15.03,54.5,635.0,878.53,98.0,321.2,1.24,117.0,74664.0
20100115:1500,17.09,47.25,824.0,937.52,108.0,329.6,1.24,122.0,74583.0
20100115:1600,19.19,40.95,591.0,126.43,482.0,327.6,1.31,129.0,74503.0
20100115:1700,20.35,37.05,469.0,43.34,430.0,337.0,0.07,350.0,74378.0
20100115:1800,20.85,37.2,756.0,330.63,467.0,348.0,0.97,330.0,74283.0
20100115:1900,20.25,38.5,437.0,61.01,389.0,357.8,0.48,350.0,74188.0
20100115:2000,19.81,41.5,254.0,20.19,241.0,354.0,1.59,327.0,74173.0
20100115:2100,18.22,51.0,59.0,0.0,59.0,358.6,1.52,316.0,74180.0
20100115:2200,16.86,57.35,199.0,604.38,58.0,352.6,0.97,306.0,74254.0
20100115:2300,15.33,65.3,0.0,-0.0,0.0,342.4,0.34,315.0,74319.0
20100116:0000,14.13,72.45,0.0,-0.0,0.0,334.4,0.62,78.0,74415.0
20100116:0100,13.13,79.05,0.0,-0.0,0.0,333.85,1.03,87.0,74488.0
20100116:0200,12.51,82.4,0.0,-0.0,0.0,337.0,1.17,91.0,74547.0
20100116:0300,12.26,83.35,0.0,-0.0,0.0,347.6,1.17,93.0,74561.0
20100116:0400,11.96,84.65,0.0,-0.0,0.0,345.0,1.17,96.0,74598.0
20100116:0500,11.87,84.5,0.0,-0.0,0.0,353.6,1.1,96.0,74569.0
20100116:0600,11.49,85.8,0.0,-0.0,0.0,345.4,1.03,96.0,74576.0
20100116:0700,11.3,87.45,0.0,-0.0,0.0,349.8,0.9,94.0,74547.0
20100116:0800,10.74,89.7,0.0,-0.0,0.0,330.2,0.97,92.0,74532.0
20100116:0900,10.49,90.25,0.0,-0.0,0.0,335.0,1.1,95.0,74525.0
20100116:1000,10.35,90.05,0.0,-0.0,0.0,337.6,1.1,95.0,74547.0
20100116:1100,10.06,90.85,0.0,-0.0,0.0,330.6,1.17,95.0,74569.0
20100116:1200,10.68,87.4,32.0,0.0,32.0,339.0,1.38,98.0,74627.0
20100116:1300,12.62,78.0,111.0,0.0,111.0,349.6,1.31,109.0,74686.0
20100116:1400,14.89,63.5,191.0,13.09,183.0,351.2,1.72,121.0,74642.0
20100116:1500,17.12,52.15,376.0,39.26,346.0,347.0,2.0,120.0,74554.0
20100116:1600,18.71,45.6,507.0,68.36,448.0,371.2,1.45,121.0,74473.0
20100116:1700,19.82,41.5,994.0,974.31,116.0,371.4,0.62,91.0,74349.0
20100116:1800,20.56,39.8,329.0,21.69,310.0,365.6,1.03,344.0,74239.0
20100116:1900,19.91,43.1,348.0,27.89,326.0,362.6,0.69,4.0,74129.0
20100116:2000,20.25,42.35,462.0,198.15,334.0,358.0,1.1,2.0,74078.0
20100116:2100,19.21,49.2,280.0,142.17,215.0,367.2,1.38,348.0,74092.0
20100116:2200,17.63,58.75,92.0,0.0,92.0,360.2,0.97,344.0,74173.0
20100116:2300,16.09,69.05,0.0,-0.0,0.0,359.0,0.48,357.0,74276.0
20100117:0000,14.72,76.75,0.0,-0.0,0.0,341.0,0.76,74.0,74393.0
20100117:0100,13.82,81.4,0.0,-0.0,0.0,344.85,1.03,92.0,74481.0
20100117:0200,13.45,82.45,0.0,-0.0,0.0,354.6,1.17,95.0,74554.0
20100117:0300,13.2,82.2,0.0,-0.0,0.0,360.4,1.24,98.0,74613.0
20100117:0400,13.11,81.75,0.0,-0.0,0.0,369.0,1.17,101.0,74635.0
20100117:0500,12.91,81.9,0.0,-0.0,0.0,366.2,0.97,104.0,74627.0
20100117:0600,12.57,82.95,0.0,-0.0,0.0,361.6,0.9,100.0,74613.0
20100117:0700,12.31,82.05,0.0,-0.0,0.0,358.4,0.83,98.0,74576.0
20100117:0800,12.06,82.15,0.0,-0.0,0.0,357.2,0.9,98.0,74532.0
20100117:0900,12.01,81.05,0.0,-0.0,0.0,362.4,0.9,100.0,74547.0
20100117:1000,11.85,80.5,0.0,-0.0,0.0,361.2,0.97,104.0,74569.0
20100117:1100,11.6,80.8,0.0,-0.0,0.0,356.8,1.1,100.0,74591.0
20100117:1200,11.65,81.05,144.0,486.57,53.0,341.6,1.17,100.0,74679.0
20100117:1300,13.3,70.85,398.0,762.73,82.0,351.8,1.52,105.0,74686.0
20100117:1400,14.66,61.7,637.0,881.63,98.0,346.0,1.38,114.0,74657.0
20100117:1500,16.49,53.2,828.0,940.12,109.0,360.2,1.31,120.0,74591.0
20100117:1600,18.18,45.65,469.0,50.92,425.0,363.0,1.45,116.0,74481.0
20100117:1700,19.57,40.1,554.0,78.66,483.0,370.4,1.31,114.0,74385.0
20100117:1800,20.3,37.65,746.0,303.12,480.0,368.6,0.41,84.0,74276.0
20100117:1900,19.88,38.25,583.0,188.43,434.0,370.2,0.69,358.0,74202.0
20100117:2000,19.72,40.0,682.0,896.52,101.0,371.6,1.03,5.0,74144.0
20100117:2100,18.84,45.1,454.0,801.33,86.0,365.4,1.03,352.0,74129.0
20100117:2200,17.53,52.8,204.0,611.44,59.0,353.4,0.83,348.0,74195.0
20100117:2300,16.06,63.95,0.0,-0.0,0.0,352.8,0.48,346.0,74297.0
20100118:0000,14.92,72.25,0.0,-0.0,0.0,348.2,0.62,75.0,74407.0
20100118:0100,13.88,78.0,0.0,-0.0,0.0,336.65,1.03,87.0,74503.0
20100118:0200,13.44,78.85,0.0,-0.0,0.0,347.0,1.24,93.0,74561.0
20100118:0300,12.78,79.95,0.0,-0.0,0.0,337.6,1.31,95.0,74642.0
20100118:0400,12.96,77.55,0.0,-0.0,0.0,368.0,1.17,96.0,74635.0
20100118:0500,12.72,77.35,0.0,-0.0,0.0,360.8,1.24,96.0,74657.0
20100118:0600,12.68,76.35,0.0,-0.0,0.0,367.0,1.17,95.0,74605.0
20100118:0700,12.11,78.3,0.0,-0.0,0.0,357.2,0.97,102.0,74583.0
20100118:0800,12.06,77.3,0.0,-0.0,0.0,365.6,0.9,108.0,74554.0
20100118:0900,12.09,77.05,0.0,-0.0,0.0,366.8,0.97,107.0,74561.0
20100118:1000,11.94,77.45,0.0,-0.0,0.0,362.4,1.03,107.0,74613.0
20100118:1100,11.68,78.3,0.0,-0.0,0.0,356.4,1.1,103.0,74642.0
20100118:1200,11.8,78.1,143.0,483.14,53.0,352.8,1.24,104.0,74715.0
20100118:1300,12.78,71.25,396.0,758.48,82.0,367.4,1.38,111.0,74737.0
20100118:1400,14.65,59.55,635.0,876.51,99.0,346.6,1.03,128.0,74700.0
20100118:1500,16.59,50.85,827.0,938.06,109.0,337.0,0.62,156.0,74591.0
20100118:1600,18.18,45.7,239.0,17.34,224.0,348.0,0.41,148.0,74503.0
20100118:1700,19.83,39.85,450.0,48.67,406.0,338.0,0.55,128.0,74334.0
20100118:1800,20.92,35.75,970.0,971.21,116.0,349.2,0.0,50.0,74217.0
20100118:1900,20.46,39.05,861.0,946.11,111.0,365.6,1.45,327.0,74158.0
20100118:2000,19.15,45.7,390.0,98.44,326.0,356.4,1.59,339.0,74195.0
20100118:2100,17.78,54.15,217.0,43.36,197.0,369.0,1.17,332.0,74188.0
20100118:2200,16.89,59.7,102.0,20.92,97.0,345.6,0.69,347.0,74254.0
20100118:2300,15.77,66.55,0.0,-0.0,0.0,349.6,0.41,3.0,74327.0
20100119:0000,14.58,74.65,0.0,-0.0,0.0,335.0,0.55,45.0,74371.0
20100119:0100,13.75,79.25,0.0,-0.0,0.0,340.05,0.9,77.0,74444.0
20100119:0200,13.18,80.65,0.0,-0.0,0.0,341.4,1.17,86.0,74532.0
20100119:0300,12.61,81.55,0.0,-0.0,0.0,336.6,1.17,84.0,74569.0
20100119:0400,12.27,81.95,0.0,-0.0,0.0,342.0,1.03,82.0,74561.0
20100119:0500,11.87,83.0,0.0,-0.0,0.0,339.0,0.97,86.0,74569.0
20100119:0600,11.48,83.85,0.0,-0.0,0.0,335.4,0.97,90.0,74547.0
20100119:0700,11.3,82.95,0.0,-0.0,0.0,337.8,0.97,95.0,74510.0
20100119:0800,11.35,81.8,0.0,-0.0,0.0,347.0,0.9,105.0,74495.0
20100119:0900,11.13,81.55,0.0,-0.0,0.0,340.4,0.97,104.0,74481.0
20100119:1000,10.65,82.8,0.0,-0.0,0.0,326.4,1.1,101.0,74517.0
20100119:1100,10.49,83.1,0.0,-0.0,0.0,330.8,1.17,100.0,74547.0
20100119:1200,10.83,83.45,81.0,59.27,70.0,322.0,1.1,101.0,74598.0
20100119:1300,13.34,71.55,225.0,91.85,187.0,339.8,1.17,110.0,74642.0
20100119:1400,15.62,56.6,157.0,8.17,152.0,331.0,1.03,124.0,74627.0
20100119:1500,17.4,48.35,526.0,140.98,418.0,341.0,1.59,119.0,74569.0
20100119:1600,19.11,41.45,232.0,16.16,218.0,350.0,1.45,115.0,74422.0
20100119:1700,20.66,36.35,375.0,25.4,352.0,355.4,0.83,79.0,74305.0
20100119:1800,21.21,35.2,337.0,21.56,318.0,365.0,1.1,2.0,74151.0
20100119:1900,21.36,33.75,193.0,11.32,184.0,346.8,0.9,4.0,74056.0
20100119:2000,19.69,43.5,494.0,246.85,333.0,349.4,1.66,330.0,74056.0
20100119:2100,18.07,52.3,286.0,144.61,219.0,359.4,1.38,340.0,74078.0
20100119:2200,17.0,58.75,207.0,610.17,60.0,343.0,0.83,329.0,74158.0
20100119:2300,15.59,67.75,0.0,0.0,0.0,345.0,0.55,306.0,74232.0
20100120:0000,14.44,76.75,0.0,-0.0,0.0,329.0,0.28,25.0,74319.0
20100120:0100,13.41,82.8,0.0,-0.0,0.0,328.65,0.83,84.0,74400.0
20100120:0200,12.61,85.3,0.0,-0.0,0.0,328.4,1.03,88.0,74429.0
20100120:0300,12.64,83.35,0.0,-0.0,0.0,349.6,1.03,86.0,74466.0
20100120:0400,11.95,85.4,0.0,-0.0,0.0,331.2,1.1,88.0,74473.0
20100120:0500,11.51,86.5,0.0,-0.0,0.0,332.0,1.1,90.0,74466.0
20100120:0600,11.04,87.6,0.0,-0.0,0.0,325.6,1.03,92.0,74459.0
20100120:0700,10.46,90.25,0.0,-0.0,0.0,322.2,1.03,93.0,74407.0
20100120:0800,10.27,90.15,0.0,-0.0,0.0,327.6,1.17,93.0,74385.0
20100120:0900,9.68,91.5,0.0,-0.0,0.0,306.6,1.31,94.0,74393.0
20100120:1000,9.65,90.9,0.0,-0.0,0.0,333.4,1.38,96.0,74429.0
20100120:1100,9.59,90.75,0.0,-0.0,0.0,336.2,1.45,97.0,74466.0
20100120:1200,9.9,89.45,144.0,486.61,54.0,326.6,1.52,99.0,74503.0
20100120:1300,11.97,79.3,401.0,766.61,84.0,336.0,1.45,108.0,74547.0
20100120:1400,14.52,62.75,642.0,885.67,100.0,319.0,1.24,124.0,74495.0
20100120:1500,16.87,49.65,835.0,944.19,111.0,324.2,1.31,126.0,74393.0
20100120:1600,18.91,40.45,961.0,972.97,117.0,331.4,1.72,123.0,74283.0
20100120:1700,20.44,35.4,1010.0,982.29,119.0,347.0,1.38,130.0,74136.0
20100120:1800,21.48,32.5,979.0,975.15,118.0,340.8,1.1,115.0,74048.0
20100120:1900,21.35,33.9,869.0,948.89,113.0,350.0,0.76,349.0,73975.0
20100120:2000,20.49,39.35,690.0,897.15,103.0,348.8,1.52,344.0,73916.0
20100120:2100,18.59,49.25,461.0,801.55,88.0,360.0,1.31,0.0,73946.0
20100120:2200,17.3,55.2,209.0,609.63,61.0,339.2,1.03,12.0,74063.0
20100120:2300,16.05,62.85,0.0,0.0,0.0,341.8,0.55,22.0,74144.0
20100121:0000,14.95,69.35,0.0,-0.0,0.0,337.4,0.83,82.0,74217.0
20100121:0100,14.05,72.95,0.0,-0.0,0.0,341.45,1.1,90.0,74283.0
20100121:0200,13.13,75.4,0.0,-0.0,0.0,331.4,1.17,89.0,74349.0
20100121:0300,12.31,76.95,0.0,-0.0,0.0,324.6,1.31,89.0,74378.0
20100121:0400,11.71,77.35,0.0,-0.0,0.0,324.2,1.38,88.0,74400.0
20100121:0500,11.34,76.85,0.0,-0.0,0.0,327.2,1.38,92.0,74407.0
20100121:0600,11.02,76.4,0.0,-0.0,0.0,326.6,1.38,99.0,74393.0
20100121:0700,11.31,74.7,0.0,-0.0,0.0,345.0,1.17,104.0,74349.0
20100121:0800,11.05,74.5,0.0,-0.0,0.0,339.6,1.24,103.0,74305.0
20100121:0900,10.83,74.75,0.0,-0.0,0.0,336.8,1.31,102.0,74327.0
20100121:1000,10.34,76.7,0.0,-0.0,0.0,322.6,1.38,99.0,74385.0
20100121:1100,10.05,78.65,0.0,-0.0,0.0,323.8,1.38,100.0,74451.0
20100121:1200,10.44,79.4,142.0,477.31,54.0,319.4,1.38,100.0,74525.0
20100121:1300,12.92,66.6,400.0,764.47,84.0,330.8,1.45,108.0,74547.0
20100121:1400,15.08,50.35,642.0,883.59,101.0,318.2,1.38,117.0,74525.0
20100121:1500,17.03,42.6,835.0,941.94,112.0,325.0,1.52,119.0,74415.0
20100121:1600,18.88,38.3,961.0,970.48,118.0,330.6,1.38,119.0,74319.0
20100121:1700,20.6,34.75,1009.0,978.4,120.0,340.2,0.9,129.0,74173.0
20100121:1800,21.2,33.4,978.0,970.86,119.0,339.4,0.14,231.0,74078.0
20100121:1900,21.7,31.9,423.0,50.08,383.0,346.0,0.62,91.0,73990.0
20100121:2000,21.5,32.2,296.0,31.99,275.0,342.0,1.03,8.0,73946.0
20100121:2100,20.45,36.5,461.0,795.96,89.0,350.6,1.38,353.0,73960.0
20100121:2200,18.77,44.75,209.0,600.98,62.0,341.2,1.1,348.0,74100.0
20100121:2300,16.85,55.9,0.0,0.0,0.0,327.0,0.55,359.0,74188.0
20100122:0000,15.26,64.15,0.0,-0.0,0.0,322.2,1.03,78.0,74297.0
20100122:0100,13.7,70.85,0.0,-0.0,0.0,318.05,1.31,91.0,74371.0
20100122:0200,13.08,71.55,0.0,-0.0,0.0,328.6,1.45,93.0,74473.0
20100122:0300,12.68,70.65,0.0,-0.0,0.0,337.2,1.52,90.0,74510.0
20100122:0400,12.23,70.45,0.0,-0.0,0.0,335.4,1.45,90.0,74539.0
20100122:0500,11.69,71.45,0.0,-0.0,0.0,331.2,1.31,90.0,74532.0
20100122:0600,11.18,73.1,0.0,-0.0,0.0,329.4,1.1,90.0,74503.0
20100122:0700,11.2,71.35,0.0,-0.0,0.0,334.4,1.17,109.0,74437.0
20100122:0800,11.06,71.75,0.0,-0.0,0.0,336.8,1.31,104.0,74378.0
20100122:0900,10.69,73.8,0.0,-0.0,0.0,328.2,1.24,103.0,74400.0
20100122:1000,10.33,75.8,0.0,-0.0,0.0,323.8,1.24,102.0,74459.0
20100122:1100,10.27,77.05,0.0,-0.0,0.0,331.4,1.24,100.0,74525.0
20100122:1200,10.79,77.5,125.0,348.13,61.0,330.4,1.1,98.0,74583.0
20100122:1300,13.31,67.1,355.0,529.94,136.0,329.6,1.03,107.0,74620.0
20100122:1400,15.53,52.55,553.0,494.59,250.0,339.6,0.97,121.0,74605.0
20100122:1500,16.72,47.9,736.0,465.92,378.0,355.6,0.9,123.0,74495.0
20100122:1600,18.33,42.9,819.0,398.91,472.0,363.4,0.48,178.0,74407.0
20100122:1700,19.6,39.3,877.0,390.02,522.0,365.8,0.76,219.0,74305.0
20100122:1800,20.19,38.3,744.0,286.47,490.0,353.6,0.97,270.0,74188.0
20100122:1900,20.54,38.95,577.0,169.84,441.0,349.6,1.31,280.0,74107.0
20100122:2000,19.51,44.95,494.0,236.92,338.0,358.2,1.31,298.0,74070.0
20100122:2100,18.2,53.7,370.0,364.33,199.0,348.4,1.17,282.0,74107.0
20100122:2200,17.04,59.95,170.0,320.61,91.0,366.4,0.97,272.0,74224.0
20100122:2300,15.77,66.75,0.0,0.0,0.0,360.2,0.62,278.0,74268.0
20100123:0000,14.82,73.9,0.0,-0.0,0.0,348.0,0.34,321.0,74349.0
20100123:0100,14.24,79.95,0.0,-0.0,0.0,349.85,0.48,24.0,74437.0
20100123:0200,13.58,83.7,0.0,-0.0,0.0,347.8,0.69,60.0,74503.0
20100123:0300,12.79,87.75,0.0,-0.0,0.0,346.6,0.76,66.0,74554.0
20100123:0400,11.74,94.45,0.0,-0.0,0.0,339.8,0.97,69.0,74583.0
20100123:0500,11.52,98.35,0.0,-0.0,0.0,354.6,0.83,73.0,74576.0
20100123:0600,11.29,98.65,0.0,-0.0,0.0,359.8,0.76,74.0,74561.0
20100123:0700,11.5,94.0,0.0,-0.0,0.0,358.8,0.83,77.0,74488.0
20100123:0800,11.17,96.0,0.0,-0.0,0.0,349.0,0.62,80.0,74429.0
20100123:0900,11.51,94.55,0.0,-0.0,0.0,366.4,0.69,86.0,74422.0
20100123:1000,11.24,95.75,0.0,-0.0,0.0,353.8,0.55,94.0,74444.0
20100123:1100,11.38,95.55,0.0,-0.0,0.0,367.4,0.41,125.0,74488.0
20100123:1200,11.68,94.1,138.0,458.11,54.0,373.6,0.48,120.0,74569.0
20100123:1300,12.2,90.65,390.0,740.54,84.0,374.2,0.48,112.0,74613.0
20100123:1400,13.55,78.8,629.0,859.64,102.0,369.0,0.28,188.0,74642.0
20100123:1500,14.5,70.75,822.0,921.68,113.0,369.4,0.69,255.0,74613.0
20100123:1600,15.32,67.25,949.0,952.76,119.0,368.4,0.76,274.0,74554.0
20100123:1700,16.91,57.8,765.0,278.56,511.0,359.8,0.83,285.0,74444.0
20100123:1800,17.97,52.75,655.0,225.09,455.0,358.2,1.03,283.0,74334.0
20100123:1900,17.1,64.65,42.0,0.0,42.0,366.2,1.59,278.0,74210.0
20100123:2000,16.85,67.4,120.0,0.0,120.0,376.0,1.72,276.0,74158.0
20100123:2100,16.22,71.4,9.0,0.0,9.0,371.8,1.66,277.0,74122.0
20100123:2200,14.89,77.9,4.0,0.0,4.0,364.4,1.17,279.0,74210.0
20100123:2300,13.92,84.35,0.0,0.0,0.0,360.0,1.1,294.0,74312.0
20100124:0000,13.17,90.05,0.0,-0.0,0.0,351.8,0.48,317.0,74400.0
20100124:0100,12.56,91.65,0.0,-0.0,0.0,344.45,0.21,332.0,74451.0
20100124:0200,12.0,98.55,0.0,-0.0,0.0,345.8,0.34,33.0,74525.0
20100124:0300,11.78,96.55,0.0,-0.0,0.0,346.4,0.76,79.0,74532.0
20100124:0400,11.41,94.5,0.0,-0.0,0.0,353.0,0.69,75.0,74547.0
20100124:0500,11.31,95.75,0.0,-0.0,0.0,353.0,0.69,81.0,74495.0
20100124:0600,11.42,96.75,0.0,-0.0,0.0,363.0,0.48,88.0,74481.0
20100124:0700,11.51,97.1,0.0,-0.0,0.0,364.2,0.34,102.0,74422.0
20100124:0800,11.6,96.75,0.0,-0.0,0.0,368.6,0.21,94.0,74393.0
20100124:0900,11.61,97.0,0.0,-0.0,0.0,372.2,0.07,47.0,74378.0
20100124:1000,11.65,96.95,0.0,-0.0,0.0,368.8,0.34,74.0,74393.0
20100124:1100,11.6,96.9,0.0,-0.0,0.0,365.0,0.34,85.0,74422.0
20100124:1200,11.94,94.55,137.0,453.7,54.0,360.8,0.55,87.0,74466.0
20100124:1300,12.96,90.45,389.0,735.67,85.0,374.2,0.48,98.0,74495.0
20100124:1400,14.22,85.8,628.0,855.73,103.0,356.4,0.34,236.0,74488.0
20100124:1500,15.05,85.7,573.0,194.77,423.0,368.8,0.69,240.0,74466.0
20100124:1600,16.95,83.35,794.0,390.84,453.0,377.0,1.03,253.0,74422.0
20100124:1700,16.28,76.85,837.0,382.05,488.0,383.0,1.17,272.0,74349.0
20100124:1800,17.76,81.95,759.0,290.87,500.0,379.2,0.9,275.0,74224.0
20100124:1900,17.73,72.75,176.0,11.18,167.0,362.6,1.52,277.0,74122.0
20100124:2000,15.75,75.95,289.0,27.17,271.0,365.0,1.31,261.0,74151.0
20100124:2100,15.45,83.15,262.0,90.85,219.0,362.6,0.97,235.0,74100.0
20100124:2200,15.24,84.4,79.0,0.0,79.0,364.2,0.41,285.0,74122.0
20100124:2300,13.29,85.35,0.0,0.0,0.0,339.4,0.34,326.0,74224.0
20100125:0000,12.97,92.2,0.0,-0.0,0.0,372.8,0.21,88.0,74305.0
20100125:0100,12.56,92.4,0.0,-0.0,0.0,376.45,0.76,91.0,74341.0
20100125:0200,12.5,93.55,0.0,-0.0,0.0,368.6,0.83,87.0,74422.0
20100125:0300,12.28,94.45,0.0,-0.0,0.0,358.0,0.69,88.0,74459.0
20100125:0400,12.22,94.75,0.0,-0.0,0.0,364.0,0.62,87.0,74481.0
20100125:0500,12.15,95.15,0.0,-0.0,0.0,370.4,0.69,90.0,74466.0
20100125:0600,11.87,96.2,0.0,-0.0,0.0,361.2,0.69,91.0,74437.0
20100125:0700,11.91,95.5,0.0,-0.0,0.0,364.6,0.62,84.0,74349.0
20100125:0800,11.78,95.75,0.0,-0.0,0.0,359.6,0.48,76.0,74312.0
20100125:0900,11.56,96.2,0.0,-0.0,0.0,355.2,0.62,82.0,74319.0
20100125:1000,11.63,95.95,0.0,-0.0,0.0,365.0,0.83,91.0,74341.0
20100125:1100,11.34,96.45,0.0,-0.0,0.0,352.2,0.97,85.0,74385.0
20100125:1200,11.61,95.8,106.0,202.66,69.0,348.0,0.76,83.0,74488.0
20100125:1300,13.21,83.7,366.0,587.96,123.0,333.2,0.76,121.0,74532.0
20100125:1400,14.84,71.35,629.0,845.23,110.0,341.6,0.76,158.0,74532.0
20100125:1500,16.32,61.1,824.0,910.37,122.0,344.0,0.55,177.0,74459.0
20100125:1600,17.64,54.55,791.0,387.95,452.0,348.6,0.55,237.0,74371.0
20100125:1700,18.21,52.7,817.0,369.33,479.0,352.2,0.69,263.0,74283.0
20100125:1800,18.46,52.95,975.0,945.83,131.0,361.0,1.03,278.0,74246.0
20100125:1900,18.2,56.8,691.0,325.95,428.0,360.2,2.0,279.0,74173.0
20100125:2000,17.74,59.05,528.0,293.41,333.0,358.6,1.79,268.0,74144.0
20100125:2100,16.75,66.2,388.0,408.22,194.0,344.4,1.52,258.0,74122.0
20100125:2200,16.06,71.2,210.0,556.3,70.0,350.2,1.1,255.0,74224.0
20100125:2300,14.97,79.75,0.0,0.0,0.0,344.2,0.76,257.0,74224.0
20100126:0000,13.93,84.85,0.0,-0.0,0.0,359.2,0.62,236.0,74319.0
20100126:0100,13.2,90.15,0.0,-0.0,0.0,367.05,0.41,176.0,74415.0
20100126:0200,12.94,96.5,0.0,-0.0,0.0,373.0,0.28,136.0,74517.0
20100126:0300,12.54,98.65,0.0,-0.0,0.0,372.2,0.34,27.0,74561.0
20100126:0400,12.86,96.5,0.0,-0.0,0.0,374.8,0.41,348.0,74554.0
20100126:0500,12.34,97.7,0.0,-0.0,0.0,383.0,0.55,346.0,74539.0
20100126:0600,12.22,97.05,0.0,-0.0,0.0,382.4,0.48,355.0,74481.0
20100126:0700,11.83,96.6,0.0,-0.0,0.0,372.8,0.34,84.0,74451.0
20100126:0800,11.72,96.35,0.0,-0.0,0.0,361.4,0.48,92.0,74415.0
20100126:0900,11.66,96.45,0.0,-0.0,0.0,364.0,0.62,97.0,74393.0
20100126:1000,11.31,96.5,0.0,-0.0,0.0,349.8,0.69,93.0,74400.0
20100126:1100,11.17,96.55,0.0,-0.0,0.0,352.6,0.62,92.0,74407.0
20100126:1200,11.91,94.75,133.0,422.46,56.0,366.4,0.48,97.0,74488.0
20100126:1300,12.95,85.45,384.0,708.73,91.0,365.6,0.62,138.0,74561.0
20100126:1400,14.23,76.05,216.0,16.27,206.0,358.0,0.76,160.0,74547.0
20100126:1500,16.2,63.0,178.0,11.66,169.0,343.4,0.55,193.0,74473.0
20100126:1600,17.67,56.5,606.0,130.25,492.0,360.0,0.9,268.0,74407.0
20100126:1700,17.32,60.35,391.0,25.09,368.0,359.2,1.38,283.0,74312.0
20100126:1800,17.13,61.65,405.0,40.26,369.0,356.4,1.66,283.0,74276.0
20100126:1900,16.5,66.05,511.0,98.9,431.0,374.4,0.76,262.0,74173.0
20100126:2000,16.97,64.5,448.0,153.01,346.0,360.8,1.17,284.0,74114.0
20100126:2100,14.97,74.65,23.0,0.0,23.0,361.0,1.03,274.0,74173.0
20100126:2200,14.61,78.5,210.0,548.64,71.0,369.0,0.97,266.0,74246.0
20100126:2300,13.95,82.8,0.0,0.0,0.0,350.2,0.76,255.0,74305.0
20100127:0000,13.21,88.75,0.0,-0.0,0.0,366.0,0.48,237.0,74371.0
20100127:0100,12.76,92.75,0.0,-0.0,0.0,358.65,0.14,210.0,74451.0
20100127:0200,12.62,93.85,0.0,-0.0,0.0,354.8,0.9,106.0,74481.0
20100127:0300,12.47,94.75,0.0,-0.0,0.0,359.8,0.83,101.0,74510.0
20100127:0400,12.17,98.05,0.0,-0.0,0.0,363.4,0.62,87.0,74525.0
20100127:0500,11.99,98.25,0.0,-0.0,0.0,367.4,0.48,76.0,74495.0
20100127:0600,11.81,97.4,0.0,-0.0,0.0,366.4,0.55,85.0,74451.0
20100127:0700,11.88,97.2,0.0,-0.0,0.0,374.4,0.62,82.0,74393.0
20100127:0800,11.91,96.8,0.0,-0.0,0.0,375.2,0.62,87.0,74363.0
20100127:0900,11.77,97.0,0.0,-0.0,0.0,367.2,0.62,92.0,74356.0
20100127:1000,11.73,97.0,0.0,-0.0,0.0,372.4,0.48,72.0,74415.0
20100127:1100,11.75,96.55,0.0,-0.0,0.0,378.6,0.76,79.0,74444.0
20100127:1200,11.93,95.3,136.0,456.02,53.0,380.4,0.69,92.0,74495.0
20100127:1300,12.45,91.5,390.0,739.86,84.0,375.2,0.9,111.0,74569.0
20100127:1400,13.36,84.7,631.0,859.85,102.0,369.2,0.97,124.0,74576.0
20100127:1500,14.08,81.7,827.0,923.49,113.0,361.4,0.55,149.0,74539.0
20100127:1600,15.45,70.35,956.0,953.65,120.0,369.8,0.34,180.0,74481.0
20100127:1700,16.73,62.35,1009.0,965.6,122.0,372.4,0.41,239.0,74356.0
20100127:1800,16.96,63.15,346.0,22.32,326.0,379.0,0.83,260.0,74210.0
20100127:1900,18.39,54.15,286.0,18.5,271.0,368.0,1.03,283.0,74114.0
20100127:2000,17.82,59.05,40.0,0.0,40.0,350.0,1.66,288.0,74056.0
20100127:2100,16.54,67.15,7.0,0.0,7.0,356.8,1.59,274.0,74107.0
20100127:2200,15.36,74.35,70.0,0.0,70.0,352.0,1.24,243.0,74276.0
20100127:2300,14.47,82.5,0.0,0.0,0.0,351.2,0.48,250.0,74261.0
20100128:0000,13.97,84.6,0.0,-0.0,0.0,360.0,0.62,283.0,74319.0
20100128:0100,13.26,92.35,0.0,-0.0,0.0,372.65,0.34,247.0,74459.0
20100128:0200,12.86,97.25,0.0,-0.0,0.0,366.2,0.9,76.0,74510.0
20100128:0300,12.33,98.1,0.0,-0.0,0.0,355.2,0.83,75.0,74495.0
20100128:0400,12.11,98.3,0.0,-0.0,0.0,356.0,0.69,72.0,74466.0
20100128:0500,11.99,98.7,0.0,-0.0,0.0,366.8,0.83,78.0,74459.0
20100128:0600,11.42,93.05,0.0,-0.0,0.0,359.4,0.9,78.0,74407.0
20100128:0700,11.01,96.5,0.0,-0.0,0.0,347.6,0.83,89.0,74378.0
20100128:0800,11.18,96.5,0.0,-0.0,0.0,358.4,0.76,84.0,74363.0
20100128:0900,10.72,97.45,0.0,-0.0,0.0,342.0,0.83,86.0,74356.0
20100128:1000,10.99,95.7,0.0,-0.0,0.0,357.2,0.83,87.0,74327.0
20100128:1100,11.07,95.15,0.0,-0.0,0.0,361.0,0.83,90.0,74363.0
20100128:1200,11.62,93.8,67.0,22.0,63.0,359.4,0.76,90.0,74429.0
20100128:1300,13.24,83.55,327.0,379.39,170.0,358.6,0.97,108.0,74481.0
20100128:1400,14.95,70.85,363.0,90.92,307.0,337.2,0.69,123.0,74451.0
20100128:1500,17.17,57.2,455.0,74.91,397.0,339.2,0.41,172.0,74400.0
20100128:1600,18.03,54.55,549.0,85.41,474.0,351.6,0.76,264.0,74385.0
20100128:1700,18.38,54.4,698.0,183.63,529.0,356.6,0.9,287.0,74297.0
20100128:1800,18.63,54.6,822.0,395.26,467.0,350.6,1.03,286.0,74180.0
20100128:1900,17.87,58.75,637.0,236.17,445.0,352.0,0.97,284.0,74092.0
20100128:2000,15.71,69.65,697.0,878.23,108.0,357.2,0.9,268.0,74078.0
20100128:2100,14.8,78.1,52.0,0.0,52.0,368.8,1.03,241.0,74092.0
20100128:2200,14.86,78.75,100.0,0.0,100.0,359.8,0.48,233.0,74122.0
20100128:2300,13.96,84.55,0.0,0.0,0.0,348.4,0.14,352.0,74151.0
20100129:0000,12.94,86.8,0.0,-0.0,0.0,348.0,0.55,49.0,74217.0
20100129:0100,12.56,91.85,0.0,-0.0,0.0,360.05,0.55,84.0,74297.0
20100129:0200,12.02,97.15,0.0,-0.0,0.0,348.8,0.97,84.0,74349.0
20100129:0300,11.62,97.8,0.0,-0.0,0.0,350.8,1.17,84.0,74371.0
20100129:0400,11.63,98.0,0.0,-0.0,0.0,362.8,1.03,84.0,74371.0
20100129:0500,11.81,94.95,0.0,-0.0,0.0,370.2,0.83,87.0,74371.0
20100129:0600,11.74,95.55,0.0,-0.0,0.0,365.2,0.76,91.0,74356.0
20100129:0700,11.56,93.0,0.0,-0.0,0.0,357.6,0.76,101.0,74283.0
20100129:0800,11.45,92.85,0.0,-0.0,0.0,366.4,0.76,98.0,74268.0
20100129:0900,11.01,93.3,0.0,-0.0,0.0,347.8,0.97,100.0,74254.0
20100129:1000,10.8,92.55,0.0,-0.0,0.0,346.8,1.1,98.0,74254.0
20100129:1100,10.4,92.75,0.0,-0.0,0.0,340.2,1.1,93.0,74283.0
20100129:1200,10.67,91.0,139.0,462.37,55.0,343.0,1.24,99.0,74341.0
20100129:1300,12.05,82.15,399.0,753.42,87.0,357.4,1.31,105.0,74393.0
20100129:1400,13.47,72.4,645.0,875.75,105.0,344.6,1.03,111.0,74422.0
20100129:1500,15.63,58.35,843.0,936.33,117.0,353.6,0.48,127.0,74400.0
20100129:1600,17.14,49.95,975.0,967.52,124.0,345.6,0.21,117.0,74319.0
20100129:1700,17.84,46.9,1028.0,978.19,126.0,347.4,0.34,287.0,74210.0
20100129:1800,18.55,46.7,998.0,969.91,125.0,352.8,0.55,285.0,74070.0
20100129:1900,19.63,46.0,888.0,942.33,120.0,347.2,0.62,300.0,73931.0
20100129:2000,19.42,49.45,255.0,17.84,243.0,354.4,1.38,309.0,73894.0
20100129:2100,17.0,64.3,18.0,0.0,18.0,350.8,0.76,307.0,73924.0
20100129:2200,16.29,67.35,222.0,600.24,67.0,340.6,0.41,307.0,74070.0
20100129:2300,15.17,74.85,0.0,0.0,0.0,346.0,0.48,336.0,74092.0
20100130:0000,13.3,80.55,0.0,-0.0,0.0,336.4,0.48,46.0,74202.0
20100130:0100,12.47,84.8,0.0,-0.0,0.0,342.85,0.9,83.0,74217.0
20100130:0200,11.74,88.0,0.0,-0.0,0.0,340.4,1.17,89.0,74297.0
20100130:0300,11.03,91.0,0.0,-0.0,0.0,337.4,1.17,90.0,74319.0
20100130:0400,10.82,92.2,0.0,-0.0,0.0,348.2,1.17,91.0,74356.0
20100130:0500,10.73,93.0,0.0,-0.0,0.0,355.8,1.1,93.0,74341.0
20100130:0600,10.49,98.15,0.0,-0.0,0.0,358.6,1.1,93.0,74319.0
20100130:0700,11.26,95.75,0.0,-0.0,0.0,365.6,0.83,86.0,74254.0
20100130:0800,11.18,95.75,0.0,-0.0,0.0,362.2,0.9,89.0,74246.0
20100130:0900,11.26,95.5,0.0,-0.0,0.0,369.0,0.83,89.0,74239.0
20100130:1000,11.14,95.4,0.0,-0.0,0.0,361.8,0.83,86.0,74276.0
20100130:1100,11.18,94.85,0.0,-0.0,0.0,366.8,0.9,88.0,74305.0
20100130:1200,11.34,93.5,138.0,457.08,55.0,353.2,0.97,88.0,74378.0
20100130:1300,12.86,83.6,397.0,745.56,88.0,363.8,1.17,106.0,74407.0
20100130:1400,14.89,67.1,643.0,869.8,106.0,350.0,1.1,133.0,74371.0
20100130:1500,16.9,54.05,842.0,932.34,118.0,339.8,1.52,138.0,74283.0
20100130:1600,18.88,46.1,473.0,47.67,431.0,362.4,1.45,151.0,74188.0
20100130:1700,20.05,40.65,360.0,22.73,339.0,362.2,0.62,202.0,74056.0
20100130:1800,20.09,42.7,348.0,22.17,328.0,355.8,1.17,294.0,74004.0
20100130:1900,20.14,45.35,173.0,13.46,162.0,354.0,0.55,287.0,73982.0
20100130:2000,19.55,48.0,314.0,35.58,290.0,362.6,0.83,349.0,73931.0
20100130:2100,19.23,49.15,76.0,0.0,76.0,349.4,0.83,8.0,73916.0
20100130:2200,18.28,52.4,69.0,0.0,69.0,336.4,0.83,14.0,73990.0
20100130:2300,16.78,62.25,0.0,0.0,0.0,354.2,0.62,5.0,74041.0
20100131:0000,15.41,70.3,0.0,-0.0,0.0,343.4,0.83,55.0,74136.0
20100131:0100,14.2,76.25,0.0,-0.0,0.0,341.45,0.9,71.0,74202.0
20100131:0200,13.33,80.65,0.0,-0.0,0.0,339.8,1.03,80.0,74276.0
20100131:0300,13.19,80.7,0.0,-0.0,0.0,356.2,1.03,92.0,74327.0
20100131:0400,13.01,80.3,0.0,-0.0,0.0,359.6,1.1,96.0,74363.0
20100131:0500,12.75,79.9,0.0,-0.0,0.0,357.0,1.1,102.0,74378.0
20100131:0600,12.88,77.0,0.0,-0.0,0.0,375.6,0.97,107.0,74363.0
20100131:0700,12.7,78.95,0.0,-0.0,0.0,368.6,0.9,107.0,74334.0
20100131:0800,12.54,78.5,0.0,-0.0,0.0,366.6,0.83,105.0,74312.0
20100131:0900,12.08,80.25,0.0,-0.0,0.0,350.0,0.83,99.0,74349.0
20100131:1000,11.75,81.2,0.0,-0.0,0.0,348.4,0.9,95.0,74349.0
20100131:1100,11.41,82.9,0.0,-0.0,0.0,343.4,1.03,96.0,74444.0
20100131:1200,11.55,83.4,139.0,457.14,56.0,343.0,1.1,100.0,74481.0
20100131:1300,13.23,73.1,400.0,749.67,89.0,344.6,1.17,114.0,74510.0
20100131:1400,15.2,58.8,647.0,871.89,108.0,333.6,1.45,128.0,74451.0
20100131:1500,17.3,49.25,846.0,933.47,120.0,335.2,2.0,127.0,74356.0
20100131:1600,22.33,32.56,978.0,964.17,127.0,341.45,1.28,134.0,74239.0
20100131:1700,21.62,35.78,1033.0,976.58,129.0,342.59,1.26,145.0,74151.0
20100131:1800,20.91,39.01,1004.0,969.04,128.0,343.74,1.24,143.0,74041.0
20100131:1900,20.2,42.23,895.0,942.59,123.0,344.89,1.23,117.0,73960.0
20100131:2000,19.5,45.45,716.0,891.26,113.0,346.04,1.21,18.0,73909.0
20100131:2100,18.79,48.68,484.0,795.74,97.0,347.19,1.19,4.0,73909.0
20100131:2200,18.08,51.9,226.0,600.84,69.0,348.34,1.17,3.0,73990.0
20100131:2300,17.38,55.12,0.0,0.0,0.0,349.49,1.16,14.0,74085.0
20100201:0000,16.67,58.35,0.0,-0.0,0.0,350.64,1.14,70.0,74166.0
20100201:0100,15.96,61.57,0.0,-0.0,0.0,351.79,1.12,87.0,74232.0
20100201:0200,15.25,64.79,0.0,-0.0,0.0,352.94,1.1,85.0,74327.0
20100201:0300,14.55,68.02,0.0,-0.0,0.0,354.09,1.08,84.0,74385.0
20100201:0400,13.84,71.24,0.0,-0.0,0.0,355.24,1.07,87.0,74407.0
20100201:0500,13.13,74.46,0.0,-0.0,0.0,356.39,1.05,91.0,74415.0
20100201:0600,12.43,77.69,0.0,-0.0,0.0,357.54,1.03,97.0,74393.0
20100201:0700,11.72,80.91,0.0,-0.0,0.0,358.69,1.01,102.0,74356.0
20100201:0800,12.32,73.6,0.0,-0.0,0.0,350.6,0.97,95.0,74356.0
20100201:0900,12.09,75.35,0.0,-0.0,0.0,352.8,0.97,97.0,74371.0
20100201:1000,11.77,77.2,0.0,-0.0,0.0,344.4,1.03,101.0,74451.0
20100201:1100,11.69,78.2,0.0,-0.0,0.0,350.0,1.1,102.0,74481.0
20100201:1200,11.71,80.55,86.0,88.11,70.0,338.8,1.1,102.0,74532.0
20100201:1300,13.54,71.8,398.0,744.04,89.0,350.8,1.17,114.0,74532.0
20100201:1400,15.65,59.9,644.0,864.21,109.0,358.0,1.17,137.0,74495.0
20100201:1500,17.69,51.7,842.0,925.56,121.0,359.8,1.72,136.0,74363.0
20100201:1600,20.33,41.0,973.0,955.67,128.0,342.8,2.0,138.0,74239.0
20100201:1700,21.59,36.55,1025.0,964.97,130.0,346.2,1.1,163.0,74129.0
20100201:1800,22.0,34.65,995.0,955.91,129.0,353.6,0.21,220.0,74056.0
20100201:1900,21.59,38.6,620.0,203.41,453.0,352.8,0.07,183.0,73990.0
20100201:2000,21.25,38.2,468.0,168.02,354.0,359.8,0.83,349.0,73960.0
20100201:2100,20.27,43.2,478.0,778.55,98.0,347.4,1.1,339.0,73990.0
20100201:2200,18.82,52.05,223.0,582.24,70.0,357.2,1.1,329.0,74056.0
20100201:2300,17.12,63.6,0.0,0.0,0.0,347.6,0.76,350.0,74144.0
20100202:0000,15.84,71.1,0.0,-0.0,0.0,343.2,0.69,62.0,74202.0
20100202:0100,14.83,75.5,0.0,-0.0,0.0,344.05,0.97,87.0,74268.0
20100202:0200,14.68,77.15,0.0,-0.0,0.0,373.6,0.97,94.0,74305.0
20100202:0300,14.3,78.9,0.0,-0.0,0.0,371.0,0.97,95.0,74356.0
20100202:0400,13.88,80.85,0.0,-0.0,0.0,366.4,1.03,98.0,74356.0
20100202:0500,13.53,82.05,0.0,-0.0,0.0,362.6,0.97,96.0,74334.0
20100202:0600,13.44,82.3,0.0,-0.0,0.0,372.2,0.9,102.0,74312.0
20100202:0700,13.2,83.1,0.0,-0.0,0.0,364.6,0.62,98.0,74276.0
20100202:0800,13.02,84.05,0.0,-0.0,0.0,364.4,0.76,98.0,74246.0
20100202:0900,12.97,84.1,0.0,-0.0,0.0,366.6,0.76,99.0,74254.0
20100202:1000,12.94,84.05,0.0,-0.0,0.0,367.2,0.76,102.0,74327.0
20100202:1100,12.75,85.55,0.0,-0.0,0.0,361.2,0.83,102.0,74349.0
20100202:1200,13.1,84.65,137.0,445.83,56.0,369.6,0.76,115.0,74400.0
20100202:1300,14.61,72.6,226.0,88.98,189.0,370.2,1.17,135.0,74407.0
20100202:1400,16.52,60.0,641.0,858.1,109.0,366.2,1.52,134.0,74356.0
20100202:1500,18.61,50.3,839.0,918.91,122.0,360.2,1.66,130.0,74276.0
20100202:1600,20.45,43.55,969.0,948.31,129.0,360.4,1.45,142.0,74210.0
20100202:1700,21.75,39.55,1022.0,957.69,132.0,361.4,0.55,174.0,74085.0
20100202:1800,22.21,38.85,787.0,332.64,485.0,357.2,0.69,297.0,73975.0
20100202:1900,22.46,38.35,886.0,924.67,125.0,361.0,0.41,314.0,73909.0
20100202:2000,21.6,42.2,708.0,871.56,115.0,360.0,1.17,318.0,73887.0
20100202:2100,19.92,52.15,478.0,773.79,99.0,362.4,1.31,319.0,73902.0
20100202:2200,18.49,61.1,141.0,105.98,113.0,359.0,1.03,326.0,74041.0
20100202:2300,17.05,69.5,0.0,0.0,0.0,364.6,0.55,358.0,74166.0
20100203:0000,15.27,76.85,0.0,-0.0,0.0,365.2,0.83,68.0,74246.0
20100203:0100,14.73,83.0,0.0,-0.0,0.0,368.65,1.03,78.0,74319.0
20100203:0200,14.55,85.3,0.0,-0.0,0.0,373.8,1.17,93.0,74334.0
20100203:0300,14.48,86.55,0.0,-0.0,0.0,381.4,1.24,91.0,74393.0
20100203:0400,14.09,87.85,0.0,-0.0,0.0,369.6,1.1,89.0,74385.0
20100203:0500,13.94,88.2,0.0,-0.0,0.0,371.4,1.03,94.0,74371.0
20100203:0600,13.75,89.0,0.0,-0.0,0.0,374.4,0.83,100.0,74371.0
20100203:0700,13.63,84.9,0.0,-0.0,0.0,376.2,0.76,108.0,74297.0
20100203:0800,13.57,85.7,0.0,-0.0,0.0,382.4,0.76,106.0,74276.0
20100203:0900,13.22,85.25,0.0,-0.0,0.0,362.8,0.97,107.0,74261.0
20100203:1000,13.03,84.75,0.0,-0.0,0.0,360.6,0.9,105.0,74349.0
20100203:1100,12.85,84.45,0.0,-0.0,0.0,359.6,0.97,101.0,74385.0
20100203:1200,12.91,85.6,138.0,445.47,57.0,365.8,0.97,103.0,74422.0
20100203:1300,14.43,75.85,398.0,737.34,91.0,357.6,1.1,113.0,74429.0
20100203:1400,16.39,65.8,643.0,856.79,111.0,370.6,0.69,135.0,74415.0
20100203:1500,18.84,53.1,841.0,918.64,123.0,378.6,1.24,129.0,74319.0
20100203:1600,20.53,45.7,971.0,947.71,130.0,367.6,0.69,153.0,74224.0
20100203:1700,21.06,44.75,384.0,23.63,362.0,369.0,0.55,293.0,74129.0
20100203:1800,20.98,46.65,613.0,115.4,508.0,367.4,0.97,313.0,74048.0
20100203:1900,21.24,45.75,883.0,917.62,126.0,369.2,0.55,339.0,73982.0
20100203:2000,21.0,46.2,705.0,863.31,116.0,379.8,0.9,345.0,73938.0
20100203:2100,20.4,49.25,475.0,763.01,100.0,373.4,1.24,350.0,73953.0
20100203:2200,19.11,57.95,222.0,564.74,72.0,366.8,1.45,332.0,74004.0
20100203:2300,17.41,69.6,0.0,0.0,0.0,355.4,0.83,327.0,74085.0
20100204:0000,15.14,79.25,0.0,-0.0,0.0,374.0,0.48,63.0,74180.0
20100204:0100,14.64,86.3,0.0,-0.0,0.0,380.45,0.97,74.0,74261.0
20100204:0200,14.44,88.15,0.0,-0.0,0.0,371.6,0.9,75.0,74305.0
20100204:0300,14.23,90.3,0.0,-0.0,0.0,369.6,0.83,77.0,74356.0
20100204:0400,14.27,90.75,0.0,-0.0,0.0,380.8,0.83,84.0,74400.0
20100204:0500,14.16,91.2,0.0,-0.0,0.0,378.2,0.76,94.0,74415.0
20100204:0600,14.22,90.65,0.0,-0.0,0.0,387.0,0.69,102.0,74363.0
20100204:0700,13.91,87.55,0.0,-0.0,0.0,378.0,0.76,96.0,74305.0
20100204:0800,13.59,88.1,0.0,-0.0,0.0,362.4,0.76,95.0,74290.0
20100204:0900,13.35,88.15,0.0,-0.0,0.0,358.8,0.9,101.0,74276.0
20100204:1000,13.05,88.65,0.0,-0.0,0.0,354.0,0.97,104.0,74327.0
20100204:1100,13.19,86.7,0.0,-0.0,0.0,368.2,1.03,109.0,74371.0
20100204:1200,13.41,86.45,71.0,32.96,65.0,370.6,0.97,111.0,74437.0
20100204:1300,14.79,75.35,297.0,261.41,188.0,356.6,1.17,125.0,74444.0
20100204:1400,16.55,62.7,459.0,223.5,320.0,352.6,1.24,136.0,74415.0
20100204:1500,18.66,52.55,712.0,421.49,382.0,359.8,1.1,138.0,74341.0
20100204:1600,20.63,44.35,798.0,377.94,462.0,363.6,0.9,141.0,74224.0
20100204:1700,22.33,38.05,499.0,46.09,456.0,360.0,0.34,228.0,74122.0
20100204:1800,22.76,37.35,610.0,150.25,473.0,365.6,1.1,296.0,73990.0
20100204:1900,22.12,40.15,652.0,240.66,453.0,376.8,1.38,302.0,73894.0
20100204:2000,21.27,46.65,574.0,356.68,330.0,370.2,1.38,322.0,73894.0
20100204:2100,20.07,54.4,260.0,73.01,224.0,355.8,1.38,318.0,73953.0
20100204:2200,18.89,60.75,155.0,161.07,112.0,363.8,0.62,312.0,74026.0
20100204:2300,17.27,68.85,0.0,0.0,0.0,360.8,0.69,4.0,74114.0
20100205:0000,16.38,74.65,0.0,-0.0,0.0,373.8,0.83,64.0,74254.0
20100205:0100,15.93,77.45,0.0,-0.0,0.0,375.45,0.97,86.0,74290.0
20100205:0200,15.26,81.2,0.0,-0.0,0.0,363.6,1.03,85.0,74393.0
20100205:0300,15.05,82.4,0.0,-0.0,0.0,375.2,0.97,87.0,74422.0
20100205:0400,14.87,83.3,0.0,-0.0,0.0,378.6,0.9,87.0,74437.0
20100205:0500,14.68,84.95,0.0,-0.0,0.0,386.4,0.69,90.0,74437.0
20100205:0600,14.19,88.1,0.0,-0.0,0.0,371.4,0.55,87.0,74415.0
20100205:0700,14.0,88.25,0.0,-0.0,0.0,379.8,0.21,87.0,74371.0
20100205:0800,13.82,88.65,0.0,-0.0,0.0,371.8,0.69,90.0,74341.0
20100205:0900,13.5,89.4,0.0,-0.0,0.0,360.6,0.97,89.0,74349.0
20100205:1000,13.4,88.8,0.0,-0.0,0.0,362.4,0.97,95.0,74378.0
20100205:1100,13.42,87.0,0.0,-0.0,0.0,370.2,0.69,112.0,74459.0
20100205:1200,13.49,86.45,104.0,192.0,69.0,370.6,0.55,128.0,74547.0
20100205:1300,14.87,74.45,285.0,222.69,192.0,355.6,0.76,135.0,74569.0
20100205:1400,16.46,64.15,488.0,280.91,313.0,358.0,0.69,155.0,74532.0
20100205:1500,17.92,55.6,688.0,504.9,292.0,362.4,0.55,192.0,74481.0
20100205:1600,19.85,48.8,798.0,531.05,325.0,354.4,0.34,214.0,74371.0
20100205:1700,20.73,44.8,810.0,472.81,368.0,372.0,0.55,301.0,74261.0
20100205:1800,21.34,44.8,125.0,5.47,120.0,356.8,1.45,298.0,74195.0
20100205:1900,20.57,48.85,306.0,19.3,290.0,362.2,1.24,291.0,74100.0
20100205:2000,20.26,52.6,505.0,215.77,357.0,373.6,1.38,281.0,74048.0
20100205:2100,19.28,57.7,246.0,56.6,218.0,359.4,1.1,286.0,74034.0
20100205:2200,18.34,62.65,7.0,0.0,7.0,357.4,1.1,283.0,74129.0
20100205:2300,16.59,73.25,0.0,0.0,0.0,364.0,0.69,275.0,74195.0
20100206:0000,14.97,83.0,0.0,-0.0,0.0,358.4,0.14,223.0,74290.0
20100206:0100,14.4,91.5,0.0,-0.0,0.0,375.45,0.48,85.0,74312.0
20100206:0200,14.0,97.05,0.0,-0.0,0.0,369.0,0.69,61.0,74422.0
20100206:0300,13.75,98.25,0.0,-0.0,0.0,381.6,0.62,68.0,74444.0
20100206:0400,13.53,98.55,0.0,-0.0,0.0,377.4,0.62,85.0,74481.0
20100206:0500,13.3,97.85,0.0,-0.0,0.0,391.8,0.48,73.0,74495.0
20100206:0600,13.3,98.45,0.0,-0.0,0.0,386.0,0.14,71.0,74437.0
20100206:0700,13.06,94.95,0.0,-0.0,0.0,378.0,0.28,80.0,74407.0
20100206:0800,12.96,94.05,0.0,-0.0,0.0,359.0,0.55,83.0,74341.0
20100206:0900,12.98,93.85,0.0,-0.0,0.0,372.2,0.41,87.0,74349.0
20100206:1000,12.84,94.8,0.0,-0.0,0.0,370.4,0.41,73.0,74341.0
20100206:1100,12.79,94.4,0.0,-0.0,0.0,365.4,0.41,72.0,74429.0
20100206:1200,12.9,93.45,68.0,21.9,64.0,367.0,0.28,76.0,74459.0
20100206:1300,13.59,89.1,223.0,83.66,188.0,371.2,0.21,92.0,74495.0
20100206:1400,15.22,78.6,477.0,256.39,317.0,359.2,0.21,302.0,74525.0
20100206:1500,17.15,65.6,654.0,300.36,418.0,349.4,0.69,317.0,74503.0
20100206:1600,18.95,54.65,959.0,925.63,133.0,354.6,0.83,322.0,74400.0
20100206:1700,19.71,51.4,1014.0,937.36,136.0,342.4,1.24,303.0,74334.0
20100206:1800,18.98,58.85,556.0,107.03,458.0,350.6,2.21,290.0,74297.0
20100206:1900,17.13,66.65,497.0,79.45,431.0,357.6,1.45,285.0,74290.0
20100206:2000,18.64,73.2,499.0,203.58,359.0,354.6,2.0,266.0,74239.0
20100206:2100,16.3,77.6,297.0,124.93,235.0,363.6,1.86,253.0,74202.0
20100206:2200,16.66,82.1,224.0,556.52,74.0,362.0,1.1,256.0,74261.0
20100206:2300,14.42,86.15,0.0,0.0,0.0,352.8,0.9,253.0,74378.0
20100207:0000,13.97,87.2,0.0,-0.0,0.0,349.4,0.48,294.0,74400.0
20100207:0100,13.41,91.35,0.0,-0.0,0.0,355.05,0.34,326.0,74466.0
20100207:0200,13.28,93.1,0.0,-0.0,0.0,353.6,0.07,37.0,74554.0
20100207:0300,13.39,90.8,0.0,-0.0,0.0,369.4,0.21,358.0,74576.0
20100207:0400,12.95,98.35,0.0,-0.0,0.0,372.6,0.28,304.0,74583.0
20100207:0500,13.18,97.5,0.0,-0.0,0.0,373.2,0.07,84.0,74539.0
20100207:0600,12.86,97.85,0.0,-0.0,0.0,378.8,0.14,92.0,74503.0
20100207:0700,12.7,98.15,0.0,-0.0,0.0,376.2,0.55,97.0,74444.0
20100207:0800,12.18,97.1,0.0,-0.0,0.0,357.4,0.55,95.0,74393.0
20100207:0900,12.3,95.8,0.0,-0.0,0.0,366.6,0.62,94.0,74371.0
20100207:1000,12.23,95.95,0.0,-0.0,0.0,361.4,0.34,106.0,74349.0
20100207:1100,11.8,97.35,0.0,-0.0,0.0,351.6,0.62,103.0,74407.0
20100207:1200,12.31,95.7,69.0,27.32,64.0,356.6,0.62,101.0,74488.0
20100207:1300,13.65,88.4,274.0,188.5,195.0,343.8,0.41,109.0,74539.0
20100207:1400,15.57,73.4,641.0,841.36,115.0,344.4,0.14,197.0,74503.0
20100207:1500,17.07,62.0,841.0,905.77,128.0,351.8,0.28,297.0,74473.0
20100207:1600,18.4,54.85,974.0,938.42,135.0,352.4,0.62,289.0,74378.0
20100207:1700,18.96,53.45,1029.0,948.29,139.0,365.0,1.03,304.0,74276.0
20100207:1800,18.88,55.05,666.0,156.94,522.0,362.4,1.31,302.0,74224.0
20100207:1900,19.26,52.85,305.0,19.22,289.0,362.8,1.03,308.0,74151.0
20100207:2000,18.65,56.25,32.0,0.0,32.0,372.0,1.31,315.0,74114.0
20100207:2100,17.16,66.35,326.0,178.79,237.0,354.8,1.17,306.0,74063.0
20100207:2200,15.8,73.0,227.0,557.72,76.0,352.4,0.76,309.0,74195.0
20100207:2300,14.27,81.7,0.0,0.0,0.0,350.4,0.55,340.0,74276.0
20100208:0000,13.71,83.85,0.0,-0.0,0.0,342.2,0.69,28.0,74334.0
20100208:0100,13.26,86.55,0.0,-0.0,0.0,348.25,0.76,62.0,74400.0
20100208:0200,12.47,89.9,0.0,-0.0,0.0,334.8,1.03,74.0,74481.0
20100208:0300,11.51,92.0,0.0,-0.0,0.0,320.8,1.17,84.0,74510.0
20100208:0400,10.8,93.7,0.0,-0.0,0.0,320.6,1.24,94.0,74554.0
20100208:0500,10.36,94.3,0.0,-0.0,0.0,321.6,1.24,90.0,74525.0
20100208:0600,10.42,93.4,0.0,-0.0,0.0,333.8,1.24,92.0,74481.0
20100208:0700,10.49,90.4,0.0,-0.0,0.0,320.4,1.17,94.0,74429.0
20100208:0800,10.34,89.65,0.0,-0.0,0.0,328.6,1.1,93.0,74415.0
20100208:0900,9.98,89.3,0.0,-0.0,0.0,319.4,1.1,91.0,74415.0
20100208:1000,9.98,88.1,0.0,-0.0,0.0,328.0,1.03,90.0,74415.0
20100208:1100,9.8,87.4,0.0,-0.0,0.0,321.0,1.24,91.0,74473.0
20100208:1200,10.57,86.5,139.0,436.15,59.0,335.4,1.17,97.0,74510.0
20100208:1300,13.05,78.3,402.0,728.72,96.0,333.6,0.83,109.0,74569.0
20100208:1400,15.47,64.25,651.0,854.16,116.0,336.6,0.62,151.0,74547.0
20100208:1500,17.06,55.65,106.0,1.27,105.0,352.6,0.55,181.0,74481.0
20100208:1600,18.71,47.65,187.0,14.51,174.0,353.2,0.48,169.0,74407.0
20100208:1700,19.97,43.15,726.0,195.67,542.0,365.8,0.28,330.0,74276.0
20100208:1800,19.39,47.95,1007.0,944.02,139.0,370.8,1.17,337.0,74210.0
20100208:1900,18.76,55.0,611.0,220.5,427.0,355.8,0.9,305.0,74195.0
20100208:2000,16.87,63.55,717.0,859.46,123.0,349.8,1.03,333.0,74144.0
20100208:2100,17.15,64.35,485.0,759.13,106.0,360.4,1.17,330.0,74114.0
20100208:2200,16.82,65.5,227.0,555.32,76.0,355.4,1.03,317.0,74166.0
20100208:2300,15.48,75.15,0.0,0.0,0.0,337.0,0.83,324.0,74202.0
20100209:0000,14.35,82.65,0.0,-0.0,0.0,338.8,0.55,6.0,74305.0
20100209:0100,13.98,84.95,0.0,-0.0,0.0,354.65,0.69,73.0,74356.0
20100209:0200,13.15,88.85,0.0,-0.0,0.0,336.6,0.76,78.0,74400.0
20100209:0300,13.17,87.75,0.0,-0.0,0.0,357.8,0.83,80.0,74451.0
20100209:0400,13.04,87.45,0.0,-0.0,0.0,357.6,0.76,80.0,74473.0
20100209:0500,13.24,85.9,0.0,-0.0,0.0,373.4,0.48,90.0,74459.0
20100209:0600,13.11,86.8,0.0,-0.0,0.0,373.6,0.28,69.0,74451.0
20100209:0700,13.04,90.6,0.0,-0.0,0.0,373.4,0.28,44.0,74422.0
20100209:0800,13.01,90.35,0.0,-0.0,0.0,374.6,0.41,57.0,74393.0
20100209:0900,12.78,91.15,0.0,-0.0,0.0,363.4,0.55,45.0,74371.0
20100209:1000,12.79,91.05,0.0,-0.0,0.0,372.6,0.41,50.0,74371.0
20100209:1100,12.78,91.35,0.0,-0.0,0.0,376.4,0.28,28.0,74385.0
20100209:1200,13.0,89.65,4.0,0.0,4.0,380.4,0.14,54.0,74510.0
20100209:1300,13.77,86.1,283.0,209.14,195.0,381.8,0.14,101.0,74532.0
20100209:1400,14.71,79.6,370.0,90.83,313.0,390.6,0.28,26.0,74569.0
20100209:1500,15.8,70.2,599.0,207.56,435.0,376.0,0.62,334.0,74583.0
20100209:1600,15.79,70.9,440.0,35.66,408.0,376.8,1.1,294.0,74525.0
20100209:1700,15.28,78.45,343.0,22.29,322.0,375.0,1.17,282.0,74473.0
20100209:1800,16.18,84.85,115.0,1.09,114.0,379.2,1.17,281.0,74385.0
20100209:1900,16.17,85.4,254.0,16.74,240.0,381.0,1.1,283.0,74312.0
20100209:2000,15.72,85.75,19.0,0.0,19.0,381.6,1.1,287.0,74276.0
20100209:2100,16.16,88.95,39.0,0.0,39.0,381.8,1.1,280.0,74239.0
20100209:2200,15.07,87.85,50.0,0.0,50.0,372.2,1.24,291.0,74290.0
20100209:2300,13.5,92.0,0.0,0.0,0.0,364.8,1.03,308.0,74363.0
20100210:0000,12.63,97.0,0.0,-0.0,0.0,351.0,0.76,11.0,74422.0
20100210:0100,12.54,99.6,0.0,-0.0,0.0,360.05,0.83,71.0,74444.0
20100210:0200,12.24,99.45,0.0,-0.0,0.0,354.6,0.83,88.0,74510.0
20100210:0300,12.14,99.4,0.0,-0.0,0.0,362.6,0.76,86.0,74510.0
20100210:0400,12.12,97.9,0.0,-0.0,0.0,368.4,0.83,79.0,74495.0
20100210:0500,12.24,98.05,0.0,-0.0,0.0,374.0,0.76,78.0,74466.0
20100210:0600,12.18,98.3,0.0,-0.0,0.0,370.4,0.69,77.0,74400.0
20100210:0700,10.94,97.35,0.0,-0.0,0.0,357.8,0.83,93.0,74378.0
20100210:0800,11.05,96.15,0.0,-0.0,0.0,366.2,0.97,88.0,74356.0
20100210:0900,11.11,95.65,0.0,-0.0,0.0,365.8,1.17,83.0,74385.0
20100210:1000,11.03,95.35,0.0,-0.0,0.0,357.8,1.17,81.0,74437.0
20100210:1100,11.11,94.05,0.0,-0.0,0.0,364.0,1.1,90.0,74473.0
20100210:1200,11.22,92.3,139.0,433.71,59.0,358.4,1.24,92.0,74517.0
20100210:1300,12.42,88.1,401.0,720.92,97.0,346.4,1.1,97.0,74466.0
20100210:1400,14.67,75.75,651.0,847.66,118.0,333.0,0.62,101.0,74422.0
20100210:1500,17.36,59.2,852.0,910.74,131.0,330.4,0.28,305.0,74341.0
20100210:1600,19.06,50.75,986.0,941.95,139.0,335.0,0.34,348.0,74232.0
20100210:1700,20.25,45.35,1041.0,952.26,142.0,339.8,0.9,350.0,74166.0
20100210:1800,19.68,51.0,1012.0,943.43,141.0,359.6,1.66,318.0,74092.0
20100210:1900,17.37,64.85,205.0,16.7,191.0,360.8,1.03,301.0,74100.0
20100210:2000,17.8,71.25,480.0,168.48,363.0,357.2,1.31,274.0,74019.0
20100210:2100,17.44,73.4,19.0,0.0,19.0,366.8,1.17,263.0,74026.0
20100210:2200,15.4,78.6,57.0,0.0,57.0,363.4,0.9,284.0,74151.0
20100210:2300,14.32,85.55,0.0,0.0,0.0,353.6,0.34,242.0,74202.0
20100211:0000,13.67,89.45,0.0,-0.0,0.0,357.8,0.55,156.0,74261.0
20100211:0100,13.21,95.95,0.0,-0.0,0.0,361.65,0.76,118.0,74268.0
20100211:0200,12.53,97.7,0.0,-0.0,0.0,354.0,0.9,111.0,74349.0
20100211:0300,12.03,98.0,0.0,-0.0,0.0,345.6,0.97,109.0,74378.0
20100211:0400,11.78,98.4,0.0,-0.0,0.0,352.2,0.69,88.0,74363.0
20100211:0500,11.93,98.35,0.0,-0.0,0.0,370.0,0.83,94.0,74371.0
20100211:0600,11.92,98.15,0.0,-0.0,0.0,368.8,0.69,98.0,74319.0
20100211:0700,12.0,95.25,0.0,-0.0,0.0,366.8,0.55,81.0,74290.0
20100211:0800,11.71,94.25,0.0,-0.0,0.0,349.2,0.76,84.0,74246.0
20100211:0900,11.65,93.85,0.0,-0.0,0.0,354.0,0.9,88.0,74232.0
20100211:1000,11.93,91.95,0.0,-0.0,0.0,368.8,1.03,91.0,74232.0
20100211:1100,12.09,90.45,0.0,-0.0,0.0,372.2,0.97,101.0,74305.0
20100211:1200,12.19,90.95,140.0,437.7,59.0,369.4,0.76,99.0,74319.0
20100211:1300,13.11,87.4,402.0,721.65,97.0,367.0,0.83,118.0,74349.0
20100211:1400,14.78,76.45,651.0,844.35,119.0,358.4,0.34,183.0,74371.0
20100211:1500,17.27,60.95,853.0,908.96,132.0,342.0,0.21,202.0,74312.0
20100211:1600,19.1,50.75,988.0,941.24,140.0,357.4,0.34,313.0,74246.0
20100211:1700,19.07,52.75,1044.0,951.46,144.0,359.0,1.38,314.0,74136.0
20100211:1800,18.94,54.8,1016.0,944.79,142.0,356.0,1.52,310.0,74041.0
20100211:1900,19.3,55.2,906.0,915.65,137.0,359.2,1.52,314.0,73931.0
20100211:2000,18.45,63.15,725.0,860.61,126.0,371.2,1.72,314.0,73902.0
20100211:2100,17.45,72.0,490.0,756.84,109.0,348.0,1.24,305.0,73946.0
20100211:2200,16.07,78.25,230.0,548.82,79.0,335.2,0.62,305.0,74041.0
20100211:2300,15.03,85.1,0.0,0.0,0.0,343.6,0.28,340.0,74063.0
20100212:0000,13.71,88.5,0.0,-0.0,0.0,332.4,0.62,54.0,74173.0
20100212:0100,13.23,90.2,0.0,-0.0,0.0,334.65,0.97,73.0,74254.0
20100212:0200,12.8,90.55,0.0,-0.0,0.0,337.2,1.1,83.0,74327.0
20100212:0300,12.28,91.0,0.0,-0.0,0.0,335.0,1.17,88.0,74334.0
20100212:0400,11.88,91.75,0.0,-0.0,0.0,340.0,1.24,90.0,74334.0
20100212:0500,11.54,91.7,0.0,-0.0,0.0,337.8,1.24,90.0,74327.0
20100212:0600,11.26,90.95,0.0,-0.0,0.0,335.0,1.24,92.0,74268.0
20100212:0700,10.55,93.5,0.0,-0.0,0.0,322.6,1.38,92.0,74232.0
20100212:0800,10.0,93.95,0.0,-0.0,0.0,309.2,1.45,92.0,74210.0
20100212:0900,9.92,93.55,0.0,-0.0,0.0,320.4,1.45,91.0,74224.0
20100212:1000,9.75,93.2,0.0,-0.0,0.0,319.4,1.52,91.0,74276.0
20100212:1100,9.52,93.4,0.0,-0.0,0.0,318.2,1.59,91.0,74297.0
20100212:1200,10.1,92.35,140.0,430.77,60.0,323.6,1.45,92.0,74356.0
20100212:1300,12.76,81.6,401.0,717.58,97.0,335.4,1.24,99.0,74400.0
20100212:1400,15.37,62.85,650.0,841.0,119.0,321.8,1.03,121.0,74393.0
20100212:1500,17.51,47.25,850.0,902.14,133.0,323.8,1.38,127.0,74319.0
20100212:1600,19.43,37.85,984.0,933.88,141.0,332.8,1.1,139.0,74224.0
20100212:1700,20.7,33.4,1037.0,942.23,144.0,330.4,0.34,189.0,74114.0
20100212:1800,21.54,32.35,1008.0,933.21,143.0,337.6,0.69,294.0,74004.0
20100212:1900,21.58,32.7,899.0,905.45,137.0,341.8,0.83,319.0,73924.0
20100212:2000,21.36,36.95,720.0,851.53,126.0,338.6,1.45,339.0,73894.0
20100212:2100,20.37,41.4,487.0,748.96,109.0,333.4,1.24,0.0,73894.0
20100212:2200,18.8,50.6,229.0,543.26,79.0,333.4,1.17,347.0,74004.0
20100212:2300,16.9,62.8,0.0,0.0,0.0,329.8,0.62,331.0,74122.0
20100213:0000,15.04,73.15,0.0,-0.0,0.0,324.8,0.48,23.0,74246.0
20100213:0100,13.84,79.0,0.0,-0.0,0.0,323.25,0.9,67.0,74312.0
20100213:0200,13.15,81.05,0.0,-0.0,0.0,330.4,1.03,72.0,74393.0
20100213:0300,12.42,83.0,0.0,-0.0,0.0,325.4,1.03,75.0,74400.0
20100213:0400,11.72,84.25,0.0,-0.0,0.0,321.2,1.1,79.0,74400.0
20100213:0500,11.05,85.05,0.0,-0.0,0.0,314.8,1.1,82.0,74415.0
20100213:0600,10.8,83.9,0.0,-0.0,0.0,322.8,1.03,85.0,74378.0
20100213:0700,10.8,78.9,0.0,-0.0,0.0,329.8,1.03,84.0,74363.0
20100213:0800,10.58,78.55,0.0,-0.0,0.0,326.2,1.03,85.0,74356.0
20100213:0900,10.92,76.2,0.0,-0.0,0.0,347.4,1.03,85.0,74356.0
20100213:1000,10.75,75.95,0.0,-0.0,0.0,336.2,1.1,84.0,74415.0
20100213:1100,10.55,76.5,0.0,-0.0,0.0,333.2,1.1,83.0,74451.0
20100213:1200,11.28,75.65,140.0,429.12,60.0,349.6,0.97,82.0,74503.0
20100213:1300,13.5,67.75,403.0,718.16,98.0,341.0,0.62,91.0,74503.0
20100213:1400,15.73,53.65,654.0,843.95,120.0,335.4,0.21,238.0,74517.0
20100213:1500,17.42,47.85,858.0,909.13,134.0,338.4,0.62,290.0,74495.0
20100213:1600,18.5,45.15,994.0,942.03,142.0,345.8,0.48,315.0,74437.0
20100213:1700,19.79,41.45,1050.0,953.06,145.0,347.0,0.41,314.0,74341.0
20100213:1800,20.51,39.4,1022.0,945.39,144.0,354.2,0.76,310.0,74217.0
20100213:1900,20.02,48.0,373.0,28.46,349.0,344.0,0.9,295.0,74114.0
20100213:2000,19.13,54.6,100.0,0.0,100.0,352.4,1.31,307.0,74048.0
20100213:2100,18.59,58.8,68.0,0.0,68.0,337.4,1.59,311.0,74034.0
20100213:2200,16.87,67.75,4.0,0.0,4.0,345.6,1.24,309.0,74107.0
20100213:2300,14.99,78.1,0.0,0.0,0.0,330.4,0.83,309.0,74173.0
20100214:0000,13.65,84.95,0.0,-0.0,0.0,327.4,0.34,302.0,74224.0
20100214:0100,12.37,97.85,0.0,-0.0,0.0,326.05,0.48,88.0,74363.0
20100214:0200,11.67,97.5,0.0,-0.0,0.0,327.4,0.97,68.0,74451.0
20100214:0300,10.84,97.7,0.0,-0.0,0.0,321.4,1.1,80.0,74503.0
20100214:0400,10.79,98.4,0.0,-0.0,0.0,345.6,1.03,89.0,74503.0
20100214:0500,11.23,98.0,0.0,-0.0,0.0,365.8,1.03,103.0,74510.0
20100214:0600,10.72,98.4,0.0,-0.0,0.0,339.4,1.1,98.0,74437.0
20100214:0700,11.2,95.8,0.0,-0.0,0.0,355.8,0.62,96.0,74393.0
20100214:0800,11.25,93.5,0.0,-0.0,0.0,348.2,0.83,87.0,74378.0
20100214:0900,11.25,92.7,0.0,-0.0,0.0,351.8,0.9,88.0,74334.0
20100214:1000,11.62,91.45,0.0,-0.0,0.0,369.4,0.97,91.0,74349.0
20100214:1100,11.93,90.45,0.0,-0.0,0.0,376.0,0.97,92.0,74385.0
20100214:1200,12.25,89.95,132.0,379.29,61.0,376.8,0.69,98.0,74429.0
20100214:1300,13.23,86.55,383.0,605.93,125.0,365.8,0.48,128.0,74466.0
20100214:1400,15.03,71.9,570.0,477.83,267.0,355.2,0.69,137.0,74459.0
20100214:1500,16.61,61.4,665.0,300.76,425.0,352.8,0.07,208.0,74393.0
20100214:1600,18.15,54.15,983.0,929.17,141.0,354.8,0.34,279.0,74312.0
20100214:1700,18.44,53.5,819.0,315.33,519.0,360.2,0.97,287.0,74239.0
20100214:1800,18.11,56.85,117.0,2.15,115.0,352.8,1.24,281.0,74180.0
20100214:1900,18.47,55.85,579.0,136.11,464.0,363.6,1.31,288.0,74122.0
20100214:2000,17.06,64.95,442.0,117.05,360.0,354.4,1.31,293.0,74100.0
20100214:2100,16.52,70.0,319.0,155.78,240.0,353.4,1.31,285.0,74100.0
20100214:2200,15.59,75.05,174.0,223.1,112.0,354.2,0.9,270.0,74092.0
20100214:2300,14.44,81.35,0.0,0.0,0.0,339.8,0.69,259.0,74144.0
20100215:0000,13.59,88.45,0.0,-0.0,0.0,345.0,0.34,287.0,74239.0
20100215:0100,13.35,90.4,0.0,-0.0,0.0,348.65,0.41,53.0,74334.0
20100215:0200,12.8,92.65,0.0,-0.0,0.0,339.8,0.69,65.0,74393.0
20100215:0300,12.29,93.05,0.0,-0.0,0.0,335.4,0.83,78.0,74444.0
20100215:0400,12.02,92.1,0.0,-0.0,0.0,340.6,0.83,81.0,74473.0
20100215:0500,11.52,92.25,0.0,-0.0,0.0,332.2,0.97,89.0,74473.0
20100215:0600,11.37,92.35,0.0,-0.0,0.0,347.2,0.9,87.0,74451.0
20100215:0700,11.46,96.2,0.0,-0.0,0.0,345.0,0.76,73.0,74400.0
20100215:0800,11.45,95.1,0.0,-0.0,0.0,357.2,0.62,85.0,74378.0
20100215:0900,11.19,95.1,0.0,-0.0,0.0,351.6,0.76,85.0,74356.0
20100215:1000,11.06,95.2,0.0,-0.0,0.0,351.8,0.62,79.0,74363.0
20100215:1100,10.98,95.2,0.0,-0.0,0.0,351.8,0.69,75.0,74400.0
20100215:1200,11.85,92.35,4.0,0.0,4.0,355.0,0.62,83.0,74466.0
20100215:1300,13.83,82.8,404.0,714.4,99.0,346.6,0.55,115.0,74495.0
20100215:1400,15.96,67.7,149.0,7.87,144.0,340.0,0.28,171.0,74503.0
20100215:1500,17.18,58.15,272.0,18.76,257.0,360.2,0.28,219.0,74473.0
20100215:1600,17.68,58.6,510.0,56.17,459.0,369.0,0.69,298.0,74400.0
20100215:1700,18.47,57.0,1045.0,943.15,146.0,370.2,1.03,311.0,74261.0
20100215:1800,18.79,56.85,1017.0,935.37,145.0,357.6,1.38,314.0,74136.0
20100215:1900,19.42,53.8,79.0,0.0,79.0,373.8,1.24,333.0,74056.0
20100215:2000,17.65,63.35,121.0,0.0,121.0,368.8,1.1,325.0,74092.0
20100215:2100,17.48,69.55,167.0,3.93,165.0,355.6,1.03,301.0,74114.0
20100215:2200,16.32,73.5,231.0,541.75,80.0,347.4,0.83,284.0,74144.0
20100215:2300,15.28,79.95,0.0,0.0,0.0,360.6,0.48,322.0,74232.0
20100216:0000,13.84,86.45,0.0,-0.0,0.0,352.2,0.48,11.0,74297.0
20100216:0100,13.45,95.45,0.0,-0.0,0.0,361.25,0.55,52.0,74349.0
20100216:0200,12.86,97.55,0.0,-0.0,0.0,353.4,0.76,58.0,74407.0
20100216:0300,12.57,98.15,0.0,-0.0,0.0,353.6,0.69,69.0,74466.0
20100216:0400,12.37,98.35,0.0,-0.0,0.0,355.2,0.69,78.0,74473.0
20100216:0500,12.4,98.55,0.0,-0.0,0.0,363.2,0.55,83.0,74481.0
20100216:0600,12.6,94.7,0.0,-0.0,0.0,371.6,0.48,90.0,74415.0
20100216:0700,12.43,95.5,0.0,-0.0,0.0,360.6,0.41,55.0,74378.0
20100216:0800,12.44,95.55,0.0,-0.0,0.0,365.0,0.48,66.0,74363.0
20100216:0900,12.15,96.15,0.0,-0.0,0.0,356.6,0.55,71.0,74319.0
20100216:1000,12.02,96.35,0.0,-0.0,0.0,357.6,0.55,68.0,74385.0
20100216:1100,11.65,97.15,0.0,-0.0,0.0,349.0,0.83,79.0,74407.0
20100216:1200,12.23,95.15,139.0,418.25,60.0,357.2,0.83,83.0,74429.0
20100216:1300,13.59,88.3,398.0,700.74,98.0,359.6,0.62,89.0,74466.0
20100216:1400,15.55,69.6,540.0,383.06,296.0,343.2,0.48,82.0,74437.0
20100216:1500,16.88,60.7,846.0,888.62,134.0,361.8,0.41,335.0,74400.0
20100216:1600,18.09,56.2,980.0,921.18,142.0,358.4,1.03,315.0,74371.0
20100216:1700,18.23,57.35,1036.0,933.0,145.0,363.0,1.1,304.0,74254.0
20100216:1800,18.62,57.55,613.0,102.79,517.0,357.4,1.17,297.0,74166.0
20100216:1900,19.07,54.65,348.0,23.58,328.0,360.6,1.1,294.0,74136.0
20100216:2000,17.57,64.5,460.0,135.08,365.0,357.8,1.1,285.0,74158.0
20100216:2100,16.72,70.35,431.0,459.4,197.0,360.6,1.03,264.0,74158.0
20100216:2200,15.96,76.45,149.0,110.91,118.0,355.2,0.76,287.0,74261.0
20100216:2300,14.5,83.65,0.0,0.0,0.0,368.2,0.55,292.0,74283.0
20100217:0000,13.73,88.25,0.0,-0.0,0.0,361.0,0.21,5.0,74327.0
20100217:0100,13.58,89.95,0.0,-0.0,0.0,362.05,0.34,47.0,74407.0
20100217:0200,12.67,97.0,0.0,-0.0,0.0,353.8,0.69,71.0,74459.0
20100217:0300,12.45,97.15,0.0,-0.0,0.0,351.4,0.62,72.0,74510.0
20100217:0400,11.83,97.85,0.0,-0.0,0.0,339.6,0.83,71.0,74503.0
20100217:0500,11.74,98.7,0.0,-0.0,0.0,352.0,0.69,84.0,74481.0
20100217:0600,11.67,98.35,0.0,-0.0,0.0,350.2,0.69,82.0,74429.0
20100217:0700,11.84,94.5,0.0,-0.0,0.0,364.2,0.62,88.0,74385.0
20100217:0800,11.81,94.3,0.0,-0.0,0.0,357.6,0.76,86.0,74356.0
20100217:0900,11.69,93.8,0.0,-0.0,0.0,356.2,0.9,90.0,74319.0
20100217:1000,11.92,92.8,0.0,-0.0,0.0,368.0,0.83,89.0,74378.0
20100217:1100,11.93,91.6,0.0,-0.0,0.0,366.4,0.97,84.0,74385.0
20100217:1200,12.13,91.15,145.0,442.55,61.0,360.4,0.83,89.0,74422.0
20100217:1300,13.63,82.9,412.0,726.7,100.0,364.6,0.62,120.0,74459.0
20100217:1400,15.39,68.55,665.0,850.49,122.0,334.8,0.48,157.0,74451.0
20100217:1500,17.36,54.5,870.0,914.19,136.0,360.6,0.55,153.0,74371.0
20100217:1600,19.32,44.9,1006.0,945.73,144.0,346.2,0.34,195.0,74283.0
20100217:1700,20.57,40.8,1061.0,955.31,147.0,356.0,0.34,281.0,74166.0
20100217:1800,21.25,38.35,1031.0,945.83,146.0,345.2,0.69,314.0,74070.0
20100217:1900,21.29,39.75,920.0,917.98,140.0,341.8,0.97,316.0,74026.0
20100217:2000,19.94,49.55,365.0,52.51,328.0,357.0,1.45,318.0,73982.0
20100217:2100,19.2,54.3,20.0,0.0,20.0,350.0,1.1,332.0,73975.0
20100217:2200,18.07,58.5,236.0,553.15,81.0,338.6,0.9,335.0,74136.0
20100217:2300,16.3,69.2,0.0,0.0,0.0,333.2,0.76,352.0,74180.0
20100218:0000,14.96,77.85,0.0,-0.0,0.0,327.2,0.41,0.0,74254.0
20100218:0100,13.73,83.85,0.0,-0.0,0.0,331.05,0.62,62.0,74327.0
20100218:0200,12.85,85.75,0.0,-0.0,0.0,321.6,0.97,81.0,74385.0
20100218:0300,12.16,84.7,0.0,-0.0,0.0,319.0,1.24,91.0,74437.0
20100218:0400,11.53,82.75,0.0,-0.0,0.0,315.6,1.38,94.0,74473.0
20100218:0500,11.13,79.75,0.0,-0.0,0.0,318.4,1.45,94.0,74437.0
20100218:0600,10.82,77.0,0.0,-0.0,0.0,320.2,1.45,95.0,74400.0
20100218:0700,11.07,76.65,0.0,-0.0,0.0,336.6,1.24,96.0,74349.0
20100218:0800,10.68,75.7,0.0,-0.0,0.0,325.2,1.24,93.0,74378.0
20100218:0900,10.4,74.5,0.0,-0.0,0.0,324.0,1.31,94.0,74363.0
20100218:1000,10.37,72.9,0.0,-0.0,0.0,331.6,1.31,93.0,74407.0
20100218:1100,10.52,72.4,0.0,-0.0,0.0,343.8,1.17,94.0,74459.0
20100218:1200,10.8,74.35,145.0,440.29,61.0,333.6,1.17,96.0,74517.0
20100218:1300,13.1,68.55,408.0,717.6,99.0,327.2,1.1,103.0,74547.0
20100218:1400,15.63,56.45,384.0,96.88,322.0,330.8,0.69,120.0,74510.0
20100218:1500,17.45,45.7,442.0,57.17,396.0,349.8,0.83,122.0,74451.0
20100218:1600,18.72,40.35,609.0,110.6,508.0,355.0,0.76,120.0,74341.0
20100218:1700,20.38,35.9,475.0,35.47,441.0,345.4,0.48,62.0,74224.0
20100218:1800,21.14,35.3,134.0,6.4,128.0,359.2,1.03,9.0,74122.0
20100218:1900,20.71,36.55,452.0,50.52,409.0,371.0,1.03,342.0,74048.0
20100218:2000,19.78,43.0,470.0,144.5,368.0,375.2,1.45,350.0,74034.0
20100218:2100,18.39,52.45,60.0,0.0,60.0,353.4,1.24,357.0,74026.0
20100218:2200,17.1,58.45,144.0,92.57,118.0,348.6,0.97,8.0,74136.0
20100218:2300,16.13,66.5,0.0,0.0,0.0,355.6,0.48,14.0,74224.0
20100219:0000,14.75,74.05,0.0,-0.0,0.0,329.8,0.97,78.0,74283.0
20100219:0100,13.75,77.15,0.0,-0.0,0.0,330.65,1.17,88.0,74341.0
20100219:0200,12.94,77.7,0.0,-0.0,0.0,325.4,1.38,92.0,74407.0
20100219:0300,12.22,77.7,0.0,-0.0,0.0,322.0,1.31,92.0,74437.0
20100219:0400,12.05,76.15,0.0,-0.0,0.0,337.0,1.24,96.0,74473.0
20100219:0500,11.99,74.0,0.0,-0.0,0.0,344.8,1.38,95.0,74422.0
20100219:0600,11.77,72.65,0.0,-0.0,0.0,341.2,1.38,94.0,74378.0
20100219:0700,11.32,76.6,0.0,-0.0,0.0,334.0,1.31,94.0,74327.0
20100219:0800,11.24,76.15,0.0,-0.0,0.0,340.6,1.38,95.0,74334.0
20100219:0900,11.27,75.3,0.0,-0.0,0.0,347.0,1.31,96.0,74341.0
20100219:1000,11.17,75.1,0.0,-0.0,0.0,342.0,1.24,96.0,74385.0
20100219:1100,11.08,75.7,0.0,-0.0,0.0,341.8,1.24,94.0,74444.0
20100219:1200,11.45,78.05,5.0,0.0,5.0,345.4,1.1,96.0,74495.0
20100219:1300,13.33,74.75,17.0,0.0,17.0,357.4,0.97,107.0,74539.0
20100219:1400,15.28,62.25,91.0,0.0,91.0,360.0,0.83,127.0,74554.0
20100219:1500,16.87,54.65,203.0,14.88,191.0,363.2,0.83,130.0,74539.0
20100219:1600,19.13,47.1,528.0,62.3,471.0,354.0,1.24,127.0,74503.0
20100219:1700,21.19,40.5,403.0,24.99,379.0,348.2,0.9,130.0,74349.0
20100219:1800,22.55,36.35,141.0,7.45,134.0,351.8,0.07,96.0,74180.0
20100219:1900,21.19,42.85,174.0,10.56,165.0,357.2,0.21,100.0,74048.0
20100219:2000,21.13,42.85,166.0,7.07,161.0,381.2,1.03,358.0,74019.0
20100219:2100,19.41,51.25,79.0,0.0,79.0,369.2,1.31,350.0,74012.0
20100219:2200,17.73,61.15,9.0,0.0,9.0,361.6,1.66,332.0,74166.0
20100219:2300,16.26,71.05,0.0,0.0,0.0,361.0,1.03,337.0,74261.0
20100220:0000,15.11,77.95,0.0,-0.0,0.0,371.6,0.55,347.0,74327.0
20100220:0100,14.52,81.15,0.0,-0.0,0.0,362.65,0.55,48.0,74400.0
20100220:0200,14.24,84.7,0.0,-0.0,0.0,379.8,0.83,66.0,74451.0
20100220:0300,13.96,86.3,0.0,-0.0,0.0,376.2,0.83,74.0,74488.0
20100220:0400,13.71,88.15,0.0,-0.0,0.0,371.0,0.83,82.0,74510.0
20100220:0500,13.47,90.85,0.0,-0.0,0.0,373.0,0.62,85.0,74495.0
20100220:0600,13.27,92.5,0.0,-0.0,0.0,375.2,0.55,92.0,74459.0
20100220:0700,13.45,85.4,0.0,-0.0,0.0,376.8,0.28,77.0,74415.0
20100220:0800,13.28,86.15,0.0,-0.0,0.0,366.6,0.34,68.0,74415.0
20100220:0900,13.23,86.45,0.0,-0.0,0.0,370.0,0.62,95.0,74415.0
20100220:1000,13.26,86.3,0.0,-0.0,0.0,372.8,0.76,102.0,74451.0
20100220:1100,13.08,87.15,0.0,-0.0,0.0,364.8,0.76,95.0,74503.0
20100220:1200,13.39,87.55,5.0,0.0,5.0,370.0,0.83,106.0,74554.0
20100220:1300,14.76,80.3,38.0,0.0,38.0,355.6,0.69,132.0,74547.0
20100220:1400,16.82,66.05,89.0,0.0,89.0,342.2,0.69,172.0,74547.0
20100220:1500,18.76,54.55,79.0,0.0,79.0,362.4,1.1,153.0,74459.0
20100220:1600,20.27,47.7,57.0,0.0,57.0,366.4,0.48,163.0,74327.0
20100220:1700,20.25,49.15,56.0,0.0,56.0,373.0,0.76,326.0,74202.0
20100220:1800,18.81,57.75,215.0,15.95,200.0,382.8,1.52,326.0,74136.0
20100220:1900,20.64,45.8,372.0,26.93,349.0,386.6,1.31,324.0,74085.0
20100220:2000,18.96,55.3,229.0,14.12,219.0,386.6,1.72,330.0,74129.0
20100220:2100,17.74,62.8,275.0,77.94,235.0,380.6,1.31,334.0,74188.0
20100220:2200,17.2,67.0,38.0,0.0,38.0,369.6,0.83,328.0,74202.0
20100220:2300,16.46,71.9,0.0,0.0,0.0,371.6,0.55,12.0,74261.0
20100221:0000,15.65,78.1,0.0,-0.0,0.0,360.4,0.62,29.0,74334.0
20100221:0100,15.03,82.8,0.0,-0.0,0.0,355.25,0.76,60.0,74422.0
20100221:0200,14.86,82.15,0.0,-0.0,0.0,378.2,0.97,83.0,74488.0
20100221:0300,14.64,83.05,0.0,-0.0,0.0,372.2,0.9,84.0,74510.0
20100221:0400,14.4,84.85,0.0,-0.0,0.0,372.8,0.83,84.0,74517.0
20100221:0500,14.24,86.5,0.0,-0.0,0.0,377.8,0.55,90.0,74547.0
20100221:0600,13.93,90.6,0.0,-0.0,0.0,385.0,0.21,114.0,74503.0
20100221:0700,12.88,87.35,0.0,-0.0,0.0,369.2,0.34,74.0,74495.0
20100221:0800,12.55,91.3,0.0,-0.0,0.0,361.0,0.69,86.0,74473.0
20100221:0900,12.69,91.4,0.0,-0.0,0.0,373.8,0.83,89.0,74444.0
20100221:1000,12.85,90.4,0.0,-0.0,0.0,379.0,0.9,89.0,74459.0
20100221:1100,12.98,89.45,0.0,-0.0,0.0,379.0,0.83,95.0,74488.0
20100221:1200,13.09,91.05,145.0,432.96,61.0,377.8,0.48,115.0,74547.0
20100221:1300,14.13,83.85,296.0,213.98,203.0,365.0,0.34,146.0,74605.0
20100221:1400,16.25,69.05,655.0,828.42,121.0,359.4,0.21,120.0,74532.0
20100221:1500,17.1,66.0,857.0,891.77,135.0,358.0,0.21,255.0,74451.0
20100221:1600,18.36,60.3,990.0,922.21,143.0,367.6,0.41,281.0,74378.0
20100221:1700,19.16,57.25,1044.0,931.87,146.0,362.8,0.76,277.0,74297.0
20100221:1800,19.25,56.8,1014.0,922.34,145.0,368.8,1.17,294.0,74290.0
20100221:1900,18.88,57.25,132.0,7.01,126.0,366.8,0.9,301.0,74217.0
20100221:2000,17.98,62.7,311.0,29.6,290.0,369.6,1.17,294.0,74166.0
20100221:2100,16.61,71.8,115.0,0.0,115.0,376.2,1.1,287.0,74210.0
20100221:2200,16.11,76.45,207.0,392.85,96.0,365.2,0.69,298.0,74224.0
20100221:2300,15.3,82.35,0.0,0.0,0.0,359.6,0.41,323.0,74254.0
20100222:0000,14.46,87.05,0.0,-0.0,0.0,351.0,0.48,40.0,74363.0
20100222:0100,13.53,89.3,0.0,-0.0,0.0,375.45,0.76,61.0,74429.0
20100222:0200,12.96,92.1,0.0,-0.0,0.0,366.4,0.97,80.0,74488.0
20100222:0300,12.75,92.95,0.0,-0.0,0.0,364.8,1.1,76.0,74569.0
20100222:0400,12.63,97.85,0.0,-0.0,0.0,378.0,0.97,77.0,74561.0
20100222:0500,13.02,94.6,0.0,-0.0,0.0,385.6,0.55,90.0,74554.0
20100222:0600,13.34,92.25,0.0,-0.0,0.0,383.0,0.07,338.0,74488.0
20100222:0700,12.47,95.6,0.0,-0.0,0.0,354.4,0.48,91.0,74437.0
20100222:0800,12.34,96.05,0.0,-0.0,0.0,356.0,0.62,74.0,74444.0
20100222:0900,12.27,95.85,0.0,-0.0,0.0,359.4,0.62,68.0,74415.0
20100222:1000,12.23,95.85,0.0,-0.0,0.0,361.6,0.48,65.0,74444.0
20100222:1100,12.28,96.2,0.0,-0.0,0.0,364.2,0.55,57.0,74532.0
20100222:1200,12.67,94.6,85.0,56.36,74.0,366.2,0.48,84.0,74525.0
20100222:1300,14.02,85.25,305.0,238.51,201.0,363.0,0.55,125.0,74503.0
20100222:1400,16.19,71.05,525.0,317.24,320.0,352.8,0.28,179.0,74459.0
20100222:1500,18.17,60.95,688.0,324.16,425.0,361.8,0.76,254.0,74422.0
20100222:1600,18.73,60.0,537.0,64.12,478.0,349.0,1.1,271.0,74371.0
20100222:1700,17.21,67.95,526.0,48.69,479.0,365.2,1.31,301.0,74378.0
20100222:1800,17.59,77.55,764.0,243.72,534.0,367.8,0.97,288.0,74246.0
20100222:1900,19.13,66.7,740.0,357.15,434.0,381.4,0.83,294.0,74158.0
20100222:2000,16.65,76.05,494.0,173.12,371.0,375.8,0.83,346.0,74136.0
20100222:2100,17.13,80.4,317.0,139.87,245.0,366.8,0.69,288.0,74034.0
20100222:2200,16.17,83.05,211.0,420.49,92.0,367.8,0.69,304.0,74136.0
20100222:2300,14.21,84.7,0.0,0.0,0.0,359.0,0.48,340.0,74224.0
20100223:0000,12.69,95.2,0.0,-0.0,0.0,358.2,0.34,89.0,74341.0
20100223:0100,12.96,92.55,0.0,-0.0,0.0,381.85,0.62,68.0,74371.0
20100223:0200,13.28,91.6,0.0,-0.0,0.0,378.2,0.62,89.0,74437.0
20100223:0300,13.0,93.7,0.0,-0.0,0.0,366.4,0.76,74.0,74459.0
20100223:0400,13.09,93.85,0.0,-0.0,0.0,380.8,0.83,84.0,74459.0
20100223:0500,13.09,97.85,0.0,-0.0,0.0,385.0,0.83,98.0,74451.0
20100223:0600,13.18,96.0,0.0,-0.0,0.0,384.4,0.34,122.0,74422.0
20100223:0700,13.05,95.25,0.0,-0.0,0.0,372.0,0.48,64.0,74393.0
20100223:0800,13.08,94.2,0.0,-0.0,0.0,375.6,0.55,46.0,74363.0
20100223:0900,13.16,94.2,0.0,-0.0,0.0,385.8,0.48,37.0,74349.0
20100223:1000,13.19,94.1,0.0,-0.0,0.0,381.2,0.21,33.0,74393.0
20100223:1100,13.14,94.5,0.0,-0.0,0.0,381.2,0.07,36.0,74437.0
20100223:1200,13.23,94.45,86.0,56.01,75.0,376.4,0.0,29.0,74473.0
20100223:1300,14.26,91.8,285.0,180.58,206.0,368.4,0.14,277.0,74547.0
20100223:1400,15.13,88.0,462.0,191.41,338.0,358.4,0.48,261.0,74539.0
20100223:1500,16.67,84.0,677.0,297.65,435.0,368.8,0.9,276.0,74554.0
20100223:1600,17.98,82.05,645.0,133.42,522.0,378.4,1.03,286.0,74481.0
20100223:1700,18.95,83.5,748.0,196.49,558.0,375.8,1.38,268.0,74407.0
20100223:1800,18.93,85.55,799.0,284.6,530.0,380.2,1.31,255.0,74385.0
20100223:1900,17.11,80.45,690.0,259.89,467.0,378.0,1.45,281.0,74349.0
20100223:2000,16.65,81.65,506.0,188.34,372.0,375.4,1.31,277.0,74297.0
20100223:2100,15.85,81.9,440.0,475.28,195.0,370.8,1.24,278.0,74290.0
20100223:2200,14.77,84.05,224.0,504.59,81.0,363.2,0.97,283.0,74261.0
20100223:2300,14.23,80.55,0.0,0.0,0.0,370.6,1.24,309.0,74283.0
20100224:0000,13.83,85.7,0.0,-0.0,0.0,369.4,1.03,320.0,74371.0
20100224:0100,13.31,89.9,0.0,-0.0,0.0,360.85,0.55,325.0,74400.0
20100224:0200,13.27,90.5,0.0,-0.0,0.0,377.2,0.28,326.0,74488.0
20100224:0300,13.14,84.7,0.0,-0.0,0.0,383.2,0.28,337.0,74561.0
20100224:0400,12.53,92.45,0.0,-0.0,0.0,368.0,0.34,295.0,74620.0
20100224:0500,12.42,92.95,0.0,-0.0,0.0,374.8,0.76,292.0,74613.0
20100224:0600,12.05,94.9,0.0,-0.0,0.0,356.2,0.14,188.0,74576.0
20100224:0700,11.84,92.8,0.0,-0.0,0.0,361.4,0.21,277.0,74525.0
20100224:0800,11.48,95.15,0.0,-0.0,0.0,356.0,0.41,48.0,74547.0
20100224:0900,11.47,96.15,0.0,-0.0,0.0,356.6,0.41,75.0,74510.0
20100224:1000,11.13,96.45,0.0,-0.0,0.0,342.4,0.76,76.0,74503.0
20100224:1100,10.61,97.75,0.0,-0.0,0.0,334.6,0.83,82.0,74525.0
20100224:1200,11.53,95.65,149.0,440.14,62.0,337.8,0.48,79.0,74598.0
20100224:1300,13.55,87.6,413.0,713.03,100.0,342.4,0.41,297.0,74657.0
20100224:1400,15.32,85.1,662.0,831.48,122.0,340.8,0.83,288.0,74649.0
20100224:1500,17.19,81.25,864.0,894.77,135.0,348.2,0.76,287.0,74657.0
20100224:1600,18.65,77.7,714.0,202.47,527.0,367.0,0.97,289.0,74591.0
20100224:1700,19.07,80.3,227.0,25.81,202.0,365.8,1.1,284.0,74495.0
20100224:1800,19.54,81.05,135.0,5.28,130.0,367.8,1.1,290.0,74356.0
20100224:1900,20.52,79.55,129.0,5.82,124.0,362.8,1.24,275.0,74224.0
20100224:2000,19.75,82.65,98.0,0.0,98.0,363.8,1.31,284.0,74166.0
20100224:2100,18.07,82.15,79.0,0.0,79.0,359.0,1.1,296.0,74261.0
20100224:2200,16.65,82.8,109.0,7.05,107.0,365.6,0.97,275.0,74202.0
20100224:2300,14.51,82.0,0.0,0.0,0.0,346.6,1.24,311.0,74283.0
20100225:0000,12.56,94.9,0.0,-0.0,0.0,355.6,1.24,349.0,74415.0
20100225:0100,11.97,97.5,0.0,-0.0,0.0,370.65,0.76,40.0,74525.0
20100225:0200,11.93,99.1,0.0,-0.0,0.0,366.6,0.69,42.0,74627.0
20100225:0300,11.91,99.05,0.0,-0.0,0.0,370.4,0.83,56.0,74657.0
20100225:0400,11.51,99.5,0.0,-0.0,0.0,350.6,0.76,84.0,74679.0
20100225:0500,10.98,99.15,0.0,-0.0,0.0,338.0,0.76,87.0,74664.0
20100225:0600,10.46,99.05,0.0,-0.0,0.0,332.2,0.83,87.0,74627.0
20100225:0700,11.61,97.05,0.0,-0.0,0.0,349.8,0.48,58.0,74569.0
20100225:0800,11.39,96.35,0.0,-0.0,0.0,347.8,0.69,67.0,74539.0
20100225:0900,10.87,97.2,0.0,-0.0,0.0,345.4,0.83,74.0,74517.0
20100225:1000,10.7,96.85,0.0,-0.0,0.0,344.2,0.9,78.0,74539.0
20100225:1100,10.55,97.15,0.0,-0.0,0.0,344.8,0.9,79.0,74576.0
20100225:1200,11.1,96.35,71.0,15.08,68.0,345.6,0.76,77.0,74657.0
20100225:1300,13.42,84.9,345.0,358.7,187.0,346.0,0.28,14.0,74730.0
20100225:1400,14.68,75.4,500.0,254.96,334.0,366.6,0.9,317.0,74722.0
20100225:1500,15.76,67.8,738.0,404.19,408.0,353.4,1.03,317.0,74671.0
20100225:1600,16.85,65.55,999.0,924.04,144.0,347.6,1.24,311.0,74664.0
20100225:1700,17.51,71.45,610.0,83.49,529.0,351.4,1.38,294.0,74561.0
20100225:1800,18.59,79.5,1022.0,923.98,146.0,367.4,1.59,279.0,74473.0
20100225:1900,19.65,77.5,911.0,896.01,140.0,349.0,1.31,275.0,74334.0
20100225:2000,20.07,78.25,93.0,0.0,93.0,354.8,1.66,271.0,74290.0
20100225:2100,17.98,79.45,49.0,0.0,49.0,352.8,1.52,278.0,74254.0
20100225:2200,15.54,75.95,233.0,535.14,81.0,351.8,1.24,277.0,74422.0
20100225:2300,13.93,92.55,0.0,0.0,0.0,352.8,1.17,280.0,74371.0
20100226:0000,12.99,95.55,0.0,-0.0,0.0,361.6,1.1,286.0,74495.0
20100226:0100,12.68,97.65,0.0,-0.0,0.0,349.65,0.76,300.0,74591.0
20100226:0200,12.91,95.7,0.0,-0.0,0.0,364.2,0.62,28.0,74620.0
20100226:0300,12.21,94.6,0.0,-0.0,0.0,345.6,0.34,42.0,74627.0
20100226:0400,12.23,93.0,0.0,-0.0,0.0,355.8,0.07,349.0,74657.0
20100226:0500,12.32,93.3,0.0,-0.0,0.0,366.2,0.28,295.0,74642.0
20100226:0600,12.38,93.7,0.0,-0.0,0.0,371.0,0.28,269.0,74583.0
20100226:0700,12.39,92.35,0.0,-0.0,0.0,378.2,0.34,89.0,74525.0
20100226:0800,12.3,93.55,0.0,-0.0,0.0,367.0,0.21,81.0,74510.0
20100226:0900,12.17,93.85,0.0,-0.0,0.0,366.2,0.21,18.0,74488.0
20100226:1000,11.85,95.0,0.0,-0.0,0.0,361.4,0.55,85.0,74444.0
20100226:1100,11.75,95.3,0.0,-0.0,0.0,359.8,0.62,96.0,74488.0
20100226:1200,12.11,94.75,53.0,0.0,53.0,358.2,0.34,100.0,74561.0
20100226:1300,13.52,85.55,50.0,0.0,50.0,364.2,0.07,299.0,74620.0
20100226:1400,15.13,72.65,97.0,0.0,97.0,339.8,0.48,295.0,74635.0
20100226:1500,15.97,67.0,89.0,0.0,89.0,366.2,0.62,309.0,74635.0
20100226:1600,17.13,62.1,174.0,12.95,162.0,359.8,0.62,313.0,74591.0
20100226:1700,16.79,68.0,517.0,44.25,474.0,369.0,1.1,318.0,74525.0
20100226:1800,17.19,74.7,703.0,169.57,542.0,362.8,1.52,292.0,74422.0
20100226:1900,16.2,67.8,241.0,16.25,227.0,376.8,0.83,311.0,74349.0
20100226:2000,15.36,74.6,345.0,40.6,316.0,366.4,1.03,308.0,74276.0
20100226:2100,15.02,78.55,202.0,17.4,193.0,360.0,0.55,288.0,74239.0
20100226:2200,14.53,80.7,61.0,0.0,61.0,362.2,0.83,305.0,74305.0
20100226:2300,13.88,85.25,0.0,0.0,0.0,360.2,0.62,304.0,74371.0
20100227:0000,13.36,89.4,0.0,-0.0,0.0,357.8,0.48,322.0,74451.0
20100227:0100,12.71,92.9,0.0,-0.0,0.0,345.05,0.28,345.0,74539.0
20100227:0200,12.35,93.7,0.0,-0.0,0.0,344.4,0.34,32.0,74598.0
20100227:0300,11.9,91.45,0.0,-0.0,0.0,341.6,0.76,76.0,74664.0
20100227:0400,11.19,96.0,0.0,-0.0,0.0,348.6,0.76,82.0,74642.0
20100227:0500,10.83,97.1,0.0,-0.0,0.0,348.0,0.76,86.0,74598.0
20100227:0600,10.44,97.45,0.0,-0.0,0.0,345.0,0.9,88.0,74554.0
20100227:0700,10.61,97.1,0.0,-0.0,0.0,353.6,1.03,92.0,74488.0
20100227:0800,10.28,96.8,0.0,-0.0,0.0,349.4,1.17,92.0,74466.0
20100227:0900,9.85,96.75,0.0,-0.0,0.0,345.4,1.31,90.0,74466.0
20100227:1000,9.57,96.25,0.0,-0.0,0.0,344.4,1.31,89.0,74459.0
20100227:1100,9.17,96.25,0.0,-0.0,0.0,341.4,1.38,89.0,74481.0
20100227:1200,9.69,94.6,157.0,461.06,64.0,331.6,1.24,87.0,74547.0
20100227:1300,12.31,85.95,426.0,730.41,102.0,330.8,0.9,93.0,74613.0
20100227:1400,15.59,67.4,680.0,851.12,123.0,323.6,0.07,316.0,74598.0
20100227:1500,17.53,56.05,885.0,912.35,137.0,327.2,0.14,0.0,74554.0
20100227:1600,18.98,47.4,1020.0,942.27,145.0,336.6,0.28,3.0,74481.0
20100227:1700,19.68,44.15,1075.0,951.44,149.0,352.4,0.83,344.0,74356.0
20100227:1800,19.66,45.85,1044.0,943.43,147.0,353.2,1.17,329.0,74276.0
20100227:1900,19.63,47.55,494.0,66.07,437.0,364.0,1.52,305.0,74232.0
20100227:2000,18.74,53.65,360.0,51.75,323.0,347.2,1.72,314.0,74232.0
20100227:2100,17.55,60.7,196.0,15.45,188.0,350.2,1.31,312.0,74246.0
20100227:2200,16.94,63.5,213.0,428.87,91.0,346.0,0.97,314.0,74268.0
20100227:2300,15.23,74.85,0.0,0.0,0.0,326.4,0.83,300.0,74319.0
20100228:0000,13.85,81.7,0.0,-0.0,0.0,318.6,0.62,302.0,74429.0
20100228:0100,12.13,88.15,0.0,-0.0,0.0,319.25,0.55,73.0,74517.0
20100228:0200,11.41,90.3,0.0,-0.0,0.0,325.4,0.76,74.0,74591.0
20100228:0300,10.32,97.75,0.0,-0.0,0.0,314.2,0.97,78.0,74620.0
20100228:0400,9.82,98.0,0.0,-0.0,0.0,317.2,1.03,85.0,74635.0
20100228:0500,9.63,95.85,0.0,-0.0,0.0,319.6,0.97,90.0,74642.0
20100228:0600,10.3,95.55,0.0,-0.0,0.0,350.2,0.69,85.0,74613.0
20100228:0700,10.24,92.6,0.0,-0.0,0.0,325.6,0.9,88.0,74561.0
20100228:0800,10.24,93.3,0.0,-0.0,0.0,337.2,0.9,86.0,74517.0
20100228:0900,10.26,92.9,0.0,-0.0,0.0,337.8,0.97,86.0,74539.0
20100228:1000,10.56,91.9,0.0,-0.0,0.0,353.8,0.9,83.0,74539.0
20100228:1100,10.99,90.15,0.0,-0.0,0.0,362.4,0.83,86.0,74591.0
20100228:1200,11.68,88.7,158.0,462.74,64.0,373.4,0.69,89.0,74671.0
20100228:1300,13.09,82.25,427.0,730.04,102.0,380.6,0.41,92.0,74700.0
20100228:1400,14.9,71.75,678.0,845.89,123.0,361.6,0.07,298.0,74671.0
20100228:1500,17.21,56.95,395.0,36.52,365.0,332.4,0.07,7.0,74613.0
20100228:1600,20.53,42.93,1014.0,934.16,145.0,361.57,0.81,88.0,74488.0
20100228:1700,19.82,47.07,693.0,194.92,503.0,360.78,0.81,358.0,74312.0
20100228:1800,19.1,51.21,1035.0,932.7,147.0,359.99,0.8,349.0,74246.0
20100228:1900,18.38,55.35,921.0,903.06,141.0,359.2,0.8,338.0,74166.0
20100228:2000,17.66,59.49,124.0,1.4,123.0,358.4,0.8,325.0,74136.0
20100228:2100,16.94,63.64,329.0,160.16,246.0,357.61,0.8,318.0,74136.0
20100228:2200,16.22,67.78,234.0,537.59,81.0,356.82,0.79,330.0,74173.0
20100228:2300,15.51,71.92,0.0,0.0,0.0,356.02,0.79,345.0,74210.0
20150301:0000,14.79,76.06,0.0,-0.0,0.0,355.23,0.79,64.0,74444.0
20150301:0100,14.07,80.2,0.0,-0.0,0.0,354.44,0.78,41.0,74532.0
20150301:0200,13.35,84.35,0.0,-0.0,0.0,353.65,0.78,40.0,74605.0
20150301:0300,12.63,88.49,0.0,-0.0,0.0,352.85,0.78,75.0,74679.0
20150301:0400,11.92,92.63,0.0,-0.0,0.0,352.06,0.78,79.0,74693.0
20150301:0500,11.2,96.77,0.0,-0.0,0.0,351.27,0.77,82.0,74649.0
20150301:0600,10.48,100.0,0.0,-0.0,0.0,350.48,0.77,90.0,74547.0
20150301:0700,9.76,100.0,0.0,-0.0,0.0,349.68,0.77,88.0,74532.0
20150301:0800,10.68,96.25,0.0,-0.0,0.0,349.8,0.69,92.0,74561.0
20150301:0900,10.8,95.55,0.0,-0.0,0.0,357.8,0.69,90.0,74547.0
20150301:1000,10.57,95.95,0.0,-0.0,0.0,353.4,0.76,92.0,74539.0
20150301:1100,10.59,94.2,0.0,-0.0,0.0,357.6,0.83,91.0,74583.0
20150301:1200,10.85,92.1,72.0,0.0,72.0,351.2,1.1,92.0,74671.0
20150301:1300,12.39,84.4,212.0,91.76,171.0,350.8,0.97,98.0,74700.0
20150301:1400,14.56,71.85,657.0,758.57,158.0,334.8,0.41,144.0,74686.0
20150301:1500,16.23,61.8,859.0,829.63,176.0,341.6,0.14,154.0,74591.0
20150301:1600,17.14,57.45,993.0,302.62,711.0,364.2,0.21,264.0,74488.0
20150301:1700,16.05,66.2,785.0,5.12,780.0,370.6,0.55,280.0,74473.0
20150301:1800,16.63,70.3,518.0,377.63,158.0,363.6,1.24,285.0,74415.0
20150301:1900,16.47,67.75,373.0,414.01,15.0,383.4,0.97,292.0,74290.0
20150301:2000,16.37,68.95,256.0,26.52,237.0,365.0,1.31,284.0,74224.0
20150301:2100,15.61,73.15,236.0,298.88,81.0,363.6,1.31,272.0,74217.0
20150301:2200,13.61,84.15,219.0,45.66,206.0,359.4,0.48,271.0,74334.0
20150301:2300,13.19,87.2,11.0,0.0,11.0,352.6,0.41,20.0,74334.0
20150302:0000,12.61,91.25,0.0,-0.0,0.0,355.0,0.69,11.0,74473.0
20150302:0100,12.03,94.95,0.0,-0.0,0.0,359.85,0.55,45.0,74605.0
20150302:0200,11.95,95.45,0.0,-0.0,0.0,368.2,0.9,82.0,74642.0
20150302:0300,11.98,96.05,0.0,-0.0,0.0,372.2,0.76,94.0,74664.0
20150302:0400,11.87,98.4,0.0,-0.0,0.0,373.2,0.28,81.0,74679.0
20150302:0500,11.49,96.2,0.0,-0.0,0.0,375.4,0.14,351.0,74664.0
20150302:0600,11.62,97.95,0.0,-0.0,0.0,366.6,0.55,80.0,74613.0
20150302:0700,11.1,98.25,0.0,-0.0,0.0,361.4,0.55,83.0,74532.0
20150302:0800,11.17,97.25,0.0,-0.0,0.0,361.0,0.62,76.0,74510.0
20150302:0900,11.09,97.9,0.0,-0.0,0.0,359.6,0.62,67.0,74503.0
20150302:1000,11.22,97.85,0.0,-0.0,0.0,366.0,0.62,74.0,74488.0
20150302:1100,11.33,96.6,0.0,-0.0,0.0,371.0,0.62,86.0,74539.0
20150302:1200,11.59,96.0,106.0,145.55,76.0,363.4,0.55,92.0,74591.0
20150302:1300,12.69,87.35,333.0,100.35,288.0,349.4,0.62,91.0,74679.0
20150302:1400,14.63,73.5,662.0,761.16,160.0,350.2,0.07,322.0,74657.0
20150302:1500,15.49,68.1,863.0,830.36,178.0,359.0,0.76,268.0,74649.0
20150302:1600,14.94,73.1,997.0,352.45,668.0,370.8,1.03,264.0,74569.0
20150302:1700,15.7,68.95,1051.0,879.66,191.0,371.2,1.38,268.0,74488.0
20150302:1800,16.93,74.5,1021.0,871.64,189.0,359.0,1.86,271.0,74393.0
20150302:1900,16.15,71.8,646.0,110.9,550.0,369.8,1.24,286.0,74268.0
20150302:2000,16.9,77.8,440.0,23.71,423.0,354.4,1.72,268.0,74217.0
20150302:2100,15.21,81.35,296.0,0.0,296.0,357.8,1.59,262.0,74276.0
20150302:2200,15.13,84.25,222.0,382.82,113.0,356.0,1.03,277.0,74290.0
20150302:2300,13.66,88.45,11.0,0.0,11.0,362.8,0.97,299.0,74290.0
20150303:0000,12.74,91.15,0.0,-0.0,0.0,362.2,0.83,312.0,74422.0
20150303:0100,12.71,88.75,0.0,-0.0,0.0,372.25,0.41,309.0,74473.0
20150303:0200,12.35,91.85,0.0,-0.0,0.0,361.8,0.34,95.0,74510.0
20150303:0300,12.23,93.5,0.0,-0.0,0.0,362.2,0.41,120.0,74561.0
20150303:0400,11.94,94.4,0.0,-0.0,0.0,356.2,0.55,123.0,74547.0
20150303:0500,11.76,95.1,0.0,-0.0,0.0,359.0,0.48,106.0,74532.0
20150303:0600,11.56,95.4,0.0,-0.0,0.0,355.8,0.34,89.0,74459.0
20150303:0700,11.27,95.75,0.0,-0.0,0.0,355.0,0.55,99.0,74415.0
20150303:0800,11.33,95.35,0.0,-0.0,0.0,357.0,0.41,99.0,74385.0
20150303:0900,11.12,96.05,0.0,-0.0,0.0,352.0,0.41,94.0,74378.0
20150303:1000,10.98,98.9,0.0,-0.0,0.0,357.2,0.34,86.0,74378.0
20150303:1100,11.36,98.0,0.0,-0.0,0.0,365.4,0.48,81.0,74451.0
20150303:1200,11.55,96.5,44.0,0.0,44.0,359.4,0.48,81.0,74503.0
20150303:1300,12.56,85.75,379.0,628.74,96.0,372.4,0.62,96.0,74547.0
20150303:1400,13.46,79.75,559.0,535.37,205.0,369.0,0.34,147.0,74532.0
20150303:1500,14.11,78.15,292.0,18.15,277.0,380.4,0.62,231.0,74532.0
20150303:1600,14.13,80.95,1001.0,867.36,190.0,367.8,0.97,236.0,74473.0
20150303:1700,15.65,81.85,536.0,68.43,469.0,376.6,1.03,257.0,74466.0
20150303:1800,16.96,78.9,340.0,211.37,138.0,373.6,1.24,256.0,74305.0
20150303:1900,16.9,83.15,770.0,837.84,44.0,366.0,1.31,250.0,74254.0
20150303:2000,15.7,83.45,393.0,523.94,17.0,370.2,1.52,237.0,74173.0
20150303:2100,14.21,86.0,207.0,17.33,198.0,371.6,1.24,231.0,74166.0
20150303:2200,13.48,93.45,133.0,347.72,34.0,368.8,0.69,256.0,74254.0
20150303:2300,12.61,92.2,3.0,0.0,3.0,370.0,0.62,285.0,74261.0
20150304:0000,12.2,95.8,0.0,-0.0,0.0,368.6,0.48,328.0,74327.0
20150304:0100,11.99,96.65,0.0,-0.0,0.0,371.05,0.34,75.0,74371.0
20150304:0200,11.72,97.0,0.0,-0.0,0.0,362.0,0.76,98.0,74422.0
20150304:0300,11.56,98.1,0.0,-0.0,0.0,361.6,0.83,109.0,74481.0
20150304:0400,11.45,98.05,0.0,-0.0,0.0,365.0,0.83,110.0,74466.0
20150304:0500,11.3,99.25,0.0,-0.0,0.0,364.6,0.83,103.0,74459.0
20150304:0600,11.06,99.4,0.0,-0.0,0.0,358.4,0.76,100.0,74378.0
20150304:0700,10.96,99.4,0.0,-0.0,0.0,362.6,0.76,95.0,74341.0
20150304:0800,11.17,98.1,0.0,-0.0,0.0,377.2,0.69,95.0,74319.0
20150304:0900,11.29,97.7,0.0,-0.0,0.0,375.0,0.62,88.0,74312.0
20150304:1000,11.36,97.25,0.0,-0.0,0.0,375.8,0.69,87.0,74327.0
20150304:1100,11.33,97.7,0.0,-0.0,0.0,376.0,0.69,86.0,74385.0
20150304:1200,11.43,96.9,41.0,0.0,41.0,372.6,0.9,93.0,74488.0
20150304:1300,11.98,94.1,184.0,4.43,182.0,375.6,0.97,109.0,74532.0
20150304:1400,12.77,90.8,712.0,758.74,209.0,371.8,0.9,117.0,74569.0
20150304:1500,13.78,84.75,210.0,107.45,121.0,365.0,0.55,128.0,74517.0
20150304:1600,14.96,79.65,477.0,185.78,303.0,370.4,0.28,195.0,74495.0
20150304:1700,16.37,76.25,525.0,40.8,485.0,370.8,0.83,254.0,74393.0
20150304:1800,16.15,79.3,312.0,61.67,253.0,377.4,1.24,249.0,74283.0
20150304:1900,17.52,54.65,642.0,4.61,638.0,370.6,0.48,215.0,74188.0
20150304:2000,17.47,56.3,313.0,37.6,286.0,372.0,0.83,266.0,74129.0
20150304:2100,17.01,58.95,351.0,0.0,351.0,352.8,1.03,276.0,74092.0
20150304:2200,15.82,68.05,224.0,0.0,224.0,366.6,1.24,270.0,74129.0
20150304:2300,14.48,78.2,10.0,0.0,10.0,355.6,0.9,275.0,74202.0
20150305:0000,13.22,82.0,0.0,-0.0,0.0,346.4,0.28,298.0,74327.0
20150305:0100,12.04,90.05,0.0,-0.0,0.0,349.85,0.48,108.0,74400.0
20150305:0200,11.58,97.85,0.0,-0.0,0.0,363.0,0.97,112.0,74466.0
20150305:0300,11.37,98.35,0.0,-0.0,0.0,362.0,0.97,120.0,74525.0
20150305:0400,11.3,98.35,0.0,-0.0,0.0,364.2,0.97,105.0,74525.0
20150305:0500,11.31,98.1,0.0,-0.0,0.0,368.2,0.83,87.0,74532.0
20150305:0600,11.3,98.0,0.0,-0.0,0.0,372.8,0.83,87.0,74473.0
20150305:0700,11.22,96.65,0.0,-0.0,0.0,370.6,0.62,88.0,74407.0
20150305:0800,11.26,95.8,0.0,-0.0,0.0,368.4,0.55,89.0,74393.0
20150305:0900,11.09,95.8,0.0,-0.0,0.0,360.2,0.62,89.0,74371.0
20150305:1000,11.12,94.95,0.0,-0.0,0.0,367.0,0.9,91.0,74415.0
20150305:1100,11.01,95.4,0.0,-0.0,0.0,367.8,0.83,94.0,74459.0
20150305:1200,11.19,94.7,156.0,351.0,82.0,367.8,0.97,102.0,74525.0
20150305:1300,11.67,92.35,339.0,626.25,55.0,372.0,1.03,109.0,74576.0
20150305:1400,13.32,77.85,379.0,100.8,312.0,373.2,1.17,113.0,74613.0
20150305:1500,14.28,69.95,870.0,830.17,181.0,363.8,0.97,125.0,74561.0
20150305:1600,15.97,60.15,299.0,20.25,280.0,374.8,0.83,148.0,74473.0
20150305:1700,17.16,54.0,578.0,79.45,500.0,367.2,0.9,179.0,74378.0
20150305:1800,17.52,51.2,629.0,18.79,611.0,370.4,0.97,225.0,74261.0
20150305:1900,17.6,53.75,385.0,58.75,334.0,375.2,0.62,256.0,74173.0
20150305:2000,16.48,60.25,620.0,96.02,551.0,363.8,0.97,281.0,74158.0
20150305:2100,15.88,64.9,346.0,662.07,2.0,358.8,1.03,288.0,74166.0
20150305:2200,15.14,72.9,136.0,442.82,10.0,356.2,0.83,275.0,74195.0
20150305:2300,14.39,78.7,11.0,0.0,11.0,365.8,0.62,286.0,74261.0
20150306:0000,13.07,84.5,0.0,-0.0,0.0,357.0,0.28,357.0,74363.0
20150306:0100,12.2,91.1,0.0,-0.0,0.0,366.65,0.62,70.0,74437.0
20150306:0200,11.25,97.6,0.0,-0.0,0.0,344.6,1.03,79.0,74539.0
20150306:0300,11.09,98.1,0.0,-0.0,0.0,356.8,1.1,85.0,74554.0
20150306:0400,10.94,98.35,0.0,-0.0,0.0,356.4,1.17,88.0,74598.0
20150306:0500,10.92,98.45,0.0,-0.0,0.0,363.8,1.03,87.0,74569.0
20150306:0600,11.01,96.45,0.0,-0.0,0.0,370.0,0.97,91.0,74510.0
20150306:0700,11.05,99.6,0.0,-0.0,0.0,374.2,0.83,91.0,74473.0
20150306:0800,10.83,99.6,0.0,-0.0,0.0,364.2,0.9,92.0,74459.0
20150306:0900,10.61,98.65,0.0,-0.0,0.0,368.4,0.97,96.0,74437.0
20150306:1000,10.64,97.9,0.0,-0.0,0.0,374.2,0.9,91.0,74488.0
20150306:1100,10.51,97.95,0.0,-0.0,0.0,368.6,0.97,89.0,74488.0
20150306:1200,10.72,96.55,101.0,14.12,98.0,361.4,1.1,100.0,74532.0
20150306:1300,11.65,91.2,293.0,342.7,137.0,368.0,1.1,105.0,74583.0
20150306:1400,13.2,79.2,207.0,256.61,36.0,353.2,1.03,109.0,74605.0
20150306:1500,14.36,68.25,171.0,10.82,162.0,356.2,0.9,122.0,74539.0
20150306:1600,15.59,60.3,111.0,10.64,101.0,358.4,0.83,145.0,74407.0
20150306:1700,16.63,53.8,175.0,29.5,146.0,367.8,0.83,147.0,74305.0
20150306:1800,16.76,54.6,437.0,19.82,418.0,364.0,0.76,267.0,74239.0
20150306:1900,17.4,54.9,216.0,25.32,194.0,359.0,0.83,292.0,74166.0
20150306:2000,17.33,55.35,351.0,70.93,300.0,363.2,0.97,287.0,74100.0
20150306:2100,16.19,62.6,414.0,609.98,97.0,351.4,0.97,277.0,74107.0
20150306:2200,14.62,73.35,65.0,140.66,25.0,355.0,0.83,281.0,74246.0
20150306:2300,13.66,80.4,0.0,0.0,0.0,354.6,0.48,285.0,74290.0
20150307:0000,12.48,87.35,0.0,-0.0,0.0,336.8,0.41,10.0,74378.0
20150307:0100,12.13,96.05,0.0,-0.0,0.0,356.65,0.76,86.0,74466.0
20150307:0200,11.52,95.1,0.0,-0.0,0.0,356.4,0.97,80.0,74554.0
20150307:0300,11.37,98.2,0.0,-0.0,0.0,362.0,1.1,89.0,74569.0
20150307:0400,11.26,98.3,0.0,-0.0,0.0,359.6,1.1,96.0,74613.0
20150307:0500,11.5,98.2,0.0,-0.0,0.0,377.8,0.9,88.0,74591.0
20150307:0600,11.44,98.65,0.0,-0.0,0.0,370.2,0.76,87.0,74539.0
20150307:0700,11.38,98.8,0.0,-0.0,0.0,377.0,0.76,88.0,74481.0
20150307:0800,11.22,98.7,0.0,-0.0,0.0,366.2,0.9,88.0,74437.0
20150307:0900,10.82,98.9,0.0,-0.0,0.0,351.8,0.83,96.0,74444.0
20150307:1000,10.51,97.5,0.0,-0.0,0.0,349.8,1.03,90.0,74481.0
20150307:1100,10.52,96.75,0.0,-0.0,0.0,357.6,1.17,90.0,74517.0
20150307:1200,10.77,95.6,97.0,37.36,89.0,349.6,1.24,94.0,74583.0
20150307:1300,11.77,91.35,203.0,102.86,156.0,359.2,1.03,99.0,74642.0
20150307:1400,13.39,77.8,221.0,148.18,122.0,355.6,1.03,105.0,74657.0
20150307:1500,14.82,72.5,361.0,248.43,154.0,353.6,0.55,128.0,74591.0
20150307:1600,14.98,69.5,398.0,19.13,380.0,357.0,0.48,182.0,74517.0
20150307:1700,15.94,64.15,725.0,46.74,679.0,370.2,0.41,146.0,74422.0
20150307:1800,17.01,58.1,499.0,21.88,478.0,370.0,0.34,223.0,74334.0
20150307:1900,16.91,58.65,282.0,71.31,220.0,377.0,0.28,186.0,74239.0
20150307:2000,16.78,60.35,219.0,43.09,188.0,372.6,0.41,280.0,74158.0
20150307:2100,16.52,62.55,434.0,650.31,96.0,366.2,0.76,311.0,74100.0
20150307:2200,15.59,68.55,199.0,401.16,85.0,355.0,0.48,295.0,74224.0
20150307:2300,14.49,77.6,10.0,0.0,10.0,365.6,0.28,267.0,74202.0
20150308:0000,13.43,83.35,0.0,-0.0,0.0,352.8,0.48,20.0,74334.0
20150308:0100,13.29,82.35,0.0,-0.0,0.0,380.05,0.83,67.0,74385.0
20150308:0200,13.18,82.7,0.0,-0.0,0.0,375.6,0.9,85.0,74459.0
20150308:0300,13.0,83.95,0.0,-0.0,0.0,378.6,0.76,86.0,74488.0
20150308:0400,12.71,86.05,0.0,-0.0,0.0,375.8,0.9,81.0,74510.0
20150308:0500,12.55,86.5,0.0,-0.0,0.0,373.8,0.83,87.0,74488.0
20150308:0600,12.38,87.25,0.0,-0.0,0.0,375.4,0.83,83.0,74451.0
20150308:0700,12.17,87.15,0.0,-0.0,0.0,370.6,0.9,80.0,74378.0
20150308:0800,12.1,86.4,0.0,-0.0,0.0,369.2,0.9,77.0,74334.0
20150308:0900,11.82,87.45,0.0,-0.0,0.0,358.8,0.69,79.0,74341.0
20150308:1000,11.85,86.4,0.0,-0.0,0.0,368.6,0.83,89.0,74393.0
20150308:1100,11.59,87.25,0.0,-0.0,0.0,360.6,0.97,92.0,74422.0
20150308:1200,11.57,88.3,90.0,0.0,90.0,367.8,0.97,95.0,74481.0
20150308:1300,11.98,87.9,408.0,625.71,121.0,366.6,1.03,104.0,74517.0
20150308:1400,13.69,77.3,496.0,168.7,383.0,370.8,1.1,118.0,74510.0
20150308:1500,14.63,71.2,872.0,824.12,184.0,367.4,1.1,134.0,74481.0
20150308:1600,15.74,62.5,1005.0,860.5,194.0,368.6,1.59,130.0,74356.0
20150308:1700,17.43,54.65,1057.0,41.61,1016.0,373.0,1.86,128.0,74239.0
20150308:1800,19.04,48.6,1024.0,862.89,195.0,366.0,1.45,138.0,74114.0
20150308:1900,18.91,48.55,910.0,832.1,186.0,377.0,0.83,159.0,74041.0
20150308:2000,18.97,50.3,724.0,771.17,169.0,377.4,0.34,250.0,73990.0
20150308:2100,18.6,52.05,485.0,658.0,143.0,361.4,0.14,308.0,73953.0
20150308:2200,17.55,58.2,222.0,21.13,216.0,360.0,0.76,301.0,73968.0
20150308:2300,15.88,71.15,10.0,0.0,10.0,351.6,0.48,338.0,74092.0
20150309:0000,14.9,78.0,0.0,-0.0,0.0,361.8,0.34,64.0,74166.0
20150309:0100,14.1,81.55,0.0,-0.0,0.0,356.85,0.62,94.0,74232.0
20150309:0200,13.71,82.6,0.0,-0.0,0.0,367.8,1.03,100.0,74312.0
20150309:0300,13.3,83.85,0.0,-0.0,0.0,367.0,1.1,97.0,74363.0
20150309:0400,13.28,83.4,0.0,-0.0,0.0,375.0,1.03,98.0,74393.0
20150309:0500,13.12,83.5,0.0,-0.0,0.0,374.4,1.03,98.0,74356.0
20150309:0600,12.69,84.85,0.0,-0.0,0.0,362.4,1.03,97.0,74349.0
20150309:0700,12.77,79.5,0.0,-0.0,0.0,380.6,0.97,110.0,74290.0
20150309:0800,12.63,78.15,0.0,-0.0,0.0,378.2,1.03,110.0,74261.0
20150309:0900,12.55,78.1,0.0,-0.0,0.0,377.8,0.9,108.0,74239.0
20150309:1000,12.54,78.35,0.0,-0.0,0.0,376.0,0.9,111.0,74261.0
20150309:1100,12.61,78.15,0.0,-0.0,0.0,380.0,0.97,109.0,74305.0
20150309:1200,12.75,78.8,32.0,0.0,32.0,378.8,1.03,113.0,74349.0
20150309:1300,13.44,75.6,17.0,0.0,17.0,381.8,1.1,120.0,74378.0
20150309:1400,14.27,70.4,121.0,0.0,121.0,382.2,1.1,130.0,74393.0
20150309:1500,15.48,64.25,244.0,15.54,231.0,385.4,1.59,127.0,74319.0
20150309:1600,16.68,58.95,301.0,11.65,290.0,367.6,1.66,129.0,74283.0
20150309:1700,17.92,54.9,535.0,20.27,515.0,388.0,1.24,141.0,74195.0
20150309:1800,18.29,53.5,736.0,19.76,717.0,385.6,1.38,138.0,74144.0
20150309:1900,17.75,54.4,363.0,14.93,350.0,378.4,1.24,120.0,74056.0
20150309:2000,17.73,53.85,278.0,183.35,146.0,383.4,1.31,123.0,74034.0
20150309:2100,17.38,54.85,424.0,650.37,86.0,379.2,0.62,122.0,74026.0
20150309:2200,16.82,60.5,220.0,426.6,99.0,372.2,0.14,68.0,74070.0
20150309:2300,15.54,71.45,9.0,0.0,9.0,363.2,0.34,332.0,74129.0
20150310:0000,14.55,77.7,0.0,-0.0,0.0,360.2,0.48,74.0,74217.0
20150310:0100,13.98,81.7,0.0,-0.0,0.0,364.65,0.76,92.0,74290.0
20150310:0200,13.6,83.3,0.0,-0.0,0.0,370.2,0.9,97.0,74349.0
20150310:0300,13.01,84.95,0.0,-0.0,0.0,357.6,1.1,99.0,74385.0
20150310:0400,12.92,84.3,0.0,-0.0,0.0,371.0,1.03,101.0,74451.0
20150310:0500,12.69,84.5,0.0,-0.0,0.0,364.6,0.97,101.0,74451.0
20150310:0600,12.67,83.85,0.0,-0.0,0.0,372.2,0.9,107.0,74415.0
20150310:0700,12.57,79.75,0.0,-0.0,0.0,376.6,1.1,109.0,74363.0
20150310:0800,12.63,79.15,0.0,-0.0,0.0,378.4,1.03,114.0,74341.0
20150310:0900,12.67,78.9,0.0,-0.0,0.0,378.6,0.83,110.0,74341.0
20150310:1000,12.6,79.85,0.0,-0.0,0.0,378.4,0.76,106.0,74349.0
20150310:1100,12.65,80.35,0.0,-0.0,0.0,381.6,0.76,113.0,74378.0
20150310:1200,12.86,80.65,24.0,0.0,24.0,380.6,0.69,118.0,74444.0
20150310:1300,13.39,78.2,119.0,38.94,101.0,379.2,0.9,125.0,74473.0
20150310:1400,14.73,69.6,281.0,13.37,272.0,377.8,0.9,134.0,74481.0
20150310:1500,16.04,62.4,404.0,242.25,201.0,384.4,0.9,133.0,74437.0
20150310:1600,16.75,59.8,755.0,21.16,735.0,380.8,0.41,178.0,74341.0
20150310:1700,17.44,57.45,794.0,25.31,769.0,377.0,0.76,156.0,74268.0
20150310:1800,17.78,56.25,748.0,105.99,646.0,382.4,0.69,161.0,74202.0
20150310:1900,17.66,55.95,666.0,18.37,650.0,383.4,1.03,130.0,74122.0
20150310:2000,17.43,57.25,437.0,22.22,421.0,386.8,0.55,149.0,74078.0
20150310:2100,17.05,57.85,148.0,7.7,144.0,386.8,0.69,112.0,74085.0
20150310:2200,16.38,63.05,70.0,0.0,70.0,386.2,0.0,242.0,74100.0
20150310:2300,15.48,71.5,9.0,0.0,9.0,376.0,0.28,340.0,74202.0
20150311:0000,14.78,77.35,0.0,-0.0,0.0,377.8,0.41,79.0,74268.0
20150311:0100,14.34,80.75,0.0,-0.0,0.0,378.25,0.55,118.0,74363.0
20150311:0200,13.99,82.7,0.0,-0.0,0.0,376.6,0.62,118.0,74429.0
20150311:0300,13.72,83.75,0.0,-0.0,0.0,374.0,0.76,111.0,74481.0
20150311:0400,13.47,84.6,0.0,-0.0,0.0,373.6,0.69,112.0,74517.0
20150311:0500,13.13,86.0,0.0,-0.0,0.0,370.6,0.55,107.0,74488.0
20150311:0600,12.97,86.2,0.0,-0.0,0.0,374.0,0.41,97.0,74481.0
20150311:0700,12.83,83.3,0.0,-0.0,0.0,379.0,0.69,108.0,74415.0
20150311:0800,12.84,82.45,0.0,-0.0,0.0,380.8,0.69,106.0,74385.0
20150311:0900,12.84,82.4,0.0,-0.0,0.0,380.4,0.69,98.0,74378.0
20150311:1000,12.85,82.4,0.0,-0.0,0.0,380.6,0.62,101.0,74371.0
20150311:1100,12.78,83.05,0.0,-0.0,0.0,381.4,0.62,105.0,74422.0
20150311:1200,12.77,84.55,34.0,0.0,34.0,377.6,0.62,109.0,74503.0
20150311:1300,13.25,82.65,139.0,6.47,136.0,375.6,0.69,130.0,74525.0
20150311:1400,13.7,78.15,193.0,11.85,185.0,381.6,1.03,139.0,74576.0
20150311:1500,14.55,74.1,640.0,34.54,611.0,375.2,1.24,125.0,74547.0
20150311:1600,15.35,69.1,682.0,9.51,673.0,382.6,1.24,124.0,74466.0
20150311:1700,17.42,59.55,304.0,36.41,268.0,373.4,1.72,125.0,74371.0
20150311:1800,18.66,52.65,339.0,113.17,230.0,368.8,1.38,145.0,74246.0
20150311:1900,18.69,51.15,132.0,125.06,23.0,378.4,0.69,134.0,74151.0
20150311:2000,18.54,51.45,508.0,0.0,508.0,372.0,0.55,334.0,74056.0
20150311:2100,17.92,54.7,480.0,646.82,144.0,372.2,1.03,326.0,74100.0
20150311:2200,16.96,59.65,219.0,424.14,99.0,366.2,0.97,41.0,74048.0
20150311:2300,15.98,68.4,9.0,0.0,9.0,365.0,0.97,312.0,74151.0
20150312:0000,14.84,77.05,0.0,-0.0,0.0,363.0,0.62,88.0,74356.0
20150312:0100,14.31,80.15,0.0,-0.0,0.0,365.25,0.62,92.0,74356.0
20150312:0200,13.8,82.55,0.0,-0.0,0.0,362.6,1.24,100.0,74400.0
20150312:0300,13.34,83.75,0.0,-0.0,0.0,361.8,1.24,93.0,74459.0
20150312:0400,12.89,85.65,0.0,-0.0,0.0,359.6,1.03,94.0,74488.0
20150312:0500,12.74,87.2,0.0,-0.0,0.0,368.0,1.03,92.0,74488.0
20150312:0600,12.58,88.6,0.0,-0.0,0.0,369.4,0.83,95.0,74437.0
20150312:0700,12.51,84.05,0.0,-0.0,0.0,361.4,0.76,99.0,74393.0
20150312:0800,12.69,82.45,0.0,-0.0,0.0,377.6,0.76,96.0,74378.0
20150312:0900,12.46,83.25,0.0,-0.0,0.0,366.8,0.55,97.0,74385.0
20150312:1000,12.36,83.15,0.0,-0.0,0.0,367.4,0.76,97.0,74415.0
20150312:1100,12.45,81.9,0.0,-0.0,0.0,376.4,0.97,96.0,74444.0
20150312:1200,12.57,81.65,166.0,359.07,86.0,375.2,1.1,97.0,74517.0
20150312:1300,13.1,78.95,428.0,620.52,139.0,367.6,1.03,104.0,74525.0
20150312:1400,15.32,65.35,676.0,749.32,169.0,362.0,0.83,121.0,74510.0
20150312:1500,17.05,56.95,875.0,818.01,187.0,369.0,0.62,132.0,74451.0
20150312:1600,18.78,50.7,1005.0,852.44,197.0,362.4,0.07,246.0,74371.0
20150312:1700,19.25,49.5,1108.0,862.84,254.0,360.4,0.83,291.0,74261.0
20150312:1800,18.96,52.35,623.0,152.51,476.0,360.2,1.03,288.0,74173.0
20150312:1900,19.18,50.25,225.0,0.0,225.0,355.8,1.03,306.0,74129.0
20150312:2000,18.35,55.4,477.0,0.0,477.0,371.0,0.97,289.0,74063.0
20150312:2100,17.19,66.45,49.0,0.0,49.0,370.6,1.1,280.0,74034.0
20150312:2200,16.34,71.95,119.0,42.48,107.0,370.8,0.9,296.0,74114.0
20150312:2300,15.18,80.3,4.0,0.0,4.0,355.4,0.62,316.0,74232.0
20150313:0000,13.54,88.2,0.0,-0.0,0.0,357.8,0.34,61.0,74349.0
20150313:0100,13.34,93.7,0.0,-0.0,0.0,370.85,0.76,92.0,74415.0
20150313:0200,13.16,98.8,0.0,-0.0,0.0,382.8,0.69,94.0,74466.0
20150313:0300,12.97,98.15,0.0,-0.0,0.0,382.2,0.69,101.0,74488.0
20150313:0400,12.94,97.0,0.0,-0.0,0.0,382.2,0.76,97.0,74473.0
20150313:0500,12.61,99.2,0.0,-0.0,0.0,383.8,0.69,107.0,74466.0
20150313:0600,12.52,98.55,0.0,-0.0,0.0,383.0,0.62,119.0,74385.0
20150313:0700,12.46,99.05,0.0,-0.0,0.0,383.0,0.41,101.0,74319.0
20150313:0800,12.35,99.05,0.0,-0.0,0.0,383.6,0.34,101.0,74319.0
20150313:0900,12.4,99.1,0.0,-0.0,0.0,383.6,0.14,83.0,74319.0
20150313:1000,12.42,99.05,0.0,-0.0,0.0,383.2,0.21,128.0,74349.0
20150313:1100,12.42,99.25,0.0,-0.0,0.0,383.4,0.48,91.0,74378.0
20150313:1200,12.5,99.15,166.0,351.74,87.0,379.8,0.48,106.0,74415.0
20150313:1300,12.86,96.45,427.0,616.02,139.0,380.8,0.48,156.0,74481.0
20150313:1400,13.62,94.35,554.0,744.52,49.0,372.6,0.34,117.0,74510.0
20150313:1500,14.42,92.25,873.0,814.19,187.0,373.6,0.14,237.0,74481.0
20150313:1600,15.07,90.4,825.0,227.58,609.0,370.8,0.55,255.0,74437.0
20150313:1700,15.59,89.25,398.0,28.26,370.0,380.6,0.55,285.0,74349.0
20150313:1800,16.25,86.95,247.0,16.59,231.0,379.6,0.9,287.0,74239.0
20150313:1900,17.18,69.35,425.0,17.2,410.0,372.0,0.97,286.0,74151.0
20150313:2000,17.81,65.9,276.0,13.88,266.0,365.2,1.17,290.0,74056.0
20150313:2100,17.4,70.35,131.0,0.0,131.0,367.6,1.38,296.0,74004.0
20150313:2200,15.81,79.35,199.0,421.91,80.0,362.4,1.45,303.0,74107.0
20150313:2300,13.85,90.55,9.0,0.0,9.0,353.2,0.55,316.0,74173.0
20150314:0000,13.0,97.15,0.0,-0.0,0.0,360.2,0.28,83.0,74276.0
20150314:0100,12.32,98.2,0.0,-0.0,0.0,355.25,0.69,111.0,74319.0
20150314:0200,12.08,98.85,0.0,-0.0,0.0,359.6,0.76,78.0,74415.0
20150314:0300,12.02,98.9,0.0,-0.0,0.0,367.6,0.69,82.0,74437.0
20150314:0400,11.77,99.0,0.0,-0.0,0.0,360.4,0.76,85.0,74459.0
20150314:0500,11.68,99.15,0.0,-0.0,0.0,368.4,0.69,90.0,74393.0
20150314:0600,11.71,99.15,0.0,-0.0,0.0,374.0,0.69,102.0,74363.0
20150314:0700,11.94,99.35,0.0,-0.0,0.0,377.0,0.48,96.0,74305.0
20150314:0800,12.13,99.05,0.0,-0.0,0.0,379.8,0.34,89.0,74305.0
20150314:0900,11.78,97.95,0.0,-0.0,0.0,381.4,0.28,71.0,74312.0
20150314:1000,11.84,96.5,0.0,-0.0,0.0,381.0,0.48,78.0,74363.0
20150314:1100,11.86,91.55,0.0,-0.0,0.0,374.4,0.55,80.0,74415.0
20150314:1200,11.94,95.45,18.0,0.0,18.0,371.0,0.48,90.0,74481.0
20150314:1300,12.64,91.6,328.0,438.96,122.0,371.0,0.41,124.0,74525.0
20150314:1400,14.07,88.45,484.0,186.78,357.0,367.8,0.48,219.0,74532.0
20150314:1500,15.17,87.65,870.0,810.39,186.0,375.4,0.9,240.0,74473.0
20150314:1600,16.23,86.2,1000.0,846.01,196.0,380.4,1.03,245.0,74422.0
20150314:1700,17.72,84.8,569.0,249.08,322.0,350.6,1.31,255.0,74327.0
20150314:1800,19.67,85.8,247.0,40.41,208.0,359.8,1.72,262.0,74239.0
20150314:1900,16.68,65.7,296.0,20.63,278.0,383.8,0.69,221.0,74151.0
20150314:2000,15.26,76.2,196.0,23.6,179.0,387.2,0.28,256.0,74136.0
20150314:2100,15.0,76.2,92.0,0.0,92.0,372.0,0.48,300.0,74107.0
20150314:2200,14.9,77.85,81.0,117.21,48.0,371.6,0.76,318.0,74129.0
20150314:2300,13.79,84.1,3.0,0.0,3.0,359.4,0.48,309.0,74261.0
20150315:0000,13.06,91.45,0.0,-0.0,0.0,364.2,0.55,17.0,74349.0
20150315:0100,12.71,92.55,0.0,-0.0,0.0,366.65,0.69,91.0,74371.0
20150315:0200,12.39,94.75,0.0,-0.0,0.0,360.2,0.83,97.0,74437.0
20150315:0300,11.94,98.95,0.0,-0.0,0.0,360.2,0.76,84.0,74451.0
20150315:0400,11.9,99.5,0.0,-0.0,0.0,373.0,0.69,87.0,74473.0
20150315:0500,11.78,99.65,0.0,-0.0,0.0,366.2,0.55,85.0,74459.0
20150315:0600,11.77,98.9,0.0,-0.0,0.0,373.4,0.62,82.0,74429.0
20150315:0700,12.21,95.8,0.0,-0.0,0.0,379.0,0.62,69.0,74363.0
20150315:0800,12.3,98.95,0.0,-0.0,0.0,379.8,0.69,76.0,74363.0
20150315:0900,11.93,98.35,0.0,-0.0,0.0,372.8,0.48,89.0,74356.0
20150315:1000,11.97,97.45,0.0,-0.0,0.0,373.6,0.69,81.0,74451.0
20150315:1100,11.9,99.25,0.0,-0.0,0.0,376.6,0.83,84.0,74481.0
20150315:1200,12.05,99.05,170.0,363.67,87.0,378.6,0.9,78.0,74532.0
20150315:1300,12.65,92.5,432.0,617.74,141.0,368.4,1.17,101.0,74583.0
20150315:1400,14.15,80.95,679.0,746.77,170.0,358.6,1.03,110.0,74591.0
20150315:1500,15.55,69.05,878.0,816.11,188.0,370.8,0.83,116.0,74510.0
20150315:1600,16.46,61.1,1007.0,851.26,197.0,372.8,0.41,142.0,74444.0
20150315:1700,17.14,57.25,1056.0,861.44,201.0,365.2,0.07,224.0,74319.0
20150315:1800,17.82,58.1,660.0,135.66,529.0,377.0,0.83,282.0,74224.0
20150315:1900,18.49,53.65,632.0,390.69,291.0,365.4,0.97,279.0,74151.0
20150315:2000,17.47,60.65,72.0,0.0,72.0,356.4,1.24,274.0,74144.0
20150315:2100,15.97,70.65,176.0,0.0,176.0,351.8,1.1,285.0,74151.0
20150315:2200,14.88,78.75,119.0,416.34,2.0,359.8,0.97,288.0,74283.0
20150315:2300,13.74,88.75,8.0,0.0,8.0,355.8,0.55,258.0,74356.0
20150316:0000,12.87,97.3,0.0,-0.0,0.0,356.4,0.34,359.0,74422.0
20150316:0100,12.82,98.2,0.0,-0.0,0.0,364.85,0.76,64.0,74510.0
20150316:0200,12.26,98.65,0.0,-0.0,0.0,353.6,0.9,80.0,74554.0
20150316:0300,11.84,99.1,0.0,-0.0,0.0,354.2,0.9,88.0,74569.0
20150316:0400,11.82,99.15,0.0,-0.0,0.0,366.2,0.9,82.0,74591.0
20150316:0500,11.74,99.25,0.0,-0.0,0.0,366.4,0.76,81.0,74561.0
20150316:0600,11.67,99.25,0.0,-0.0,0.0,369.2,0.55,82.0,74525.0
20150316:0700,11.55,99.25,0.0,-0.0,0.0,362.2,0.76,91.0,74466.0
20150316:0800,11.55,99.35,0.0,-0.0,0.0,371.4,0.55,85.0,74459.0
20150316:0900,11.5,98.95,0.0,-0.0,0.0,370.6,0.62,88.0,74488.0
20150316:1000,11.43,99.25,0.0,-0.0,0.0,367.8,0.62,103.0,74554.0
20150316:1100,11.47,98.9,0.0,-0.0,0.0,378.0,0.69,103.0,74547.0
20150316:1200,11.69,96.35,113.0,421.63,16.0,378.2,0.9,95.0,74613.0
20150316:1300,12.92,93.1,359.0,520.25,113.0,375.4,0.62,112.0,74627.0
20150316:1400,14.44,87.7,563.0,411.28,282.0,357.2,0.34,239.0,74620.0
20150316:1500,15.95,84.6,763.0,279.85,526.0,358.0,1.03,255.0,74539.0
20150316:1600,17.46,82.9,813.0,328.55,500.0,356.4,1.31,257.0,74473.0
20150316:1700,16.73,81.0,651.0,514.42,140.0,358.4,1.45,257.0,74393.0
20150316:1800,16.51,81.85,231.0,63.14,170.0,360.8,1.31,253.0,74363.0
20150316:1900,16.73,66.1,242.0,22.91,222.0,355.6,1.38,278.0,74283.0
20150316:2000,16.65,75.5,18.0,0.0,18.0,356.4,1.72,265.0,74224.0
20150316:2100,16.22,83.4,183.0,0.0,183.0,356.4,1.66,246.0,74297.0
20150316:2200,14.43,86.2,214.0,410.04,99.0,360.2,0.97,276.0,74334.0
20150316:2300,13.08,90.45,8.0,0.0,8.0,368.0,0.41,324.0,74349.0
20150317:0000,12.71,93.75,0.0,-0.0,0.0,365.4,0.69,76.0,74429.0
20150317:0100,12.76,94.75,0.0,-0.0,0.0,370.05,0.48,66.0,74488.0
20150317:0200,12.22,95.5,0.0,-0.0,0.0,367.2,0.07,303.0,74569.0
20150317:0300,11.97,99.05,0.0,-0.0,0.0,369.8,0.14,314.0,74649.0
20150317:0400,11.86,99.65,0.0,-0.0,0.0,371.4,0.55,282.0,74671.0
20150317:0500,11.48,98.45,0.0,-0.0,0.0,368.8,0.97,270.0,74613.0
20150317:0600,11.4,99.75,0.0,-0.0,0.0,370.2,0.97,277.0,74569.0
20150317:0700,11.44,99.35,0.0,-0.0,0.0,370.0,0.48,303.0,74525.0
20150317:0800,11.43,99.4,0.0,-0.0,0.0,368.2,0.34,278.0,74495.0
20150317:0900,11.47,99.45,0.0,-0.0,0.0,378.4,0.55,248.0,74481.0
20150317:1000,11.48,99.35,0.0,-0.0,0.0,383.0,0.55,243.0,74495.0
20150317:1100,11.45,99.4,0.0,-0.0,0.0,380.8,0.48,244.0,74539.0
20150317:1200,11.58,99.35,6.0,0.0,6.0,372.8,0.28,245.0,74591.0
20150317:1300,13.04,98.95,22.0,0.0,22.0,362.4,0.62,271.0,74649.0
20150317:1400,13.36,97.5,434.0,172.3,316.0,379.2,0.76,275.0,74679.0
20150317:1500,14.25,93.8,675.0,67.19,618.0,379.4,0.62,282.0,74671.0
20150317:1600,16.69,91.1,648.0,19.92,629.0,374.4,1.24,276.0,74620.0
20150317:1700,15.35,90.4,732.0,50.29,682.0,385.8,1.1,264.0,74517.0
20150317:1800,16.39,91.0,411.0,33.1,379.0,379.4,1.45,264.0,74437.0
20150317:1900,16.59,84.15,528.0,51.54,483.0,376.2,1.66,284.0,74290.0
20150317:2000,16.57,83.35,455.0,143.06,352.0,362.2,1.86,287.0,74239.0
20150317:2100,15.78,84.05,246.0,216.38,134.0,366.0,1.72,290.0,74210.0
20150317:2200,14.42,85.5,50.0,0.0,50.0,357.2,1.1,313.0,74312.0
20150317:2300,13.34,91.1,1.0,0.0,1.0,350.6,0.83,19.0,74276.0
20150318:0000,12.75,90.3,0.0,-0.0,0.0,361.8,0.14,137.0,74481.0
20150318:0100,12.37,99.45,0.0,-0.0,0.0,367.45,0.55,104.0,74561.0
20150318:0200,12.11,99.25,0.0,-0.0,0.0,369.0,0.28,122.0,74576.0
20150318:0300,11.78,99.1,0.0,-0.0,0.0,363.4,0.55,230.0,74627.0
20150318:0400,11.64,99.1,0.0,-0.0,0.0,366.6,0.41,228.0,74657.0
20150318:0500,11.58,99.75,0.0,-0.0,0.0,372.4,0.34,234.0,74627.0
20150318:0600,11.34,99.75,0.0,-0.0,0.0,362.2,0.28,174.0,74569.0
20150318:0700,11.59,99.55,0.0,-0.0,0.0,375.0,0.28,147.0,74510.0
20150318:0800,11.75,97.5,0.0,-0.0,0.0,382.0,0.28,181.0,74503.0
20150318:0900,11.52,99.45,0.0,-0.0,0.0,380.0,0.34,130.0,74488.0
20150318:1000,11.5,99.6,0.0,-0.0,0.0,378.6,0.34,129.0,74532.0
20150318:1100,11.59,99.45,0.0,-0.0,0.0,380.8,0.34,131.0,74503.0
20150318:1200,11.77,99.35,8.0,0.0,8.0,373.8,0.41,129.0,74613.0
20150318:1300,12.24,96.7,114.0,0.0,114.0,380.4,0.34,160.0,74649.0
20150318:1400,12.78,89.85,309.0,16.02,298.0,381.0,0.28,238.0,74708.0
20150318:1500,13.45,88.3,557.0,124.76,451.0,382.2,0.62,265.0,74708.0
20150318:1600,13.96,86.1,732.0,169.66,570.0,379.2,0.83,279.0,74642.0
20150318:1700,13.82,86.95,756.0,100.52,656.0,389.2,0.9,276.0,74591.0
20150318:1800,13.63,87.75,625.0,109.62,519.0,380.0,1.03,282.0,74517.0
20150318:1900,13.22,87.4,639.0,111.09,542.0,385.6,0.83,285.0,74422.0
20150318:2000,14.01,85.3,557.0,316.79,329.0,372.2,0.69,302.0,74356.0
20150318:2100,14.07,82.95,229.0,13.54,222.0,375.8,0.97,298.0,74319.0
20150318:2200,12.97,88.8,75.0,247.11,6.0,359.2,1.03,321.0,74400.0
20150318:2300,12.17,93.45,2.0,0.0,2.0,352.4,0.55,341.0,74415.0
20150319:0000,11.92,95.75,0.0,-0.0,0.0,361.0,0.28,19.0,74488.0
20150319:0100,11.65,94.95,0.0,-0.0,0.0,350.45,0.48,358.0,74561.0
20150319:0200,11.36,96.65,0.0,-0.0,0.0,346.8,0.48,29.0,74649.0
20150319:0300,10.96,98.4,0.0,-0.0,0.0,344.8,0.34,69.0,74700.0
20150319:0400,10.83,98.15,0.0,-0.0,0.0,356.0,0.41,91.0,74722.0
20150319:0500,10.69,98.5,0.0,-0.0,0.0,360.2,0.48,104.0,74671.0
20150319:0600,10.68,98.3,0.0,-0.0,0.0,367.4,0.34,80.0,74620.0
20150319:0700,10.58,98.15,0.0,-0.0,0.0,355.4,0.41,87.0,74569.0
20150319:0800,10.53,99.65,0.0,-0.0,0.0,372.4,0.55,66.0,74576.0
20150319:0900,10.34,99.15,0.0,-0.0,0.0,368.2,0.48,70.0,74554.0
20150319:1000,10.29,99.25,0.0,-0.0,0.0,374.6,0.55,70.0,74598.0
20150319:1100,10.03,99.35,0.0,-0.0,0.0,352.4,0.69,84.0,74591.0
20150319:1200,10.54,96.6,33.0,0.0,33.0,360.4,0.83,81.0,74642.0
20150319:1300,11.98,89.05,242.0,41.83,222.0,350.0,0.69,83.0,74715.0
20150319:1400,14.17,76.5,244.0,8.72,238.0,349.8,0.48,317.0,74722.0
20150319:1500,15.6,69.0,371.0,65.81,315.0,354.4,0.9,295.0,74679.0
20150319:1600,15.31,72.8,93.0,0.0,93.0,363.4,1.17,295.0,74657.0
20150319:1700,16.08,76.85,122.0,16.07,106.0,377.6,2.0,284.0,74627.0
20150319:1800,15.3,83.1,93.0,1.03,92.0,367.4,2.34,275.0,74532.0
20150319:1900,15.25,91.5,104.0,6.87,98.0,373.2,1.52,278.0,74422.0
20150319:2000,14.88,91.25,241.0,20.85,226.0,361.0,1.45,274.0,74356.0
20150319:2100,13.81,86.15,315.0,11.61,309.0,366.4,1.59,293.0,74363.0
20150319:2200,13.16,96.75,7.0,0.0,7.0,364.2,0.76,284.0,74429.0
20150319:2300,12.11,99.65,0.0,0.0,0.0,345.4,0.83,298.0,74481.0
20150320:0000,11.33,99.6,0.0,-0.0,0.0,357.4,0.69,332.0,74591.0
20150320:0100,10.98,99.4,0.0,-0.0,0.0,344.25,0.62,68.0,74649.0
20150320:0200,10.95,99.65,0.0,-0.0,0.0,355.6,0.83,74.0,74686.0
20150320:0300,11.05,99.55,0.0,-0.0,0.0,363.0,0.55,71.0,74737.0
20150320:0400,10.89,99.75,0.0,-0.0,0.0,354.6,0.21,76.0,74752.0
20150320:0500,10.89,99.35,0.0,-0.0,0.0,361.8,0.07,338.0,74715.0
20150320:0600,11.25,98.45,0.0,-0.0,0.0,372.6,0.34,292.0,74642.0
20150320:0700,10.81,99.65,0.0,-0.0,0.0,353.2,0.34,20.0,74605.0
20150320:0800,10.59,99.75,0.0,-0.0,0.0,363.8,0.34,65.0,74591.0
20150320:0900,10.34,99.2,0.0,-0.0,0.0,360.8,0.34,77.0,74598.0
20150320:1000,10.47,98.25,0.0,-0.0,0.0,364.8,0.41,83.0,74583.0
20150320:1100,10.36,98.4,0.0,-0.0,0.0,360.0,0.55,79.0,74657.0
20150320:1200,10.78,96.35,55.0,0.0,55.0,353.8,0.55,80.0,74744.0
20150320:1300,12.06,94.85,177.0,6.25,174.0,357.8,0.21,288.0,74810.0
20150320:1400,14.54,93.25,395.0,55.11,357.0,358.8,1.03,277.0,74825.0
20150320:1500,16.53,91.9,411.0,105.6,321.0,355.4,1.45,269.0,74810.0
20150320:1600,17.47,90.45,595.0,80.47,518.0,374.8,1.86,263.0,74766.0
20150320:1700,16.52,90.25,319.0,0.0,319.0,384.2,2.14,267.0,74671.0
20150320:1800,17.9,94.0,598.0,22.74,576.0,369.6,2.14,275.0,74539.0
20150320:1900,17.22,88.6,593.0,8.02,586.0,356.8,1.93,267.0,74444.0
20150320:2000,15.27,86.8,190.0,0.0,190.0,359.2,1.31,273.0,74459.0
20150320:2100,14.77,90.35,193.0,1.94,192.0,368.6,1.59,273.0,74473.0
20150320:2200,12.26,86.45,211.0,410.26,97.0,375.6,1.17,294.0,74495.0
20150320:2300,11.57,97.2,0.0,0.0,0.0,366.4,0.97,297.0,74576.0
20150321:0000,11.01,98.75,0.0,-0.0,0.0,362.4,0.76,304.0,74671.0
20150321:0100,10.92,98.8,0.0,-0.0,0.0,359.85,0.9,307.0,74730.0
20150321:0200,10.93,99.35,0.0,-0.0,0.0,368.2,0.55,321.0,74788.0
20150321:0300,10.67,99.6,0.0,-0.0,0.0,351.2,0.48,57.0,74796.0
20150321:0400,10.54,99.55,0.0,-0.0,0.0,356.8,0.48,56.0,74810.0
20150321:0500,10.34,99.7,0.0,-0.0,0.0,353.4,0.34,52.0,74788.0
20150321:0600,10.29,98.8,0.0,-0.0,0.0,362.4,0.28,74.0,74730.0
20150321:0700,9.94,99.35,0.0,-0.0,0.0,346.6,0.55,91.0,74679.0
20150321:0800,9.59,98.85,0.0,-0.0,0.0,350.8,0.62,96.0,74613.0
20150321:0900,9.69,98.15,0.0,-0.0,0.0,355.8,0.55,109.0,74627.0
20150321:1000,9.68,98.1,0.0,-0.0,0.0,356.2,0.48,119.0,74642.0
20150321:1100,9.77,98.2,0.0,-0.0,0.0,358.6,0.41,105.0,74708.0
20150321:1200,10.5,96.75,62.0,0.0,62.0,368.0,0.34,104.0,74788.0
20150321:1300,11.06,93.1,158.0,66.44,126.0,369.2,0.14,127.0,74840.0
20150321:1400,12.06,90.05,302.0,11.58,294.0,362.2,0.41,247.0,74884.0
20150321:1500,12.93,89.5,946.0,817.81,248.0,365.0,0.55,273.0,74840.0
20150321:1600,14.13,89.95,738.0,106.5,636.0,376.2,0.97,250.0,74781.0
20150321:1700,16.25,86.25,472.0,344.11,129.0,370.8,1.59,254.0,74686.0
20150321:1800,15.15,83.95,417.0,20.66,397.0,387.6,1.52,261.0,74649.0
20150321:1900,14.11,85.65,900.0,514.27,451.0,378.6,1.24,300.0,74525.0
20150321:2000,14.84,87.8,298.0,47.3,264.0,369.2,1.59,291.0,74525.0
20150321:2100,13.63,89.55,338.0,85.35,294.0,364.0,1.24,293.0,74517.0
20150321:2200,12.72,94.0,208.0,414.93,93.0,350.4,1.1,292.0,74532.0
20150321:2300,11.44,93.75,0.0,0.0,0.0,352.2,1.17,296.0,74576.0
20150322:0000,10.89,99.7,0.0,-0.0,0.0,352.4,0.21,281.0,74664.0
20150322:0100,10.73,99.65,0.0,-0.0,0.0,348.05,0.21,41.0,74693.0
20150322:0200,10.52,99.75,0.0,-0.0,0.0,346.0,0.41,87.0,74766.0
20150322:0300,10.27,99.7,0.0,-0.0,0.0,350.0,0.41,96.0,74810.0
20150322:0400,9.78,99.05,0.0,-0.0,0.0,350.8,0.62,108.0,74825.0
20150322:0500,9.69,98.65,0.0,-0.0,0.0,350.6,0.62,113.0,74803.0
20150322:0600,9.28,98.85,0.0,-0.0,0.0,343.0,0.48,108.0,74744.0
20150322:0700,9.57,99.1,0.0,-0.0,0.0,344.8,0.41,60.0,74679.0
20150322:0800,9.69,98.4,0.0,-0.0,0.0,365.2,0.28,83.0,74664.0
20150322:0900,9.55,98.5,0.0,-0.0,0.0,356.2,0.41,91.0,74642.0
20150322:1000,9.41,98.45,0.0,-0.0,0.0,358.6,0.55,93.0,74679.0
20150322:1100,9.18,98.55,0.0,-0.0,0.0,351.4,0.69,98.0,74722.0
20150322:1200,9.59,97.2,183.0,385.58,90.0,342.6,0.83,109.0,74766.0
20150322:1300,11.15,91.9,445.0,633.11,139.0,346.2,0.21,118.0,74788.0
20150322:1400,13.13,77.15,690.0,756.58,166.0,342.0,0.76,290.0,74803.0
20150322:1500,15.1,72.8,886.0,822.5,183.0,342.8,1.17,274.0,74752.0
20150322:1600,16.38,77.0,545.0,21.91,524.0,353.8,1.59,269.0,74700.0
20150322:1700,17.09,84.1,1060.0,61.16,999.0,354.0,1.86,274.0,74642.0
20150322:1800,18.24,88.0,1023.0,33.05,991.0,366.6,1.79,264.0,74525.0
20150322:1900,18.19,87.1,904.0,824.8,184.0,352.8,2.0,272.0,74444.0
20150322:2000,18.66,88.55,665.0,762.84,117.0,359.8,1.72,270.0,74444.0
20150322:2100,15.31,85.55,384.0,392.31,182.0,359.4,1.24,280.0,74415.0
20150322:2200,13.62,90.2,44.0,0.0,44.0,355.6,0.83,308.0,74459.0
20150322:2300,12.48,94.95,0.0,0.0,0.0,347.0,0.83,319.0,74539.0
20150323:0000,11.45,96.2,0.0,-0.0,0.0,343.8,0.9,323.0,74635.0
20150323:0100,11.13,96.6,0.0,-0.0,0.0,348.85,0.21,335.0,74693.0
20150323:0200,10.95,97.5,0.0,-0.0,0.0,347.6,0.14,332.0,74759.0
20150323:0300,10.59,99.0,0.0,-0.0,0.0,344.2,0.21,102.0,74832.0
20150323:0400,10.57,98.65,0.0,-0.0,0.0,352.8,0.48,114.0,74810.0
20150323:0500,10.54,98.25,0.0,-0.0,0.0,355.4,0.41,111.0,74788.0
20150323:0600,10.57,97.8,0.0,-0.0,0.0,362.4,0.41,110.0,74737.0
20150323:0700,10.42,98.85,0.0,-0.0,0.0,356.2,0.34,27.0,74700.0
20150323:0800,10.28,98.65,0.0,-0.0,0.0,354.4,0.41,33.0,74679.0
20150323:0900,10.08,98.2,0.0,-0.0,0.0,349.4,0.41,39.0,74671.0
20150323:1000,10.11,97.05,0.0,-0.0,0.0,361.6,0.41,66.0,74744.0
20150323:1100,9.77,99.4,0.0,-0.0,0.0,349.2,0.41,86.0,74752.0
20150323:1200,10.05,98.85,84.0,0.0,84.0,356.2,0.83,116.0,74825.0
20150323:1300,10.58,91.8,445.0,632.95,138.0,363.6,0.9,127.0,74847.0
20150323:1400,12.07,86.5,688.0,753.54,165.0,353.8,0.28,220.0,74847.0
20150323:1500,14.23,79.4,883.0,820.2,181.0,368.4,0.83,265.0,74796.0
20150323:1600,15.41,83.65,1010.0,854.62,190.0,364.0,1.03,262.0,74730.0
20150323:1700,17.12,88.6,1056.0,863.89,194.0,365.0,1.31,260.0,74657.0
20150323:1800,18.03,89.45,342.0,254.07,96.0,364.0,1.66,273.0,74561.0
20150323:1900,16.42,79.75,433.0,397.59,86.0,368.4,1.59,284.0,74422.0
20150323:2000,17.46,88.5,494.0,338.48,251.0,352.6,1.38,271.0,74415.0
20150323:2100,15.75,88.5,331.0,427.8,111.0,359.8,1.17,278.0,74407.0
20150323:2200,14.36,90.8,117.0,36.28,107.0,356.8,1.1,264.0,74525.0
20150323:2300,12.58,93.2,0.0,0.0,0.0,355.0,0.69,283.0,74517.0
20150324:0000,12.12,98.25,0.0,-0.0,0.0,357.2,0.76,285.0,74664.0
20150324:0100,11.73,99.25,0.0,-0.0,0.0,355.05,0.34,261.0,74693.0
20150324:0200,11.25,99.6,0.0,-0.0,0.0,347.0,0.41,117.0,74788.0
20150324:0300,10.95,99.75,0.0,-0.0,0.0,349.2,0.62,97.0,74810.0
20150324:0400,10.71,99.65,0.0,-0.0,0.0,355.6,0.55,104.0,74810.0
20150324:0500,10.44,99.75,0.0,-0.0,0.0,360.4,0.62,99.0,74796.0
20150324:0600,10.53,99.25,0.0,-0.0,0.0,375.4,0.55,121.0,74752.0
20150324:0700,10.66,98.1,0.0,-0.0,0.0,377.2,0.21,122.0,74708.0
20150324:0800,10.7,98.2,0.0,-0.0,0.0,374.8,0.28,103.0,74708.0
20150324:0900,10.67,98.05,0.0,-0.0,0.0,372.4,0.48,104.0,74715.0
20150324:1000,10.67,97.85,0.0,-0.0,0.0,373.8,0.48,109.0,74774.0
20150324:1100,10.64,97.7,0.0,-0.0,0.0,375.8,0.48,104.0,74810.0
20150324:1200,10.78,96.75,189.0,28.58,182.0,370.8,0.48,94.0,74876.0
20150324:1300,11.43,91.9,232.0,160.26,154.0,375.8,0.07,92.0,74876.0
20150324:1400,12.22,86.5,433.0,139.47,336.0,361.0,0.14,229.0,74891.0
20150324:1500,13.3,79.7,1117.0,834.28,402.0,365.2,0.41,229.0,74854.0
20150324:1600,14.45,74.6,1023.0,231.18,801.0,367.2,0.76,264.0,74810.0
20150324:1700,14.96,76.65,514.0,195.34,319.0,370.0,1.1,271.0,74722.0
20150324:1800,15.82,82.7,496.0,470.92,40.0,371.2,1.1,260.0,74642.0
20150324:1900,17.19,84.85,747.0,385.09,411.0,369.4,1.31,267.0,74532.0
20150324:2000,17.69,88.7,196.0,264.83,6.0,367.2,1.31,279.0,74510.0
20150324:2100,15.4,84.55,479.0,662.03,139.0,361.6,0.83,299.0,74510.0
20150324:2200,14.08,84.05,214.0,10.91,211.0,348.2,0.69,292.0,74583.0
20150324:2300,12.86,91.05,0.0,0.0,0.0,342.4,0.48,294.0,74583.0
20150325:0000,12.08,92.7,0.0,-0.0,0.0,342.8,0.62,21.0,74635.0
20150325:0100,11.68,94.8,0.0,-0.0,0.0,339.05,0.97,72.0,74642.0
20150325:0200,11.08,96.85,0.0,-0.0,0.0,336.8,0.9,106.0,74730.0
20150325:0300,10.58,98.85,0.0,-0.0,0.0,338.2,0.76,102.0,74810.0
20150325:0400,10.73,99.15,0.0,-0.0,0.0,359.4,0.41,82.0,74840.0
20150325:0500,10.8,97.5,0.0,-0.0,0.0,366.2,0.48,66.0,74810.0
20150325:0600,10.81,97.55,0.0,-0.0,0.0,360.8,0.34,63.0,74744.0
20150325:0700,10.96,97.0,0.0,-0.0,0.0,372.8,0.69,81.0,74664.0
20150325:0800,11.19,96.6,0.0,-0.0,0.0,379.2,0.69,78.0,74649.0
20150325:0900,11.42,95.25,0.0,-0.0,0.0,375.8,0.34,64.0,74620.0
20150325:1000,11.33,96.6,0.0,-0.0,0.0,373.2,0.14,35.0,74686.0
20150325:1100,11.37,96.3,0.0,-0.0,0.0,378.4,0.14,16.0,74671.0
20150325:1200,11.69,94.4,192.0,413.38,90.0,376.6,0.41,86.0,74781.0
20150325:1300,12.74,85.7,457.0,655.22,137.0,373.4,0.69,110.0,74766.0
20150325:1400,14.16,75.85,703.0,774.84,163.0,367.0,0.48,141.0,74766.0
20150325:1500,14.66,73.05,899.0,837.87,180.0,367.2,0.48,257.0,74766.0
20150325:1600,15.43,68.75,1024.0,24.97,1000.0,368.4,0.55,284.0,74752.0
20150325:1700,15.47,69.6,861.0,18.02,843.0,361.0,0.69,284.0,74686.0
20150325:1800,16.03,66.5,777.0,212.73,571.0,347.4,0.83,289.0,74598.0
20150325:1900,15.11,83.8,358.0,13.76,346.0,371.2,0.97,285.0,74532.0
20150325:2000,16.56,83.6,556.0,29.29,535.0,345.8,0.83,279.0,74444.0
20150325:2100,15.21,82.55,393.0,300.28,239.0,352.0,0.97,274.0,74429.0
20150325:2200,14.8,87.2,211.0,270.03,137.0,345.2,0.9,245.0,74481.0
20150325:2300,12.98,88.6,0.0,0.0,0.0,357.0,0.62,276.0,74525.0
20150326:0000,12.29,92.5,0.0,-0.0,0.0,348.4,0.21,292.0,74664.0
20150326:0100,11.84,91.9,0.0,-0.0,0.0,345.85,0.41,48.0,74693.0
20150326:0200,11.34,96.0,0.0,-0.0,0.0,351.2,0.48,77.0,74752.0
20150326:0300,11.42,95.95,0.0,-0.0,0.0,357.4,0.41,59.0,74774.0
20150326:0400,11.13,98.75,0.0,-0.0,0.0,353.4,0.28,94.0,74781.0
20150326:0500,10.76,98.95,0.0,-0.0,0.0,353.0,0.41,106.0,74766.0
20150326:0600,10.64,99.6,0.0,-0.0,0.0,359.4,0.76,102.0,74693.0
20150326:0700,10.99,99.45,0.0,-0.0,0.0,375.2,0.62,97.0,74627.0
20150326:0800,11.09,99.45,0.0,-0.0,0.0,369.4,0.76,76.0,74598.0
20150326:0900,11.01,98.85,0.0,-0.0,0.0,374.2,0.83,79.0,74605.0
20150326:1000,10.91,98.15,0.0,-0.0,0.0,368.8,0.9,93.0,74576.0
20150326:1100,11.09,96.45,0.0,-0.0,0.0,376.6,1.24,106.0,74642.0
20150326:1200,11.18,96.5,137.0,418.37,33.0,372.0,1.1,111.0,74737.0
20150326:1300,12.06,90.15,358.0,0.0,358.0,371.4,0.97,104.0,74752.0
20150326:1400,13.62,77.95,192.0,2.86,190.0,350.4,0.69,110.0,74752.0
20150326:1500,14.22,74.7,351.0,65.18,295.0,368.0,0.07,221.0,74722.0
20150326:1600,15.2,66.5,1020.0,868.21,185.0,359.4,0.28,266.0,74620.0
20150326:1700,16.11,61.55,892.0,39.04,853.0,366.6,0.34,286.0,74481.0
20150326:1800,16.75,58.5,351.0,45.44,307.0,364.6,0.62,295.0,74385.0
20150326:1900,17.95,51.35,379.0,239.7,170.0,356.2,1.1,270.0,74312.0
20150326:2000,16.79,61.7,520.0,12.56,511.0,357.0,1.17,279.0,74268.0
20150326:2100,15.93,66.3,471.0,656.1,135.0,339.8,1.31,291.0,74261.0
20150326:2200,15.0,74.1,73.0,146.4,33.0,355.8,1.1,282.0,74407.0
20150326:2300,13.57,83.3,0.0,0.0,0.0,334.8,0.83,279.0,74451.0
20150327:0000,12.84,90.95,0.0,-0.0,0.0,348.4,0.76,296.0,74547.0
20150327:0100,12.39,94.35,0.0,-0.0,0.0,340.45,0.07,284.0,74576.0
20150327:0200,11.44,98.8,0.0,-0.0,0.0,335.6,0.62,55.0,74627.0
20150327:0300,11.28,99.2,0.0,-0.0,0.0,344.8,0.55,51.0,74671.0
20150327:0400,10.82,98.85,0.0,-0.0,0.0,338.0,0.83,89.0,74693.0
20150327:0500,10.37,97.75,0.0,-0.0,0.0,334.0,0.83,96.0,74664.0
20150327:0600,10.17,98.0,0.0,-0.0,0.0,343.8,0.9,93.0,74635.0
20150327:0700,9.87,96.95,0.0,-0.0,0.0,337.0,0.97,85.0,74583.0
20150327:0800,10.08,95.5,0.0,-0.0,0.0,347.6,1.03,84.0,74569.0
20150327:0900,10.0,95.15,0.0,-0.0,0.0,346.6,1.17,87.0,74569.0
20150327:1000,9.95,94.25,0.0,-0.0,0.0,348.4,1.17,88.0,74547.0
20150327:1100,9.63,94.25,0.0,-0.0,0.0,344.2,1.24,90.0,74620.0
20150327:1200,10.27,92.65,139.0,163.73,98.0,339.2,1.24,89.0,74700.0
20150327:1300,12.55,83.25,442.0,661.04,117.0,348.0,0.97,95.0,74744.0
20150327:1400,14.99,68.35,254.0,168.66,136.0,331.6,0.48,126.0,74715.0
20150327:1500,16.82,56.3,344.0,15.11,331.0,355.4,0.62,128.0,74642.0
20150327:1600,18.47,49.1,392.0,16.63,376.0,363.6,0.14,216.0,74591.0
20150327:1700,17.96,54.4,263.0,18.01,245.0,362.0,1.17,279.0,74503.0
20150327:1800,17.69,56.5,268.0,21.69,247.0,366.4,0.9,276.0,74437.0
20150327:1900,17.72,55.65,901.0,391.25,560.0,372.2,0.69,301.0,74341.0
20150327:2000,17.18,59.95,531.0,57.29,490.0,360.4,0.76,302.0,74327.0
20150327:2100,16.9,61.95,470.0,258.14,338.0,354.6,0.97,287.0,74312.0
20150327:2200,15.98,68.55,47.0,0.0,47.0,355.4,0.9,288.0,74363.0
20150327:2300,14.94,76.65,0.0,0.0,0.0,356.0,0.62,298.0,74422.0
20150328:0000,13.81,81.75,0.0,-0.0,0.0,356.8,0.28,325.0,74517.0
20150328:0100,12.61,86.05,0.0,-0.0,0.0,342.85,0.69,61.0,74598.0
20150328:0200,12.26,92.0,0.0,-0.0,0.0,360.6,0.9,65.0,74700.0
20150328:0300,12.2,93.3,0.0,-0.0,0.0,365.6,0.9,83.0,74766.0
20150328:0400,12.06,95.35,0.0,-0.0,0.0,369.4,0.76,84.0,74759.0
20150328:0500,11.66,97.05,0.0,-0.0,0.0,355.6,0.76,78.0,74744.0
20150328:0600,11.64,97.05,0.0,-0.0,0.0,362.2,0.55,81.0,74700.0
20150328:0700,11.63,91.25,0.0,-0.0,0.0,366.6,0.9,93.0,74671.0
20150328:0800,11.45,92.0,0.0,-0.0,0.0,356.0,0.97,91.0,74649.0
20150328:0900,11.24,92.7,0.0,-0.0,0.0,351.4,0.9,81.0,74620.0
20150328:1000,11.17,92.75,0.0,-0.0,0.0,354.4,0.9,84.0,74627.0
20150328:1100,10.9,93.85,0.0,-0.0,0.0,343.8,0.97,86.0,74664.0
20150328:1200,11.81,90.6,195.0,31.72,187.0,355.2,0.83,93.0,74722.0
20150328:1300,13.73,79.45,73.0,0.0,73.0,339.6,0.55,112.0,74766.0
20150328:1400,15.91,65.3,236.0,18.55,223.0,335.4,0.21,196.0,74744.0
20150328:1500,16.75,61.35,503.0,103.35,414.0,338.0,0.69,282.0,74686.0
20150328:1600,16.98,61.65,516.0,63.34,455.0,345.2,1.1,285.0,74642.0
20150328:1700,16.52,68.75,419.0,181.09,238.0,359.4,1.45,276.0,74591.0
20150328:1800,16.47,76.25,669.0,258.22,419.0,372.0,1.38,261.0,74539.0
20150328:1900,16.25,73.0,106.0,25.25,84.0,370.0,1.45,276.0,74451.0
20150328:2000,15.3,83.1,518.0,36.36,492.0,366.6,1.52,273.0,74444.0
20150328:2100,14.89,88.9,187.0,82.27,145.0,371.4,1.1,254.0,74488.0
20150328:2200,14.55,87.2,187.0,460.38,62.0,366.8,0.97,236.0,74503.0
20150328:2300,12.44,94.7,0.0,0.0,0.0,367.6,0.07,120.0,74547.0
20150329:0000,12.34,95.7,0.0,-0.0,0.0,366.0,0.9,62.0,74627.0
20150329:0100,11.98,96.45,0.0,-0.0,0.0,357.05,0.97,90.0,74657.0
20150329:0200,11.97,96.85,0.0,-0.0,0.0,363.4,0.69,71.0,74744.0
20150329:0300,11.83,98.85,0.0,-0.0,0.0,375.6,0.83,66.0,74832.0
20150329:0400,11.56,99.65,0.0,-0.0,0.0,360.6,0.83,77.0,74796.0
20150329:0500,11.55,98.5,0.0,-0.0,0.0,367.2,0.69,94.0,74744.0
20150329:0600,11.61,98.35,0.0,-0.0,0.0,370.4,0.69,78.0,74679.0
20150329:0700,11.98,97.3,0.0,-0.0,0.0,371.6,0.48,60.0,74627.0
20150329:0800,12.06,96.5,0.0,-0.0,0.0,376.8,0.55,60.0,74605.0
20150329:0900,11.9,97.0,0.0,-0.0,0.0,367.8,0.55,73.0,74591.0
20150329:1000,11.95,96.55,0.0,-0.0,0.0,374.4,0.62,88.0,74635.0
20150329:1100,11.86,96.9,0.0,-0.0,0.0,368.8,0.55,83.0,74744.0
20150329:1200,12.02,95.25,46.0,0.0,46.0,373.6,0.9,78.0,74825.0
20150329:1300,12.21,95.25,286.0,135.4,219.0,378.8,0.55,94.0,74884.0
20150329:1400,12.83,95.55,439.0,186.55,308.0,377.8,0.28,129.0,74928.0
20150329:1500,13.56,93.85,330.0,22.04,311.0,381.8,0.21,200.0,74920.0
20150329:1600,13.97,93.7,434.0,25.95,409.0,379.8,0.41,236.0,74898.0
20150329:1700,15.02,90.5,350.0,21.01,329.0,375.4,0.76,248.0,74818.0
20150329:1800,14.64,89.2,307.0,19.63,288.0,371.0,0.62,253.0,74708.0
20150329:1900,13.6,93.35,506.0,102.21,417.0,381.8,0.76,246.0,74605.0
20150329:2000,14.49,91.95,319.0,145.58,215.0,371.4,0.9,269.0,74591.0
20150329:2100,13.7,94.25,32.0,0.0,32.0,370.6,0.83,259.0,74576.0
20150329:2200,12.99,91.05,207.0,439.7,88.0,367.6,0.69,260.0,74649.0
20150329:2300,12.03,94.85,0.0,0.0,0.0,357.6,0.76,278.0,74642.0
20150330:0000,11.61,96.9,0.0,-0.0,0.0,353.6,0.55,332.0,74715.0
20150330:0100,11.32,98.15,0.0,-0.0,0.0,349.05,0.34,27.0,74781.0
20150330:0200,11.26,97.7,0.0,-0.0,0.0,359.2,0.48,41.0,74825.0
20150330:0300,10.73,98.8,0.0,-0.0,0.0,357.0,0.55,88.0,74832.0
20150330:0400,10.46,98.6,0.0,-0.0,0.0,360.2,0.9,106.0,74840.0
20150330:0500,10.21,98.25,0.0,-0.0,0.0,359.0,0.9,94.0,74788.0
20150330:0600,10.1,97.35,0.0,-0.0,0.0,355.4,0.83,106.0,74715.0
20150330:0700,9.84,98.05,0.0,-0.0,0.0,355.2,0.83,104.0,74657.0
20150330:0800,9.69,97.35,0.0,-0.0,0.0,350.8,0.9,98.0,74613.0
20150330:0900,9.28,97.6,0.0,-0.0,0.0,343.0,1.03,88.0,74613.0
20150330:1000,9.25,97.2,0.0,-0.0,0.0,355.8,1.03,88.0,74627.0
20150330:1100,9.35,97.05,0.0,-0.0,0.0,357.4,0.97,91.0,74649.0
20150330:1200,10.05,96.3,199.0,441.74,86.0,348.0,0.83,96.0,74759.0
20150330:1300,12.13,88.1,461.0,670.87,128.0,338.0,0.48,114.0,74803.0
20150330:1400,13.96,78.4,703.0,783.26,152.0,336.2,0.41,267.0,74796.0
20150330:1500,15.77,65.9,894.0,844.72,165.0,343.8,1.1,283.0,74737.0
20150330:1600,15.86,65.65,1017.0,873.36,175.0,347.0,1.45,282.0,74686.0
20150330:1700,16.5,65.8,395.0,25.0,370.0,348.8,1.66,275.0,74657.0
20150330:1800,16.59,73.9,288.0,282.07,15.0,358.6,1.59,260.0,74569.0
20150330:1900,16.55,73.2,185.0,22.98,165.0,365.2,1.45,275.0,74488.0
20150330:2000,16.57,78.75,590.0,26.62,571.0,361.0,1.59,263.0,74407.0
20150330:2100,15.39,77.95,369.0,167.04,284.0,362.2,1.86,269.0,74378.0
20150330:2200,13.47,82.25,61.0,0.0,61.0,359.0,1.52,275.0,74510.0
20150330:2300,12.43,87.95,0.0,0.0,0.0,360.6,0.76,278.0,74503.0
20150331:0000,11.95,92.9,0.0,-0.0,0.0,359.8,0.41,284.0,74664.0
20150331:0100,11.38,94.15,0.0,-0.0,0.0,357.05,0.41,26.0,74737.0
20150331:0200,10.96,95.55,0.0,-0.0,0.0,349.2,0.34,52.0,74774.0
20150331:0300,11.04,94.9,0.0,-0.0,0.0,366.0,0.21,55.0,74788.0
20150331:0400,10.57,96.75,0.0,-0.0,0.0,343.6,0.34,42.0,74796.0
20150331:0500,10.32,98.9,0.0,-0.0,0.0,348.4,0.41,55.0,74759.0
20150331:0600,10.17,99.0,0.0,-0.0,0.0,348.0,0.34,63.0,74730.0
20150331:0700,10.57,99.65,0.0,-0.0,0.0,361.0,0.21,64.0,74642.0
20150331:0800,10.73,98.8,0.0,-0.0,0.0,359.6,0.07,94.0,74605.0
20150331:0900,10.57,98.85,0.0,-0.0,0.0,361.4,0.14,69.0,74591.0
20150331:1000,10.57,99.2,0.0,-0.0,0.0,362.8,0.34,101.0,74620.0
20150331:1100,10.42,99.15,0.0,0.0,0.0,353.2,0.48,102.0,74657.0
20150331:1200,11.2,98.5,81.0,0.0,81.0,356.4,0.48,110.0,74693.0
20150331:1300,12.0,90.45,462.0,674.85,126.0,351.8,0.34,214.0,74730.0
20150331:1400,13.84,83.95,703.0,786.18,149.0,362.0,0.69,254.0,74744.0
20150331:1500,14.27,86.6,894.0,397.06,551.0,377.0,0.97,260.0,74715.0
20150331:1600,16.66,86.27,717.0,85.01,635.0,378.61,1.17,269.0,74686.0
20150331:1700,16.17,87.23,841.0,95.01,746.0,376.68,1.11,257.0,74569.0
20150331:1800,15.67,88.19,137.0,110.58,30.0,374.75,1.05,271.0,74510.0
20150331:1900,15.18,89.15,127.0,5.75,122.0,372.82,0.99,250.0,74407.0
20150331:2000,14.68,90.11,232.0,22.44,216.0,370.89,0.93,256.0,74378.0
20150331:2100,14.19,91.07,283.0,208.66,177.0,368.96,0.87,252.0,74312.0
20150331:2200,13.69,92.03,168.0,100.42,141.0,367.03,0.81,285.0,74356.0
20150331:2300,13.2,92.99,0.0,0.0,0.0,365.09,0.75,311.0,74437.0
20080401:0000,12.71,93.96,0.0,-0.0,0.0,363.16,0.69,324.0,74422.0
20080401:0100,12.21,94.92,0.0,-0.0,0.0,361.23,0.63,36.0,74495.0
20080401:0200,11.72,95.88,0.0,-0.0,0.0,359.3,0.58,69.0,74517.0
20080401:0300,11.22,96.84,0.0,-0.0,0.0,357.37,0.52,98.0,74539.0
20080401:0400,10.73,97.8,0.0,-0.0,0.0,355.44,0.46,115.0,74576.0
20080401:0500,10.23,98.76,0.0,-0.0,0.0,353.5,0.4,111.0,74510.0
20080401:0600,9.74,99.72,0.0,-0.0,0.0,351.57,0.34,102.0,74488.0
20080401:0700,9.24,100.0,0.0,-0.0,0.0,349.64,0.28,326.0,74437.0
20080401:0800,10.4,99.35,0.0,-0.0,0.0,368.0,0.34,346.0,74415.0
20080401:0900,10.09,99.4,0.0,-0.0,0.0,348.0,0.14,2.0,74429.0
20080401:1000,10.06,99.25,0.0,-0.0,0.0,356.6,0.28,102.0,74437.0
20080401:1100,9.99,99.5,0.0,0.0,0.0,357.6,0.62,94.0,74473.0
20080401:1200,10.45,99.45,43.0,0.0,43.0,362.8,0.48,83.0,74561.0
20080401:1300,11.58,97.25,250.0,59.9,220.0,357.2,0.34,33.0,74561.0
20080401:1400,11.63,97.05,145.0,8.49,139.0,372.6,0.48,2.0,74635.0
20080401:1500,12.56,96.85,318.0,20.8,300.0,369.8,0.62,313.0,74642.0
20080401:1600,12.81,98.45,597.0,82.87,517.0,370.2,0.83,284.0,74598.0
20080401:1700,13.07,96.7,582.0,64.0,518.0,373.6,1.31,269.0,74547.0
20080401:1800,14.37,86.3,695.0,157.19,543.0,368.2,1.38,283.0,74459.0
20080401:1900,13.37,90.85,900.0,867.0,147.0,380.6,1.31,296.0,74415.0
20080401:2000,13.47,88.0,332.0,39.36,304.0,371.6,1.24,297.0,74341.0
20080401:2100,13.71,90.95,166.0,5.93,163.0,369.6,1.03,300.0,74349.0
20080401:2200,12.72,92.55,132.0,86.13,109.0,359.2,0.9,305.0,74385.0
20080401:2300,11.29,90.7,0.0,0.0,0.0,354.4,0.9,306.0,74415.0
20080402:0000,10.14,97.95,0.0,-0.0,0.0,337.0,0.21,38.0,74503.0
20080402:0100,9.86,99.05,0.0,-0.0,0.0,335.85,0.28,157.0,74525.0
20080402:0200,9.76,99.45,0.0,-0.0,0.0,339.0,0.48,104.0,74598.0
20080402:0300,9.81,98.95,0.0,-0.0,0.0,344.8,0.62,97.0,74613.0
20080402:0400,9.75,99.15,0.0,-0.0,0.0,348.4,0.55,94.0,74605.0
20080402:0500,9.62,99.5,0.0,-0.0,0.0,346.4,0.34,96.0,74591.0
20080402:0600,9.7,99.35,0.0,-0.0,0.0,357.6,0.14,109.0,74583.0
20080402:0700,9.24,99.25,0.0,-0.0,0.0,338.2,0.07,30.0,74525.0
20080402:0800,8.81,99.7,0.0,-0.0,0.0,324.8,0.41,95.0,74525.0
20080402:0900,8.44,99.75,0.0,-0.0,0.0,322.4,0.62,90.0,74503.0
20080402:1000,8.41,99.1,0.0,-0.0,0.0,333.6,0.62,88.0,74510.0
20080402:1100,8.3,99.1,0.0,0.0,0.0,332.0,0.62,96.0,74554.0
20080402:1200,9.47,94.55,146.0,140.82,109.0,337.8,0.34,100.0,74583.0
20080402:1300,11.08,88.4,112.0,1.99,111.0,342.0,0.14,355.0,74613.0
20080402:1400,13.0,76.55,151.0,9.89,144.0,354.8,0.97,303.0,74605.0
20080402:1500,14.39,70.0,908.0,882.1,144.0,332.6,1.59,299.0,74554.0
20080402:1600,15.44,71.9,763.0,227.82,543.0,348.8,2.14,284.0,74488.0
20080402:1700,16.32,78.4,1069.0,914.06,155.0,346.0,2.41,286.0,74437.0
20080402:1800,17.35,83.15,225.0,16.55,209.0,348.0,2.07,280.0,74334.0
20080402:1900,17.31,90.35,251.0,16.13,237.0,353.8,1.86,279.0,74210.0
20080402:2000,17.83,86.75,713.0,814.88,134.0,342.6,2.07,284.0,74239.0
20080402:2100,15.3,87.1,196.0,17.81,187.0,347.0,1.86,294.0,74210.0
20080402:2200,13.89,89.5,133.0,93.94,108.0,349.6,1.45,304.0,74297.0
20080402:2300,11.78,94.25,0.0,0.0,0.0,332.8,0.97,334.0,74378.0
20080403:0000,11.03,96.15,0.0,-0.0,0.0,337.4,0.48,19.0,74429.0
20080403:0100,10.44,98.25,0.0,-0.0,0.0,317.85,0.21,15.0,74481.0
20080403:0200,9.79,99.0,0.0,-0.0,0.0,317.4,0.41,80.0,74554.0
20080403:0300,9.3,98.95,0.0,-0.0,0.0,332.2,0.62,94.0,74613.0
20080403:0400,8.99,98.1,0.0,-0.0,0.0,339.8,0.62,106.0,74657.0
20080403:0500,8.15,97.35,0.0,-0.0,0.0,331.8,0.76,95.0,74627.0
20080403:0600,7.67,97.5,0.0,-0.0,0.0,328.6,0.9,98.0,74591.0
20080403:0700,8.22,99.85,0.0,-0.0,0.0,338.0,0.41,76.0,74532.0
20080403:0800,8.56,99.65,0.0,-0.0,0.0,340.4,0.55,72.0,74517.0
20080403:0900,8.59,98.65,0.0,-0.0,0.0,343.0,0.69,70.0,74503.0
20080403:1000,8.51,98.95,0.0,-0.0,0.0,341.2,0.76,78.0,74517.0
20080403:1100,8.45,98.6,0.0,0.0,0.0,345.0,0.76,84.0,74576.0
20080403:1200,9.15,95.85,212.0,514.35,76.0,346.4,1.03,98.0,74649.0
20080403:1300,10.42,89.45,476.0,726.72,110.0,334.8,0.41,121.0,74649.0
20080403:1400,12.97,73.0,718.0,829.23,130.0,324.0,0.55,315.0,74657.0
20080403:1500,14.48,63.8,287.0,19.61,270.0,338.0,1.1,305.0,74620.0
20080403:1600,15.08,61.3,1028.0,907.92,151.0,346.4,1.52,301.0,74539.0
20080403:1700,15.69,60.5,1069.0,915.14,154.0,347.2,1.93,288.0,74459.0
20080403:1800,15.91,62.55,1026.0,904.61,152.0,355.6,2.14,290.0,74400.0
20080403:1900,16.25,83.7,902.0,871.78,146.0,348.6,1.86,276.0,74319.0
20080403:2000,16.69,86.5,710.0,813.04,133.0,352.2,1.66,270.0,74312.0
20080403:2100,16.14,84.3,469.0,703.87,114.0,341.2,1.59,280.0,74290.0
20080403:2200,14.11,86.25,208.0,482.62,80.0,349.2,1.17,288.0,74334.0
20080403:2300,12.4,88.45,0.0,0.0,0.0,341.0,0.97,309.0,74393.0
20080404:0000,11.68,90.9,0.0,-0.0,0.0,348.0,0.69,328.0,74466.0
20080404:0100,11.27,93.45,0.0,-0.0,0.0,340.05,0.41,1.0,74517.0
20080404:0200,10.76,95.65,0.0,-0.0,0.0,331.4,0.34,25.0,74591.0
20080404:0300,10.3,97.6,0.0,-0.0,0.0,332.8,0.28,50.0,74657.0
20080404:0400,9.91,97.6,0.0,-0.0,0.0,339.8,0.55,85.0,74679.0
20080404:0500,9.33,96.0,0.0,-0.0,0.0,340.2,0.76,86.0,74657.0
20080404:0600,9.42,96.55,0.0,-0.0,0.0,344.4,0.62,88.0,74613.0
20080404:0700,8.92,97.3,0.0,-0.0,0.0,331.0,0.55,88.0,74598.0
20080404:0800,8.86,97.2,0.0,-0.0,0.0,334.6,0.55,87.0,74576.0
20080404:0900,9.42,96.7,0.0,-0.0,0.0,365.0,0.28,93.0,74591.0
20080404:1000,9.36,97.25,0.0,-0.0,0.0,355.4,0.34,112.0,74613.0
20080404:1100,9.52,96.4,0.0,0.0,0.0,359.4,0.41,101.0,74649.0
20080404:1200,10.17,94.35,214.0,518.68,76.0,347.0,0.34,95.0,74671.0
20080404:1300,11.3,86.2,479.0,730.71,110.0,348.2,0.28,171.0,74671.0
20080404:1400,12.85,77.25,720.0,830.88,130.0,354.4,0.48,219.0,74671.0
20080404:1500,13.68,74.75,592.0,136.04,474.0,354.6,0.76,256.0,74657.0
20080404:1600,14.42,77.1,1028.0,908.74,150.0,360.0,1.17,264.0,74649.0
20080404:1700,15.3,81.45,91.0,0.0,91.0,361.4,1.17,278.0,74561.0
20080404:1800,16.65,82.4,186.0,13.46,173.0,364.0,1.59,289.0,74415.0
20080404:1900,17.23,92.2,463.0,54.24,416.0,366.6,1.38,264.0,74290.0
20080404:2000,17.15,94.7,709.0,812.64,133.0,360.6,1.17,258.0,74254.0
20080404:2100,16.25,98.1,468.0,705.19,113.0,356.6,0.97,269.0,74217.0
20080404:2200,14.34,95.5,208.0,488.08,79.0,343.0,0.62,318.0,74261.0
20080404:2300,12.41,96.65,0.0,0.0,0.0,350.8,1.31,66.0,74312.0
20080405:0000,11.82,94.15,0.0,-0.0,0.0,344.0,0.28,354.0,74444.0
20080405:0100,11.3,93.05,0.0,-0.0,0.0,361.85,0.83,284.0,74613.0
20080405:0200,10.17,97.0,0.0,-0.0,0.0,348.6,0.83,91.0,74671.0
20080405:0300,10.31,97.3,0.0,-0.0,0.0,355.6,0.76,87.0,74686.0
20080405:0400,9.78,99.65,0.0,-0.0,0.0,351.4,0.48,96.0,74708.0
20080405:0500,9.65,99.45,0.0,-0.0,0.0,360.2,0.62,111.0,74679.0
20080405:0600,9.61,99.6,0.0,-0.0,0.0,357.8,0.69,92.0,74613.0
20080405:0700,9.0,98.55,0.0,-0.0,0.0,341.6,0.97,85.0,74561.0
20080405:0800,9.42,97.45,0.0,-0.0,0.0,365.6,1.03,81.0,74525.0
20080405:0900,9.5,97.45,0.0,-0.0,0.0,364.2,1.1,82.0,74532.0
20080405:1000,9.3,98.05,0.0,-0.0,0.0,355.2,1.03,84.0,74517.0
20080405:1100,9.23,97.95,0.0,0.0,0.0,361.2,1.03,88.0,74561.0
20080405:1200,9.55,95.5,28.0,0.0,28.0,361.2,1.03,88.0,74627.0
20080405:1300,10.8,89.95,123.0,3.95,121.0,352.6,1.03,98.0,74693.0
20080405:1400,13.52,70.5,178.0,12.66,169.0,324.4,0.48,102.0,74693.0
20080405:1500,15.26,58.45,300.0,19.59,283.0,348.0,0.28,318.0,74693.0
20080405:1600,15.83,56.4,276.0,19.66,257.0,332.2,0.55,283.0,74671.0
20080405:1700,16.02,57.15,499.0,37.02,462.0,348.2,0.69,277.0,74627.0
20080405:1800,15.82,64.3,1023.0,904.47,150.0,348.4,1.45,275.0,74503.0
20080405:1900,14.87,83.95,900.0,873.24,144.0,366.8,1.66,277.0,74422.0
20080405:2000,15.48,87.5,185.0,9.89,178.0,354.4,0.83,261.0,74422.0
20080405:2100,13.73,87.55,253.0,65.68,220.0,356.2,0.62,296.0,74385.0
20080405:2200,12.83,90.8,52.0,0.0,52.0,347.0,0.41,320.0,74385.0
20080405:2300,11.7,95.6,0.0,0.0,0.0,344.0,0.48,135.0,74459.0
20080406:0000,11.0,98.7,0.0,-0.0,0.0,349.2,0.55,74.0,74554.0
20080406:0100,10.88,97.3,0.0,-0.0,0.0,351.65,0.9,92.0,74613.0
20080406:0200,10.98,97.1,0.0,-0.0,0.0,360.8,0.9,102.0,74657.0
20080406:0300,10.64,99.35,0.0,-0.0,0.0,352.6,0.69,93.0,74715.0
20080406:0400,10.77,99.25,0.0,-0.0,0.0,366.4,0.34,62.0,74730.0
20080406:0500,10.67,96.7,0.0,-0.0,0.0,366.2,0.55,51.0,74722.0
20080406:0600,10.46,98.75,0.0,-0.0,0.0,362.6,0.48,39.0,74664.0
20080406:0700,10.32,98.8,0.0,-0.0,0.0,362.0,0.34,61.0,74613.0
20080406:0800,10.12,99.7,0.0,-0.0,0.0,354.0,0.34,83.0,74569.0
20080406:0900,9.92,98.85,0.0,-0.0,0.0,355.2,0.41,99.0,74569.0
20080406:1000,9.84,98.5,0.0,-0.0,0.0,355.2,0.69,99.0,74547.0
20080406:1100,9.56,98.45,0.0,0.0,0.0,347.6,0.83,97.0,74635.0
20080406:1200,10.0,96.1,217.0,523.64,76.0,362.2,1.17,103.0,74642.0
20080406:1300,11.37,92.5,481.0,732.9,109.0,354.8,0.9,106.0,74635.0
20080406:1400,13.08,83.15,722.0,832.92,129.0,357.8,0.48,126.0,74627.0
20080406:1500,14.15,81.95,506.0,71.39,444.0,366.8,0.48,227.0,74591.0
20080406:1600,15.37,83.95,727.0,267.98,468.0,365.2,0.76,257.0,74539.0
20080406:1700,16.52,84.65,755.0,273.19,482.0,373.2,0.97,282.0,74466.0
20080406:1800,17.42,82.2,875.0,496.54,396.0,371.0,1.38,282.0,74363.0
20080406:1900,16.32,60.0,726.0,338.74,433.0,372.2,1.03,287.0,74283.0
20080406:2000,14.59,74.05,419.0,99.01,349.0,357.6,0.97,290.0,74261.0
20080406:2100,14.11,78.75,184.0,13.96,177.0,361.2,1.17,270.0,74297.0
20080406:2200,13.42,82.55,7.0,0.0,7.0,351.4,0.9,291.0,74246.0
20080406:2300,12.58,88.5,0.0,0.0,0.0,358.8,0.69,310.0,74327.0
20080407:0000,11.76,92.35,0.0,-0.0,0.0,362.6,0.62,336.0,74466.0
20080407:0100,11.42,94.7,0.0,-0.0,0.0,358.45,0.55,55.0,74495.0
20080407:0200,11.5,95.4,0.0,-0.0,0.0,371.0,0.55,68.0,74583.0
20080407:0300,11.13,96.3,0.0,-0.0,0.0,362.4,0.55,74.0,74598.0
20080407:0400,10.65,97.65,0.0,-0.0,0.0,346.0,0.69,83.0,74620.0
20080407:0500,10.2,99.25,0.0,-0.0,0.0,344.0,0.69,81.0,74605.0
20080407:0600,9.66,99.55,0.0,-0.0,0.0,328.8,0.62,90.0,74569.0
20080407:0700,10.26,98.45,0.0,-0.0,0.0,357.8,0.48,80.0,74488.0
20080407:0800,10.4,99.1,0.0,-0.0,0.0,356.4,0.41,80.0,74481.0
20080407:0900,10.11,97.8,0.0,-0.0,0.0,351.6,0.48,83.0,74481.0
20080407:1000,10.07,98.0,0.0,-0.0,0.0,351.8,0.69,82.0,74503.0
20080407:1100,10.13,98.15,0.0,0.0,0.0,356.0,0.76,84.0,74517.0
20080407:1200,11.15,93.3,219.0,528.01,76.0,360.2,0.69,93.0,74569.0
20080407:1300,12.52,81.9,483.0,737.01,108.0,348.0,0.83,100.0,74561.0
20080407:1400,14.28,69.3,580.0,311.44,358.0,346.4,0.14,137.0,74525.0
20080407:1500,15.8,61.1,560.0,108.18,466.0,349.6,0.34,238.0,74481.0
20080407:1600,16.53,58.25,525.0,50.69,476.0,346.2,0.69,259.0,74422.0
20080407:1700,16.87,56.85,762.0,195.19,567.0,350.6,0.9,274.0,74363.0
20080407:1800,16.68,58.2,828.0,344.37,496.0,352.0,1.1,272.0,74305.0
20080407:1900,16.43,59.8,209.0,15.04,196.0,369.4,1.1,265.0,74283.0
20080407:2000,14.96,69.6,293.0,25.49,275.0,357.4,1.24,283.0,74224.0
20080407:2100,14.58,74.5,448.0,625.37,135.0,354.0,1.17,260.0,74224.0
20080407:2200,13.64,81.1,71.0,0.0,71.0,349.6,0.97,260.0,74276.0
20080407:2300,12.47,86.5,0.0,0.0,0.0,353.2,0.83,285.0,74319.0
20080408:0000,11.87,90.9,0.0,-0.0,0.0,349.4,0.55,317.0,74400.0
20080408:0100,11.79,90.95,0.0,-0.0,0.0,358.45,0.48,343.0,74466.0
20080408:0200,11.29,94.6,0.0,-0.0,0.0,346.4,0.34,16.0,74488.0
20080408:0300,10.84,96.35,0.0,-0.0,0.0,336.4,0.41,39.0,74539.0
20080408:0400,10.48,97.25,0.0,-0.0,0.0,335.4,0.48,30.0,74583.0
20080408:0500,10.45,97.05,0.0,-0.0,0.0,347.8,0.48,32.0,74561.0
20080408:0600,9.77,98.65,0.0,-0.0,0.0,327.6,0.69,84.0,74517.0
20080408:0700,9.71,97.65,0.0,-0.0,0.0,333.0,0.76,81.0,74444.0
20080408:0800,9.22,98.55,0.0,-0.0,0.0,326.8,0.76,82.0,74415.0
20080408:0900,9.25,98.3,0.0,-0.0,0.0,338.0,0.76,87.0,74400.0
20080408:1000,9.15,98.4,0.0,-0.0,0.0,335.2,0.9,86.0,74393.0
20080408:1100,8.54,99.1,5.0,0.0,5.0,318.2,1.1,88.0,74437.0
20080408:1200,10.66,93.65,108.0,29.37,100.0,337.4,0.76,87.0,74437.0
20080408:1300,12.8,79.5,488.0,745.09,108.0,339.6,0.41,98.0,74481.0
20080408:1400,14.67,68.4,727.0,839.35,128.0,331.0,0.07,300.0,74473.0
20080408:1500,16.32,57.7,914.0,890.28,140.0,324.0,0.14,308.0,74407.0
20080408:1600,17.27,53.05,354.0,21.73,333.0,344.6,0.07,259.0,74378.0
20080408:1700,17.65,50.85,788.0,225.29,563.0,356.6,0.28,260.0,74305.0
20080408:1800,17.5,52.35,895.0,494.04,419.0,348.4,0.69,279.0,74195.0
20080408:1900,18.02,48.6,637.0,198.07,466.0,344.2,0.69,304.0,74114.0
20080408:2000,16.88,56.25,20.0,0.0,20.0,351.0,1.1,301.0,74107.0
20080408:2100,15.91,64.1,9.0,0.0,9.0,357.8,1.31,290.0,74107.0
20080408:2200,14.73,72.5,206.0,494.9,77.0,340.8,1.1,274.0,74129.0
20080408:2300,13.48,82.2,0.0,0.0,0.0,338.0,0.83,261.0,74232.0
20080409:0000,12.52,88.85,0.0,-0.0,0.0,338.8,0.62,255.0,74327.0
20080409:0100,11.72,97.3,0.0,-0.0,0.0,344.45,0.34,196.0,74400.0
20080409:0200,11.68,93.85,0.0,-0.0,0.0,353.2,0.07,191.0,74451.0
20080409:0300,11.6,96.6,0.0,-0.0,0.0,352.2,0.34,57.0,74488.0
20080409:0400,11.47,94.05,0.0,-0.0,0.0,360.4,0.07,293.0,74532.0
20080409:0500,11.29,98.0,0.0,-0.0,0.0,357.6,0.21,104.0,74510.0
20080409:0600,10.86,98.55,0.0,-0.0,0.0,363.6,0.41,78.0,74473.0
20080409:0700,11.19,97.2,0.0,-0.0,0.0,371.6,0.41,104.0,74437.0
20080409:0800,11.07,97.5,0.0,-0.0,0.0,363.4,0.48,82.0,74378.0
20080409:0900,11.08,96.65,0.0,-0.0,0.0,362.8,0.62,70.0,74385.0
20080409:1000,11.05,96.75,0.0,-0.0,0.0,366.4,0.83,69.0,74385.0
20080409:1100,11.03,96.4,4.0,0.0,4.0,362.8,0.9,77.0,74459.0
20080409:1200,11.4,95.4,89.0,7.3,87.0,370.4,0.48,94.0,74517.0
20080409:1300,11.91,93.55,342.0,193.68,243.0,368.6,0.41,136.0,74554.0
20080409:1400,12.72,90.7,251.0,18.2,238.0,369.8,0.34,116.0,74547.0
20080409:1500,14.5,83.25,648.0,259.84,422.0,370.8,0.21,9.0,74481.0
20080409:1600,15.96,78.7,730.0,275.19,464.0,358.2,0.62,286.0,74444.0
20080409:1700,16.26,85.6,821.0,380.63,441.0,356.4,1.1,266.0,74429.0
20080409:1800,16.99,87.55,727.0,196.29,538.0,365.6,1.45,231.0,74305.0
20080409:1900,16.99,55.95,458.0,53.33,412.0,366.0,0.62,254.0,74224.0
20080409:2000,16.56,57.95,652.0,546.79,267.0,347.2,0.97,268.0,74122.0
20080409:2100,15.65,64.6,462.0,708.07,109.0,359.8,1.17,269.0,74129.0
20080409:2200,14.33,74.35,204.0,492.76,76.0,344.4,1.24,272.0,74173.0
20080409:2300,13.17,82.15,0.0,0.0,0.0,338.4,0.97,268.0,74312.0
20080410:0000,12.61,81.45,0.0,-0.0,0.0,348.0,0.76,281.0,74363.0
20080410:0100,12.27,84.45,0.0,-0.0,0.0,357.65,0.55,286.0,74451.0
20080410:0200,11.93,88.4,0.0,-0.0,0.0,374.2,0.34,318.0,74510.0
20080410:0300,11.76,98.25,0.0,-0.0,0.0,369.0,0.21,51.0,74539.0
20080410:0400,11.3,98.6,0.0,-0.0,0.0,370.2,0.28,51.0,74576.0
20080410:0500,11.06,98.7,0.0,-0.0,0.0,365.4,0.21,41.0,74561.0
20080410:0600,10.91,99.25,0.0,-0.0,0.0,364.2,0.21,298.0,74488.0
20080410:0700,10.36,99.2,0.0,-0.0,0.0,343.4,0.28,101.0,74466.0
20080410:0800,10.09,99.1,0.0,-0.0,0.0,345.8,0.48,98.0,74444.0
20080410:0900,9.99,99.3,0.0,-0.0,0.0,346.2,0.62,112.0,74429.0
20080410:1000,9.93,98.35,0.0,-0.0,0.0,348.0,0.62,95.0,74473.0
20080410:1100,10.02,98.0,4.0,0.0,4.0,350.0,0.62,95.0,74495.0
20080410:1200,10.75,96.95,222.0,533.96,75.0,351.8,0.41,96.0,74532.0
20080410:1300,12.22,86.2,484.0,735.93,107.0,344.6,0.07,225.0,74547.0
20080410:1400,13.74,84.15,536.0,234.92,368.0,344.8,0.76,282.0,74525.0
20080410:1500,14.9,87.45,219.0,16.09,205.0,350.2,1.03,277.0,74532.0
20080410:1600,15.62,87.25,772.0,242.1,538.0,371.6,1.52,272.0,74473.0
20080410:1700,16.4,86.75,288.0,20.04,268.0,367.4,1.38,265.0,74415.0
20080410:1800,15.75,91.25,248.0,17.67,231.0,375.0,1.17,255.0,74297.0
20080410:1900,15.27,79.2,706.0,301.77,446.0,357.4,1.31,283.0,74217.0
20080410:2000,15.35,88.75,511.0,254.58,332.0,366.2,1.17,265.0,74166.0
20080410:2100,14.63,86.35,263.0,82.4,222.0,357.2,1.03,280.0,74122.0
20080410:2200,13.52,89.6,190.0,397.88,87.0,351.2,1.17,273.0,74210.0
20080410:2300,12.4,90.9,0.0,0.0,0.0,345.2,0.83,276.0,74276.0
20080411:0000,11.37,97.45,0.0,-0.0,0.0,346.0,0.76,280.0,74363.0
20080411:0100,11.19,98.8,0.0,-0.0,0.0,358.25,0.34,301.0,74444.0
20080411:0200,11.4,98.05,0.0,-0.0,0.0,360.0,0.41,357.0,74481.0
20080411:0300,10.93,96.85,0.0,-0.0,0.0,352.0,0.28,34.0,74569.0
20080411:0400,10.92,96.6,0.0,-0.0,0.0,360.2,0.34,51.0,74561.0
20080411:0500,10.71,96.8,0.0,-0.0,0.0,356.4,0.48,62.0,74547.0
20080411:0600,10.59,96.95,0.0,-0.0,0.0,361.0,0.21,75.0,74495.0
20080411:0700,10.57,97.3,0.0,-0.0,0.0,359.4,0.28,136.0,74437.0
20080411:0800,10.24,96.3,0.0,-0.0,0.0,350.0,0.55,136.0,74400.0
20080411:0900,9.75,98.6,0.0,-0.0,0.0,344.6,0.48,94.0,74400.0
20080411:1000,9.57,99.25,0.0,-0.0,0.0,337.2,0.69,79.0,74371.0
20080411:1100,9.69,97.75,1.0,0.0,1.0,344.0,0.62,82.0,74407.0
20080411:1200,10.93,93.8,77.0,0.0,77.0,342.4,0.28,70.0,74481.0
20080411:1300,11.94,86.45,147.0,7.79,143.0,334.6,0.28,58.0,74517.0
20080411:1400,13.47,79.4,277.0,22.35,261.0,336.4,0.34,273.0,74532.0
20080411:1500,14.48,79.05,543.0,95.36,460.0,357.2,0.83,259.0,74525.0
20080411:1600,15.99,80.7,581.0,74.5,509.0,356.0,1.38,260.0,74473.0
20080411:1700,17.47,85.2,246.0,19.05,227.0,362.8,1.52,257.0,74341.0
20080411:1800,17.59,85.6,352.0,21.84,331.0,362.0,1.66,263.0,74290.0
20080411:1900,13.62,80.5,348.0,23.24,328.0,363.4,1.45,253.0,74254.0
20080411:2000,13.44,80.8,203.0,9.97,196.0,368.4,1.45,257.0,74224.0
20080411:2100,13.3,81.85,125.0,0.0,125.0,363.4,1.45,259.0,74195.0
20080411:2200,12.86,78.85,158.0,232.56,98.0,352.4,1.31,274.0,74224.0
20080411:2300,11.67,86.2,0.0,0.0,0.0,365.8,0.9,293.0,74261.0
20080412:0000,11.4,90.65,0.0,-0.0,0.0,359.6,0.41,311.0,74356.0
20080412:0100,11.27,92.35,0.0,-0.0,0.0,361.45,0.28,34.0,74407.0
20080412:0200,10.98,92.4,0.0,-0.0,0.0,360.0,0.28,337.0,74459.0
20080412:0300,11.04,88.6,0.0,-0.0,0.0,371.8,0.41,316.0,74539.0
20080412:0400,10.78,93.55,0.0,-0.0,0.0,369.0,0.14,260.0,74539.0
20080412:0500,10.75,92.7,0.0,-0.0,0.0,368.6,0.28,251.0,74503.0
20080412:0600,10.65,92.65,0.0,-0.0,0.0,374.6,0.14,261.0,74495.0
20080412:0700,9.97,95.6,0.0,-0.0,0.0,346.0,0.28,142.0,74444.0
20080412:0800,9.65,96.35,0.0,-0.0,0.0,343.6,0.34,89.0,74407.0
20080412:0900,9.76,96.45,0.0,-0.0,0.0,351.6,0.34,101.0,74407.0
20080412:1000,9.88,96.25,0.0,-0.0,0.0,355.2,0.41,89.0,74429.0
20080412:1100,9.98,96.05,8.0,0.0,8.0,355.4,0.55,94.0,74437.0
20080412:1200,10.5,93.55,225.0,539.37,75.0,354.0,0.41,98.0,74481.0
20080412:1300,11.83,87.8,486.0,738.76,106.0,351.2,0.07,112.0,74539.0
20080412:1400,13.04,86.0,723.0,834.64,125.0,343.0,0.48,279.0,74517.0
20080412:1500,14.96,84.15,603.0,145.87,476.0,365.2,0.97,267.0,74510.0
20080412:1600,16.07,83.65,140.0,8.28,132.0,369.2,1.31,255.0,74473.0
20080412:1700,15.81,80.8,114.0,3.01,111.0,371.0,1.31,254.0,74415.0
20080412:1800,17.45,84.4,87.0,0.0,87.0,363.8,1.52,252.0,74305.0
20080412:1900,15.91,80.05,514.0,84.91,441.0,361.0,1.59,264.0,74268.0
20080412:2000,15.15,84.15,46.0,0.0,46.0,368.2,1.38,253.0,74232.0
20080412:2100,14.65,85.85,297.0,141.25,227.0,367.8,1.17,251.0,74217.0
20080412:2200,13.59,87.1,179.0,369.46,84.0,370.4,0.9,250.0,74232.0
20080412:2300,12.5,88.1,0.0,0.0,0.0,354.8,0.83,287.0,74239.0
20080413:0000,11.46,97.4,0.0,-0.0,0.0,349.2,0.9,317.0,74349.0
20080413:0100,10.71,97.4,0.0,-0.0,0.0,341.45,0.83,342.0,74444.0
20080413:0200,10.6,98.75,0.0,-0.0,0.0,349.0,0.55,40.0,74481.0
20080413:0300,10.77,97.95,0.0,-0.0,0.0,355.8,0.55,64.0,74525.0
20080413:0400,10.37,95.75,0.0,-0.0,0.0,353.2,0.48,56.0,74576.0
20080413:0500,10.04,95.55,0.0,-0.0,0.0,357.4,0.55,61.0,74569.0
20080413:0600,9.95,96.05,0.0,-0.0,0.0,354.2,0.41,115.0,74525.0
20080413:0700,9.86,96.2,0.0,-0.0,0.0,354.0,0.62,87.0,74481.0
20080413:0800,9.31,96.45,0.0,-0.0,0.0,331.8,0.9,88.0,74437.0
20080413:0900,9.31,96.35,0.0,-0.0,0.0,340.2,0.9,85.0,74437.0
20080413:1000,8.99,97.35,0.0,-0.0,0.0,338.2,0.97,85.0,74451.0
20080413:1100,8.94,97.5,8.0,0.0,8.0,339.8,0.97,86.0,74510.0
20080413:1200,10.21,95.35,227.0,543.94,75.0,344.8,0.76,85.0,74561.0
20080413:1300,12.25,82.4,489.0,743.18,106.0,334.6,0.41,56.0,74547.0
20080413:1400,13.84,71.3,481.0,150.61,373.0,355.4,0.48,332.0,74554.0
20080413:1500,14.42,68.3,116.0,4.59,112.0,364.6,0.83,299.0,74525.0
20080413:1600,14.84,68.0,235.0,17.6,218.0,375.0,1.03,273.0,74510.0
20080413:1700,15.44,69.6,541.0,50.17,491.0,349.2,1.17,274.0,74444.0
20080413:1800,15.47,78.35,175.0,12.5,163.0,372.0,1.66,267.0,74334.0
20080413:1900,16.08,87.1,223.0,13.97,211.0,351.0,1.45,266.0,74217.0
20080413:2000,16.09,89.9,286.0,24.28,269.0,361.8,1.59,254.0,74246.0
20080413:2100,14.37,87.35,18.0,0.0,18.0,368.4,1.17,274.0,74254.0
20080413:2200,12.93,92.15,112.0,42.92,101.0,364.0,0.97,287.0,74246.0
20080413:2300,12.07,97.2,0.0,0.0,0.0,364.0,0.97,294.0,74341.0
20080414:0000,11.51,98.45,0.0,-0.0,0.0,358.8,0.9,301.0,74444.0
20080414:0100,11.32,99.0,0.0,-0.0,0.0,361.65,0.41,329.0,74488.0
20080414:0200,11.55,98.4,0.0,-0.0,0.0,368.0,0.28,355.0,74576.0
20080414:0300,10.87,98.5,0.0,-0.0,0.0,351.0,0.41,46.0,74642.0
20080414:0400,10.63,99.0,0.0,-0.0,0.0,350.0,0.55,106.0,74627.0
20080414:0500,10.27,99.0,0.0,-0.0,0.0,343.4,0.69,92.0,74605.0
20080414:0600,10.1,99.0,0.0,-0.0,0.0,346.8,0.62,96.0,74510.0
20080414:0700,10.03,97.75,0.0,-0.0,0.0,355.8,0.76,95.0,74466.0
20080414:0800,10.21,97.45,0.0,-0.0,0.0,360.0,0.76,76.0,74422.0
20080414:0900,10.24,98.0,0.0,-0.0,0.0,356.0,0.83,74.0,74429.0
20080414:1000,10.2,98.45,0.0,-0.0,0.0,359.2,0.69,64.0,74451.0
20080414:1100,10.37,96.9,9.0,0.0,9.0,367.4,0.48,75.0,74503.0
20080414:1200,10.8,95.95,72.0,0.0,72.0,368.0,0.62,75.0,74547.0
20080414:1300,11.59,91.6,488.0,741.83,105.0,367.6,0.62,74.0,74576.0
20080414:1400,12.73,81.95,723.0,836.11,123.0,362.8,0.28,90.0,74598.0
20080414:1500,13.34,78.6,712.0,284.74,464.0,371.0,0.28,260.0,74561.0
20080414:1600,14.14,77.9,162.0,11.39,151.0,364.4,0.76,259.0,74517.0
20080414:1700,14.58,83.6,72.0,0.0,72.0,372.8,1.03,248.0,74451.0
20080414:1800,15.88,88.4,388.0,23.98,365.0,369.6,1.24,264.0,74327.0
20080414:1900,15.98,79.0,225.0,15.15,212.0,359.4,1.1,292.0,74232.0
20080414:2000,15.84,88.7,221.0,12.87,212.0,368.4,1.1,281.0,74217.0
20080414:2100,14.61,88.5,288.0,127.63,225.0,367.2,0.97,266.0,74268.0
20080414:2200,12.85,97.95,178.0,371.9,83.0,372.2,0.48,259.0,74232.0
20080414:2300,11.96,97.6,0.0,0.0,0.0,354.4,0.55,297.0,74327.0
20080415:0000,11.62,98.75,0.0,-0.0,0.0,359.0,0.41,304.0,74437.0
20080415:0100,11.32,98.8,0.0,-0.0,0.0,352.65,0.14,338.0,74495.0
20080415:0200,10.85,99.1,0.0,-0.0,0.0,349.0,0.34,53.0,74569.0
20080415:0300,10.34,98.9,0.0,-0.0,0.0,339.0,0.69,74.0,74613.0
20080415:0400,10.2,99.15,0.0,-0.0,0.0,352.6,0.76,69.0,74627.0
20080415:0500,10.24,99.15,0.0,-0.0,0.0,361.8,0.69,84.0,74598.0
20080415:0600,10.21,99.05,0.0,-0.0,0.0,361.8,0.62,95.0,74495.0
20080415:0700,10.05,98.45,0.0,-0.0,0.0,353.8,0.76,86.0,74466.0
20080415:0800,10.01,98.5,0.0,-0.0,0.0,353.4,0.83,82.0,74459.0
20080415:0900,10.06,98.45,0.0,-0.0,0.0,357.8,0.83,90.0,74437.0
20080415:1000,9.83,98.85,0.0,-0.0,0.0,350.4,0.83,87.0,74466.0
20080415:1100,9.62,98.55,0.0,0.0,0.0,348.6,0.97,87.0,74525.0
20080415:1200,10.38,97.1,19.0,0.0,19.0,358.2,0.97,93.0,74576.0
20080415:1300,11.93,88.1,161.0,9.67,156.0,356.2,0.83,105.0,74642.0
20080415:1400,14.05,73.05,280.0,22.28,264.0,339.2,0.34,118.0,74635.0
20080415:1500,15.37,65.1,279.0,19.52,262.0,337.4,0.34,213.0,74583.0
20080415:1600,15.89,64.7,496.0,42.46,455.0,364.4,1.03,241.0,74488.0
20080415:1700,14.92,75.35,1055.0,916.21,143.0,372.4,1.24,247.0,74429.0
20080415:1800,15.26,82.0,688.0,161.74,533.0,364.0,0.97,263.0,74327.0
20080415:1900,15.24,68.75,884.0,874.09,135.0,364.2,0.76,258.0,74261.0
20080415:2000,15.01,73.8,185.0,8.6,179.0,361.0,0.9,265.0,74195.0
20080415:2100,14.15,77.1,376.0,355.23,201.0,364.6,0.62,257.0,74151.0
20080415:2200,13.18,80.9,199.0,494.84,73.0,362.6,0.83,295.0,74239.0
20080415:2300,12.39,86.3,0.0,0.0,0.0,366.8,0.69,301.0,74283.0
20080416:0000,11.98,89.3,0.0,-0.0,0.0,354.0,0.34,349.0,74378.0
20080416:0100,11.41,96.45,0.0,-0.0,0.0,356.65,0.69,71.0,74437.0
20080416:0200,10.93,98.0,0.0,-0.0,0.0,364.0,0.55,80.0,74532.0
20080416:0300,10.67,98.5,0.0,-0.0,0.0,357.6,0.69,89.0,74547.0
20080416:0400,10.3,98.9,0.0,-0.0,0.0,345.2,0.76,82.0,74591.0
20080416:0500,10.11,97.3,0.0,-0.0,0.0,345.0,0.83,93.0,74547.0
20080416:0600,10.22,96.7,0.0,-0.0,0.0,354.0,0.83,90.0,74495.0
20080416:0700,9.74,98.05,0.0,-0.0,0.0,338.4,0.97,94.0,74437.0
20080416:0800,9.46,98.15,0.0,-0.0,0.0,341.6,1.1,92.0,74400.0
20080416:0900,9.55,97.35,0.0,-0.0,0.0,353.0,1.17,94.0,74393.0
20080416:1000,9.56,97.1,0.0,-0.0,0.0,352.4,1.17,96.0,74407.0
20080416:1100,9.67,96.4,4.0,0.0,4.0,356.0,1.17,96.0,74437.0
20080416:1200,10.4,94.55,142.0,95.33,115.0,346.6,1.31,102.0,74459.0
20080416:1300,12.11,84.5,324.0,150.57,246.0,356.2,1.24,113.0,74510.0
20080416:1400,13.97,74.15,286.0,23.66,269.0,341.0,0.97,131.0,74495.0
20080416:1500,15.71,61.15,154.0,11.48,144.0,346.2,1.45,133.0,74437.0
20080416:1600,16.72,53.95,1023.0,914.71,140.0,360.2,1.17,147.0,74371.0
20080416:1700,17.63,49.25,1058.0,920.8,142.0,363.4,0.9,158.0,74334.0
20080416:1800,18.29,46.3,614.0,101.31,517.0,372.2,0.55,137.0,74224.0
20080416:1900,18.04,49.75,351.0,24.54,330.0,379.0,0.55,154.0,74122.0
20080416:2000,17.46,53.2,695.0,820.63,123.0,372.6,0.69,295.0,74019.0
20080416:2100,16.71,59.05,182.0,14.24,175.0,367.6,0.9,303.0,74070.0
20080416:2200,15.25,68.3,200.0,504.29,72.0,364.4,0.62,293.0,74151.0
20080416:2300,14.27,75.6,0.0,-0.0,0.0,350.8,0.07,220.0,74195.0
20080417:0000,13.04,84.35,0.0,-0.0,0.0,331.8,0.28,23.0,74254.0
20080417:0100,12.3,88.85,0.0,-0.0,0.0,340.25,0.69,95.0,74407.0
20080417:0200,12.28,87.55,0.0,-0.0,0.0,361.6,1.24,95.0,74495.0
20080417:0300,12.02,86.7,0.0,-0.0,0.0,351.6,1.45,91.0,74532.0
20080417:0400,12.16,84.1,0.0,-0.0,0.0,367.8,1.03,100.0,74561.0
20080417:0500,11.96,84.3,0.0,-0.0,0.0,367.0,0.69,112.0,74525.0
20080417:0600,11.54,86.05,0.0,-0.0,0.0,362.6,0.76,110.0,74488.0
20080417:0700,11.18,83.8,0.0,-0.0,0.0,351.2,1.03,109.0,74459.0
20080417:0800,10.94,83.9,0.0,-0.0,0.0,350.2,1.1,104.0,74422.0
20080417:0900,10.79,83.85,0.0,-0.0,0.0,352.6,0.97,100.0,74429.0
20080417:1000,10.5,84.85,0.0,-0.0,0.0,344.2,1.1,98.0,74422.0
20080417:1100,10.38,85.75,2.0,0.0,2.0,343.6,1.1,98.0,74481.0
20080417:1200,11.34,81.95,11.0,0.0,11.0,354.8,1.24,104.0,74554.0
20080417:1300,12.89,73.3,302.0,111.79,244.0,345.0,1.31,112.0,74569.0
20080417:1400,15.06,60.0,722.0,835.94,121.0,337.2,1.72,124.0,74532.0
20080417:1500,16.9,50.85,904.0,885.06,133.0,339.6,2.28,131.0,74466.0
20080417:1600,18.55,43.4,780.0,258.04,531.0,354.8,2.34,145.0,74371.0
20080417:1700,20.0,37.35,235.0,18.11,217.0,346.4,1.86,151.0,74246.0
20080417:1800,19.94,38.0,575.0,78.4,500.0,357.8,1.03,204.0,74202.0
20080417:1900,18.26,44.35,667.0,253.83,450.0,388.8,0.62,200.0,74122.0
20080417:2000,18.05,46.95,548.0,310.35,332.0,363.4,0.48,258.0,74107.0
20080417:2100,17.28,53.05,383.0,385.16,194.0,368.2,0.28,300.0,74122.0
20080417:2200,16.49,58.05,200.0,505.85,72.0,354.2,0.34,319.0,74158.0
20080417:2300,15.17,68.1,0.0,-0.0,0.0,358.6,0.21,6.0,74246.0
20080418:0000,14.13,75.0,0.0,-0.0,0.0,355.8,0.76,86.0,74349.0
20080418:0100,12.74,82.15,0.0,-0.0,0.0,329.05,1.03,94.0,74437.0
20080418:0200,12.28,84.1,0.0,-0.0,0.0,342.2,1.03,105.0,74517.0
20080418:0300,12.31,82.35,0.0,-0.0,0.0,361.4,1.1,107.0,74539.0
20080418:0400,12.1,82.1,0.0,-0.0,0.0,357.8,1.17,106.0,74569.0
20080418:0500,11.98,81.45,0.0,-0.0,0.0,361.0,1.1,105.0,74532.0
20080418:0600,12.03,79.55,0.0,-0.0,0.0,373.0,1.03,106.0,74503.0
20080418:0700,11.65,78.65,0.0,-0.0,0.0,367.4,0.97,103.0,74459.0
20080418:0800,11.56,77.9,0.0,-0.0,0.0,365.2,0.97,111.0,74429.0
20080418:0900,11.39,77.8,0.0,-0.0,0.0,363.4,1.03,107.0,74437.0
20080418:1000,11.19,77.85,0.0,-0.0,0.0,355.2,1.1,102.0,74415.0
20080418:1100,11.0,78.1,0.0,0.0,0.0,350.4,1.17,103.0,74444.0
20080418:1200,11.55,75.6,29.0,0.0,29.0,356.0,1.24,102.0,74495.0
20080418:1300,12.81,69.6,127.0,3.85,125.0,369.8,1.31,106.0,74554.0
20080418:1400,14.06,64.15,489.0,161.27,373.0,369.0,1.24,123.0,74547.0
20080418:1500,16.03,55.55,445.0,44.77,406.0,366.4,2.14,131.0,74561.0
20080418:1600,16.89,51.3,746.0,215.63,538.0,380.4,2.14,136.0,74459.0
20080418:1700,17.59,48.45,581.0,67.44,514.0,373.8,1.52,146.0,74371.0
20080418:1800,17.96,47.7,263.0,18.83,245.0,368.2,0.9,167.0,74202.0
20080418:1900,18.78,44.7,115.0,2.34,113.0,370.0,1.24,142.0,74100.0
20080418:2000,18.65,45.3,41.0,0.0,41.0,363.4,0.34,216.0,74063.0
20080418:2100,17.69,52.05,185.0,16.33,177.0,366.8,0.83,296.0,74085.0
20080418:2200,16.32,61.8,7.0,0.0,7.0,364.0,0.76,309.0,74158.0
20080418:2300,14.75,72.7,0.0,-0.0,0.0,338.4,0.41,323.0,74246.0
20080419:0000,13.7,79.2,0.0,-0.0,0.0,345.0,0.48,78.0,74371.0
20080419:0100,13.46,80.75,0.0,-0.0,0.0,363.85,0.83,101.0,74437.0
20080419:0200,13.03,81.75,0.0,-0.0,0.0,363.8,0.9,111.0,74488.0
20080419:0300,12.62,82.85,0.0,-0.0,0.0,358.0,0.97,104.0,74517.0
20080419:0400,12.38,83.35,0.0,-0.0,0.0,359.2,0.9,113.0,74561.0
20080419:0500,12.44,82.0,0.0,-0.0,0.0,375.8,0.9,112.0,74547.0
20080419:0600,12.23,82.05,0.0,-0.0,0.0,369.4,0.69,123.0,74481.0
20080419:0700,12.11,82.45,0.0,-0.0,0.0,365.8,0.83,102.0,74422.0
20080419:0800,11.96,82.55,0.0,-0.0,0.0,364.0,0.76,109.0,74385.0
20080419:0900,11.99,81.95,0.0,-0.0,0.0,371.8,0.76,107.0,74371.0
20080419:1000,11.96,81.85,0.0,-0.0,0.0,371.0,0.83,107.0,74429.0
20080419:1100,11.98,82.05,11.0,0.0,11.0,373.0,0.83,106.0,74459.0
20080419:1200,12.48,81.35,235.0,561.72,74.0,369.2,0.83,110.0,74488.0
20080419:1300,13.45,77.0,494.0,751.51,103.0,368.8,0.76,137.0,74525.0
20080419:1400,14.01,74.75,727.0,843.51,120.0,369.8,0.9,162.0,74547.0
20080419:1500,14.37,73.2,412.0,34.44,382.0,378.4,0.9,177.0,74517.0
20080419:1600,14.86,71.55,616.0,97.49,522.0,373.4,0.9,182.0,74466.0
20080419:1700,15.16,72.55,599.0,75.55,524.0,376.4,1.03,195.0,74422.0
20080419:1800,15.4,76.6,158.0,10.47,148.0,374.6,0.9,213.0,74305.0
20080419:1900,16.94,60.2,226.0,15.24,213.0,385.8,0.69,195.0,74180.0
20080419:2000,16.81,59.95,195.0,10.09,188.0,366.2,0.62,251.0,74136.0
20080419:2100,15.53,67.45,280.0,118.65,222.0,378.0,0.9,258.0,74188.0
20080419:2200,14.26,74.2,145.0,186.85,98.0,367.8,0.9,261.0,74254.0
20080419:2300,13.41,79.95,0.0,-0.0,0.0,364.8,0.62,240.0,74327.0
20080420:0000,12.67,86.05,0.0,-0.0,0.0,353.6,0.34,230.0,74407.0
20080420:0100,12.26,89.4,0.0,-0.0,0.0,364.05,0.34,142.0,74451.0
20080420:0200,12.28,88.0,0.0,-0.0,0.0,368.8,0.97,117.0,74510.0
20080420:0300,12.07,87.65,0.0,-0.0,0.0,359.6,0.9,106.0,74554.0
20080420:0400,12.11,85.45,0.0,-0.0,0.0,373.0,0.97,104.0,74569.0
20080420:0500,12.02,83.8,0.0,-0.0,0.0,374.2,0.83,102.0,74569.0
20080420:0600,11.77,84.1,0.0,-0.0,0.0,369.4,0.55,104.0,74517.0
20080420:0700,11.67,85.9,0.0,-0.0,0.0,371.0,0.97,100.0,74466.0
20080420:0800,11.47,85.75,0.0,-0.0,0.0,362.6,0.83,95.0,74407.0
20080420:0900,11.39,83.8,0.0,-0.0,0.0,370.2,0.83,101.0,74400.0
20080420:1000,11.18,83.65,0.0,-0.0,0.0,362.4,0.76,106.0,74407.0
20080420:1100,10.84,84.4,1.0,0.0,1.0,367.6,0.97,105.0,74473.0
20080420:1200,10.89,84.75,54.0,0.0,54.0,365.6,1.1,107.0,74495.0
20080420:1300,12.1,81.1,254.0,55.67,225.0,370.4,1.03,111.0,74532.0
20080420:1400,13.78,73.05,453.0,118.08,368.0,352.8,0.69,131.0,74539.0
20080420:1500,15.8,62.6,594.0,140.09,472.0,356.4,0.55,168.0,74495.0
20080420:1600,16.67,57.75,749.0,221.02,536.0,366.0,0.62,176.0,74451.0
20080420:1700,17.09,56.0,830.0,309.48,523.0,366.8,0.48,210.0,74356.0
20080420:1800,17.77,54.0,682.0,161.45,528.0,369.4,0.48,218.0,74239.0
20080420:1900,17.5,56.15,675.0,271.19,444.0,374.8,0.76,246.0,74158.0
20080420:2000,16.86,62.3,308.0,33.19,285.0,361.0,0.97,274.0,74092.0
20080420:2100,16.3,66.4,243.0,65.59,211.0,361.0,1.31,269.0,74092.0
20080420:2200,14.9,75.2,165.0,310.99,87.0,362.2,1.24,253.0,74158.0
20080420:2300,13.94,80.85,0.0,-0.0,0.0,357.6,0.69,244.0,74224.0
20080421:0000,13.21,86.35,0.0,-0.0,0.0,348.6,0.34,254.0,74371.0
20080421:0100,13.04,88.45,0.0,-0.0,0.0,368.65,0.07,14.0,74422.0
20080421:0200,12.79,90.1,0.0,-0.0,0.0,374.4,0.48,96.0,74481.0
20080421:0300,12.63,90.3,0.0,-0.0,0.0,372.6,0.62,80.0,74517.0
20080421:0400,12.55,89.95,0.0,-0.0,0.0,374.8,0.55,82.0,74532.0
20080421:0500,12.09,91.8,0.0,-0.0,0.0,358.0,0.69,90.0,74517.0
20080421:0600,12.05,91.15,0.0,-0.0,0.0,367.0,0.69,102.0,74473.0
20080421:0700,11.85,92.8,0.0,-0.0,0.0,375.0,0.9,96.0,74444.0
20080421:0800,11.39,93.35,0.0,-0.0,0.0,366.4,0.9,104.0,74393.0
20080421:0900,11.3,92.25,0.0,-0.0,0.0,368.4,0.9,98.0,74393.0
20080421:1000,11.12,92.2,0.0,-0.0,0.0,362.0,0.9,97.0,74400.0
20080421:1100,11.09,91.75,9.0,0.0,9.0,362.4,0.9,96.0,74415.0
20080421:1200,11.59,89.4,134.0,69.29,114.0,373.2,0.97,97.0,74481.0
20080421:1300,12.48,85.2,219.0,30.68,203.0,359.6,0.76,95.0,74532.0
20080421:1400,13.6,79.3,500.0,176.37,373.0,361.0,0.48,127.0,74539.0
20080421:1500,14.37,74.5,570.0,118.29,467.0,382.2,0.41,174.0,74554.0
20080421:1600,14.93,71.85,463.0,34.26,430.0,375.6,0.62,171.0,74561.0
20080421:1700,15.1,71.1,332.0,21.19,311.0,378.0,0.55,186.0,74510.0
20080421:1800,15.21,70.75,330.0,20.99,310.0,379.8,0.83,215.0,74407.0
20080421:1900,15.08,87.4,538.0,109.31,445.0,374.0,0.83,236.0,74341.0
20080421:2000,14.24,88.75,453.0,153.21,347.0,381.6,0.69,247.0,74276.0
20080421:2100,14.16,92.25,397.0,451.75,177.0,371.6,0.69,256.0,74261.0
20080421:2200,13.17,89.0,187.0,443.79,76.0,374.0,0.48,235.0,74297.0
20080421:2300,12.19,92.45,0.0,-0.0,0.0,353.8,0.14,263.0,74349.0
20080422:0000,11.69,95.15,0.0,-0.0,0.0,349.0,0.62,117.0,74429.0
20080422:0100,11.46,95.95,0.0,-0.0,0.0,355.05,0.9,111.0,74466.0
20080422:0200,11.1,97.4,0.0,-0.0,0.0,355.2,0.97,98.0,74503.0
20080422:0300,10.87,97.7,0.0,-0.0,0.0,357.4,0.97,96.0,74554.0
20080422:0400,10.77,97.55,0.0,-0.0,0.0,359.4,1.03,98.0,74554.0
20080422:0500,10.89,96.7,0.0,-0.0,0.0,366.2,1.1,94.0,74561.0
20080422:0600,10.67,97.0,0.0,-0.0,0.0,359.0,1.03,90.0,74510.0
20080422:0700,10.75,97.4,0.0,-0.0,0.0,360.2,0.76,102.0,74466.0
20080422:0800,10.43,97.15,0.0,-0.0,0.0,353.0,0.9,107.0,74415.0
20080422:0900,10.39,95.95,0.0,-0.0,0.0,361.4,0.97,104.0,74437.0
20080422:1000,10.15,95.35,0.0,-0.0,0.0,360.8,1.1,99.0,74459.0
20080422:1100,10.13,94.35,7.0,0.0,7.0,363.6,1.1,104.0,74488.0
20080422:1200,10.64,90.95,105.0,17.26,100.0,357.4,1.03,101.0,74532.0
20080422:1300,12.03,84.5,403.0,335.18,228.0,353.6,0.9,107.0,74583.0
20080422:1400,13.96,74.0,603.0,384.59,326.0,354.8,0.55,143.0,74554.0
20080422:1500,14.79,68.85,657.0,212.52,472.0,356.2,0.55,194.0,74488.0
20080422:1600,15.55,66.55,745.0,316.83,440.0,370.8,0.55,226.0,74488.0
20080422:1700,16.06,65.35,283.0,19.18,264.0,363.0,0.62,233.0,74437.0
20080422:1800,15.76,68.4,267.0,18.91,249.0,375.8,1.1,245.0,74341.0
20080422:1900,16.52,61.4,496.0,78.85,429.0,356.2,0.9,226.0,74217.0
20080422:2000,16.09,64.05,407.0,101.32,337.0,366.2,0.69,240.0,74151.0
20080422:2100,15.69,67.95,451.0,722.06,100.0,357.4,0.97,256.0,74166.0
20080422:2200,15.08,71.45,26.0,0.0,26.0,359.2,0.97,244.0,74136.0
20080422:2300,13.85,79.2,0.0,-0.0,0.0,350.2,0.69,283.0,74232.0
20080423:0000,13.17,84.65,0.0,-0.0,0.0,356.6,0.28,160.0,74385.0
20080423:0100,12.53,88.25,0.0,-0.0,0.0,345.45,0.62,99.0,74451.0
20080423:0200,12.07,90.85,0.0,-0.0,0.0,345.6,0.76,87.0,74532.0
20080423:0300,12.03,90.7,0.0,-0.0,0.0,362.6,0.76,92.0,74532.0
20080423:0400,11.83,91.25,0.0,-0.0,0.0,361.2,0.76,92.0,74525.0
20080423:0500,11.52,92.35,0.0,-0.0,0.0,356.0,0.62,80.0,74547.0
20080423:0600,11.34,92.75,0.0,-0.0,0.0,355.8,0.83,89.0,74503.0
20080423:0700,11.54,96.7,0.0,-0.0,0.0,376.2,0.76,90.0,74444.0
20080423:0800,11.38,96.95,0.0,-0.0,0.0,368.4,0.69,87.0,74415.0
20080423:0900,11.43,96.05,0.0,-0.0,0.0,373.8,0.55,109.0,74437.0
20080423:1000,11.44,96.15,0.0,-0.0,0.0,376.2,0.62,105.0,74429.0
20080423:1100,11.23,96.25,13.0,0.0,13.0,363.0,0.9,93.0,74451.0
20080423:1200,11.74,93.8,239.0,571.4,73.0,354.8,0.76,96.0,74510.0
20080423:1300,13.09,84.25,433.0,455.39,195.0,352.4,0.28,150.0,74561.0
20080423:1400,14.45,72.55,261.0,19.43,247.0,349.6,0.69,226.0,74569.0
20080423:1500,15.16,68.05,124.0,5.75,119.0,357.6,0.48,221.0,74517.0
20080423:1600,15.35,66.85,107.0,1.04,106.0,361.2,0.48,229.0,74517.0
20080423:1700,15.73,64.75,254.0,19.2,235.0,375.6,0.69,237.0,74444.0
20080423:1800,15.92,65.75,441.0,32.6,410.0,371.8,1.17,234.0,74349.0
20080423:1900,16.13,64.95,421.0,42.42,385.0,372.8,1.31,233.0,74276.0
20080423:2000,15.34,69.55,333.0,44.94,302.0,373.4,1.38,249.0,74210.0
20080423:2100,14.19,77.3,314.0,195.78,219.0,365.0,1.24,243.0,74268.0
20080423:2200,13.29,82.55,107.0,36.17,98.0,353.6,0.83,227.0,74239.0
20080423:2300,12.8,86.45,0.0,-0.0,0.0,350.8,0.34,209.0,74371.0
20080424:0000,12.55,89.55,0.0,-0.0,0.0,368.2,0.34,78.0,74422.0
20080424:0100,12.6,89.95,0.0,-0.0,0.0,371.45,0.34,103.0,74510.0
20080424:0200,11.55,93.95,0.0,-0.0,0.0,363.0,0.41,87.0,74554.0
20080424:0300,11.46,98.05,0.0,-0.0,0.0,363.8,0.62,78.0,74576.0
20080424:0400,11.51,98.75,0.0,-0.0,0.0,374.2,0.69,98.0,74627.0
20080424:0500,11.62,95.3,0.0,-0.0,0.0,372.4,0.55,80.0,74591.0
20080424:0600,11.64,96.1,0.0,-0.0,0.0,376.4,0.69,96.0,74561.0
20080424:0700,11.41,99.0,0.0,-0.0,0.0,377.0,0.48,128.0,74495.0
20080424:0800,11.28,99.45,0.0,-0.0,0.0,376.6,0.48,124.0,74466.0
20080424:0900,11.05,99.55,0.0,-0.0,0.0,365.2,0.55,83.0,74459.0
20080424:1000,10.94,99.6,0.0,-0.0,0.0,365.4,0.62,89.0,74510.0
20080424:1100,10.89,99.6,3.0,0.0,3.0,368.8,0.62,96.0,74569.0
20080424:1200,11.29,99.4,133.0,61.78,115.0,360.0,0.55,100.0,74620.0
20080424:1300,11.91,98.2,195.0,19.12,185.0,368.0,0.55,108.0,74700.0
20080424:1400,12.01,98.25,404.0,74.95,350.0,364.8,0.55,131.0,74737.0
20080424:1500,12.43,96.65,422.0,37.93,389.0,365.4,0.69,150.0,74708.0
20080424:1600,12.79,95.55,275.0,19.76,256.0,366.6,0.55,152.0,74657.0
20080424:1700,13.05,96.55,403.0,24.27,379.0,366.4,0.41,135.0,74576.0
20080424:1800,18.65,60.05,589.0,90.53,503.0,365.8,0.14,91.0,74444.0
20080424:1900,16.65,70.55,232.0,15.34,219.0,361.0,0.28,261.0,74341.0
20080424:2000,15.35,70.6,376.0,74.04,325.0,361.0,0.69,281.0,74254.0
20080424:2100,15.42,70.55,356.0,315.87,203.0,367.6,1.1,264.0,74283.0
20080424:2200,14.21,78.6,97.0,12.09,94.0,370.6,1.03,279.0,74276.0
20080424:2300,13.03,85.85,0.0,-0.0,0.0,368.4,0.69,292.0,74305.0
20080425:0000,12.25,90.9,0.0,-0.0,0.0,358.8,0.21,318.0,74407.0
20080425:0100,11.95,97.75,0.0,-0.0,0.0,359.85,0.28,64.0,74510.0
20080425:0200,11.47,98.45,0.0,-0.0,0.0,357.2,0.48,95.0,74554.0
20080425:0300,11.24,98.35,0.0,-0.0,0.0,360.8,0.62,87.0,74576.0
20080425:0400,10.91,98.55,0.0,-0.0,0.0,353.8,0.55,109.0,74576.0
20080425:0500,10.92,98.8,0.0,-0.0,0.0,361.8,0.34,131.0,74569.0
20080425:0600,10.89,98.55,0.0,-0.0,0.0,362.6,0.41,128.0,74510.0
20080425:0700,10.3,98.3,0.0,-0.0,0.0,349.0,0.69,86.0,74481.0
20080425:0800,10.05,98.5,0.0,-0.0,0.0,347.4,0.69,89.0,74466.0
20080425:0900,9.89,98.25,0.0,-0.0,0.0,349.0,0.76,96.0,74473.0
20080425:1000,9.6,97.8,0.0,-0.0,0.0,352.6,0.9,95.0,74429.0
20080425:1100,9.48,98.25,8.0,0.0,8.0,355.0,1.03,98.0,74466.0
20080425:1200,10.32,96.3,95.0,6.85,93.0,345.8,0.97,96.0,74517.0
20080425:1300,12.71,86.7,293.0,97.42,242.0,351.2,0.55,106.0,74561.0
20080425:1400,14.69,73.2,530.0,223.46,369.0,347.8,0.14,320.0,74547.0
20080425:1500,16.47,63.35,528.0,87.39,452.0,343.6,0.48,288.0,74488.0
20080425:1600,17.11,61.5,696.0,167.56,535.0,352.2,0.83,271.0,74429.0
20080425:1700,16.44,67.75,129.0,6.07,123.0,372.8,1.31,259.0,74378.0
20080425:1800,15.12,82.9,47.0,0.0,47.0,373.2,1.45,249.0,74407.0
20080425:1900,15.9,74.7,119.0,3.54,116.0,357.6,1.17,274.0,74261.0
20080425:2000,15.77,84.9,625.0,536.47,256.0,357.8,1.38,259.0,74210.0
20080425:2100,15.2,83.85,334.0,252.31,212.0,356.0,1.66,269.0,74232.0
20080425:2200,13.69,89.5,193.0,508.89,67.0,357.2,1.52,255.0,74246.0
20080425:2300,12.91,91.45,0.0,-0.0,0.0,358.2,1.17,283.0,74334.0
20080426:0000,12.28,93.25,0.0,-0.0,0.0,358.4,0.83,295.0,74385.0
20080426:0100,12.15,94.9,0.0,-0.0,0.0,361.45,0.41,279.0,74473.0
20080426:0200,11.69,98.3,0.0,-0.0,0.0,351.4,0.34,305.0,74532.0
20080426:0300,11.0,98.3,0.0,-0.0,0.0,355.4,0.41,49.0,74569.0
20080426:0400,10.88,95.35,0.0,-0.0,0.0,359.0,0.62,81.0,74569.0
20080426:0500,10.96,95.3,0.0,-0.0,0.0,369.0,0.55,92.0,74561.0
20080426:0600,10.99,96.6,0.0,-0.0,0.0,369.2,0.48,94.0,74481.0
20080426:0700,11.3,99.35,0.0,-0.0,0.0,369.6,0.34,115.0,74444.0
20080426:0800,11.05,99.5,0.0,-0.0,0.0,350.4,0.55,76.0,74385.0
20080426:0900,10.84,98.65,0.0,-0.0,0.0,351.0,0.83,86.0,74363.0
20080426:1000,10.56,99.05,0.0,-0.0,0.0,353.2,0.69,78.0,74371.0
20080426:1100,10.75,98.4,19.0,115.29,14.0,361.4,0.62,82.0,74437.0
20080426:1200,11.53,96.3,239.0,570.09,72.0,360.6,0.69,100.0,74466.0
20080426:1300,12.38,92.0,283.0,83.99,239.0,374.0,0.34,109.0,74495.0
20080426:1400,13.83,81.65,517.0,202.65,371.0,374.6,0.41,225.0,74510.0
20080426:1500,14.67,75.2,897.0,888.1,125.0,377.0,0.69,250.0,74459.0
20080426:1600,15.26,74.45,289.0,18.75,271.0,363.8,1.03,261.0,74444.0
20080426:1700,15.41,82.35,281.0,19.25,262.0,369.0,1.24,270.0,74378.0
20080426:1800,16.64,85.85,376.0,23.21,354.0,364.4,1.31,257.0,74290.0
20080426:1900,16.22,77.8,623.0,205.79,449.0,366.6,1.38,245.0,74254.0
20080426:2000,15.7,83.0,494.0,224.21,340.0,362.6,1.31,249.0,74210.0
20080426:2100,15.32,86.3,14.0,0.0,14.0,357.8,1.24,268.0,74180.0
20080426:2200,14.2,86.1,143.0,194.3,95.0,375.8,0.76,267.0,74166.0
20080426:2300,13.27,87.45,0.0,-0.0,0.0,368.0,0.9,251.0,74232.0
20080427:0000,12.57,93.3,0.0,-0.0,0.0,353.6,0.76,307.0,74378.0
20080427:0100,11.91,97.65,0.0,-0.0,0.0,363.45,0.48,8.0,74459.0
20080427:0200,11.82,98.95,0.0,-0.0,0.0,369.4,0.48,10.0,74488.0
20080427:0300,12.2,97.4,0.0,-0.0,0.0,374.6,0.41,44.0,74532.0
20080427:0400,11.76,95.25,0.0,-0.0,0.0,371.6,0.41,64.0,74510.0
20080427:0500,11.56,98.7,0.0,-0.0,0.0,365.8,0.34,62.0,74481.0
20080427:0600,11.56,95.45,0.0,-0.0,0.0,377.0,0.34,354.0,74437.0
20080427:0700,11.55,97.1,0.0,-0.0,0.0,374.0,0.34,89.0,74422.0
20080427:0800,11.15,96.8,0.0,-0.0,0.0,379.2,0.41,100.0,74363.0
20080427:0900,11.32,96.9,0.0,-0.0,0.0,376.0,0.83,87.0,74363.0
20080427:1000,11.46,96.55,0.0,-0.0,0.0,374.0,0.76,89.0,74363.0
20080427:1100,11.23,97.8,6.0,0.0,6.0,362.0,0.69,86.0,74451.0
20080427:1200,11.79,96.3,107.0,17.03,102.0,361.4,0.62,89.0,74481.0
20080427:1300,12.39,94.55,410.0,354.82,224.0,374.8,0.48,107.0,74576.0
20080427:1400,13.13,94.75,560.0,277.62,360.0,378.0,0.28,170.0,74605.0
20080427:1500,14.21,93.05,668.0,231.34,467.0,374.8,0.41,207.0,74613.0
20080427:1600,14.54,89.95,158.0,10.42,148.0,376.6,0.69,237.0,74547.0
20080427:1700,15.07,86.45,253.0,18.25,235.0,375.0,0.69,226.0,74473.0
20080427:1800,15.44,86.05,173.0,12.67,161.0,367.0,0.62,258.0,74356.0
20080427:1900,15.6,90.15,703.0,346.97,410.0,377.6,0.83,244.0,74283.0
20080427:2000,15.21,88.45,416.0,113.72,338.0,373.0,1.03,257.0,74195.0
20080427:2100,14.09,87.9,67.0,0.0,67.0,364.4,0.76,255.0,74232.0
20080427:2200,13.64,90.35,193.0,515.21,66.0,369.2,0.69,260.0,74305.0
20080427:2300,11.94,90.4,0.0,-0.0,0.0,359.8,0.28,230.0,74327.0
20080428:0000,11.8,94.3,0.0,-0.0,0.0,364.2,0.14,92.0,74437.0
20080428:0100,11.4,98.45,0.0,-0.0,0.0,357.25,0.34,31.0,74473.0
20080428:0200,11.18,98.35,0.0,-0.0,0.0,355.4,0.41,66.0,74591.0
20080428:0300,10.7,99.1,0.0,-0.0,0.0,352.8,0.76,79.0,74591.0
20080428:0400,10.27,98.35,0.0,-0.0,0.0,355.2,0.97,78.0,74583.0
20080428:0500,10.1,97.85,0.0,-0.0,0.0,356.8,0.83,91.0,74539.0
20080428:0600,10.04,97.4,0.0,-0.0,0.0,365.8,0.9,104.0,74488.0
20080428:0700,9.92,97.05,0.0,-0.0,0.0,361.6,1.1,97.0,74422.0
20080428:0800,9.5,97.3,0.0,-0.0,0.0,346.8,1.17,88.0,74385.0
20080428:0900,9.1,97.2,0.0,-0.0,0.0,339.8,1.17,92.0,74400.0
20080428:1000,9.14,95.9,0.0,-0.0,0.0,348.8,1.17,86.0,74422.0
20080428:1100,8.9,96.1,20.0,131.89,14.0,342.6,1.24,88.0,74459.0
20080428:1200,9.91,95.0,242.0,577.61,72.0,341.8,1.03,87.0,74488.0
20080428:1300,12.34,87.3,496.0,760.75,97.0,341.2,0.55,97.0,74591.0
20080428:1400,14.0,75.95,580.0,310.98,356.0,346.0,0.07,185.0,74598.0
20080428:1500,15.92,63.45,491.0,66.79,433.0,338.0,0.21,164.0,74569.0
20080428:1600,16.74,58.65,647.0,125.16,527.0,361.2,0.41,203.0,74488.0
20080428:1700,17.43,55.95,473.0,34.51,439.0,367.4,0.28,218.0,74393.0
20080428:1800,17.11,58.2,616.0,112.07,510.0,377.8,0.55,272.0,74290.0
20080428:1900,17.41,57.4,460.0,61.65,408.0,363.4,1.03,276.0,74224.0
20080428:2000,16.63,64.1,474.0,194.18,341.0,363.6,0.97,269.0,74136.0
20080428:2100,16.37,66.55,95.0,0.0,95.0,358.0,0.83,268.0,74107.0
20080428:2200,15.62,71.7,163.0,304.88,88.0,365.0,1.24,297.0,74188.0
20080428:2300,14.02,80.9,0.0,-0.0,0.0,342.6,0.97,285.0,74305.0
20080429:0000,12.75,85.45,0.0,-0.0,0.0,344.8,0.41,227.0,74400.0
20080429:0100,12.66,86.8,0.0,-0.0,0.0,351.05,0.21,157.0,74532.0
20080429:0200,12.21,88.85,0.0,-0.0,0.0,352.4,0.34,73.0,74591.0
20080429:0300,11.79,97.6,0.0,-0.0,0.0,365.2,0.41,74.0,74627.0
20080429:0400,11.36,98.25,0.0,-0.0,0.0,363.0,0.55,92.0,74627.0
20080429:0500,11.14,96.45,0.0,-0.0,0.0,355.6,0.55,91.0,74598.0
20080429:0600,10.88,97.05,0.0,-0.0,0.0,352.2,0.48,84.0,74539.0
20080429:0700,10.89,96.5,0.0,-0.0,0.0,361.4,0.76,87.0,74503.0
20080429:0800,10.27,97.35,0.0,-0.0,0.0,335.4,1.1,83.0,74459.0
20080429:0900,10.12,96.9,0.0,-0.0,0.0,341.2,1.1,83.0,74444.0
20080429:1000,10.1,96.3,0.0,-0.0,0.0,345.4,1.24,83.0,74473.0
20080429:1100,10.18,95.85,12.0,21.51,11.0,352.0,1.17,86.0,74488.0
20080429:1200,11.53,92.95,133.0,61.03,115.0,352.0,0.97,90.0,74539.0
20080429:1300,13.49,83.75,500.0,768.04,97.0,345.4,0.48,124.0,74598.0
20080429:1400,15.25,70.95,731.0,858.15,113.0,342.0,0.55,186.0,74576.0
20080429:1500,16.73,60.6,910.0,906.74,123.0,355.6,0.55,168.0,74525.0
20080429:1600,18.06,53.8,856.0,339.24,531.0,349.2,0.28,172.0,74451.0
20080429:1700,18.77,50.05,1050.0,934.75,130.0,346.2,0.14,229.0,74356.0
20080429:1800,18.27,51.95,763.0,358.82,424.0,363.2,0.48,248.0,74239.0
20080429:1900,18.13,55.55,368.0,29.68,343.0,362.8,0.97,276.0,74195.0
20080429:2000,17.47,61.5,463.0,178.37,341.0,366.4,0.97,279.0,74122.0
20080429:2100,16.43,67.95,450.0,738.95,95.0,352.4,1.03,285.0,74114.0
20080429:2200,15.14,75.65,197.0,537.62,65.0,344.2,0.9,285.0,74202.0
20080429:2300,14.22,82.75,0.0,-0.0,0.0,353.4,0.9,284.0,74276.0
20080430:0000,13.33,86.0,0.0,-0.0,0.0,362.2,0.55,306.0,74363.0
20080430:0100,12.44,93.65,0.0,-0.0,0.0,359.25,0.07,95.0,74503.0
20080430:0200,12.11,95.45,0.0,-0.0,0.0,359.2,0.07,170.0,74554.0
20080430:0300,11.68,99.05,0.0,-0.0,0.0,359.8,0.41,65.0,74605.0
20080430:0400,11.19,99.3,0.0,-0.0,0.0,352.0,0.41,95.0,74642.0
20080430:0500,10.84,99.2,0.0,-0.0,0.0,362.8,0.76,123.0,74605.0
20080430:0600,10.3,99.6,0.0,-0.0,0.0,349.2,0.69,122.0,74554.0
20080430:0700,10.48,96.2,0.0,-0.0,0.0,354.8,0.76,100.0,74510.0
20080430:0800,9.81,96.6,0.0,-0.0,0.0,327.8,0.97,84.0,74407.0
20080430:0900,9.36,97.3,0.0,-0.0,0.0,323.8,0.9,88.0,74444.0
20080430:1000,9.39,96.6,0.0,-0.0,0.0,353.8,0.9,90.0,74444.0
20080430:1100,9.28,97.3,12.0,21.09,11.0,347.4,1.03,95.0,74451.0
20080430:1200,10.52,93.3,155.0,115.06,121.0,338.2,0.83,98.0,74517.0
20080430:1300,12.87,79.25,500.0,769.68,96.0,341.6,0.55,107.0,74576.0
20080430:1400,14.8,66.35,728.0,855.59,112.0,345.0,0.07,269.0,74561.0
20080430:1500,16.02,60.95,903.0,901.51,121.0,357.0,0.28,276.0,74503.0
20080430:1600,18.51,51.28,1010.0,922.45,127.0,346.02,0.9,263.0,74437.0
20080430:1700,17.9,55.25,881.0,334.6,552.0,347.28,0.89,266.0,74356.0
20080430:1800,17.29,59.22,839.0,501.2,366.0,348.54,0.88,273.0,74217.0
20080430:1900,16.68,63.18,230.0,14.26,218.0,349.8,0.86,281.0,74136.0
20080430:2000,16.06,67.15,119.0,0.0,119.0,351.06,0.85,275.0,74092.0
20080430:2100,15.45,71.12,159.0,6.25,156.0,352.32,0.84,273.0,74107.0
20080430:2200,14.84,75.08,193.0,526.35,64.0,353.58,0.83,266.0,74092.0
20080430:2300,14.23,79.05,0.0,-0.0,0.0,354.84,0.82,264.0,74224.0
20060501:0000,13.62,83.02,0.0,-0.0,0.0,356.1,0.81,100.0,74415.0
20060501:0100,13.0,86.99,0.0,-0.0,0.0,357.35,0.8,108.0,74451.0
20060501:0200,12.39,90.95,0.0,-0.0,0.0,358.61,0.79,71.0,74510.0
20060501:0300,11.78,94.92,0.0,-0.0,0.0,359.87,0.78,97.0,74554.0
20060501:0400,11.17,98.89,0.0,-0.0,0.0,361.13,0.76,100.0,74554.0
20060501:0500,10.56,100.0,0.0,-0.0,0.0,362.39,0.75,97.0,74517.0
20060501:0600,9.95,100.0,0.0,-0.0,0.0,363.65,0.74,96.0,74473.0
20060501:0700,9.33,100.0,0.0,-0.0,0.0,364.91,0.73,100.0,74415.0
20060501:0800,11.25,99.55,0.0,-0.0,0.0,379.2,0.62,106.0,74363.0
20060501:0900,11.25,98.75,0.0,-0.0,0.0,380.2,0.48,121.0,74400.0
20060501:1000,11.37,98.2,0.0,-0.0,0.0,381.6,0.48,126.0,74415.0
20060501:1100,11.45,98.2,8.0,0.0,8.0,380.4,0.41,118.0,74437.0
20060501:1200,11.63,96.3,92.0,3.38,91.0,378.0,0.76,130.0,74510.0
20060501:1300,12.28,95.1,494.0,756.34,97.0,374.8,0.55,138.0,74569.0
20060501:1400,13.23,92.6,432.0,98.62,361.0,367.6,0.41,190.0,74598.0
20060501:1500,15.27,89.5,522.0,85.31,448.0,350.2,0.62,236.0,74569.0
20060501:1600,15.93,86.5,453.0,33.43,421.0,363.4,0.9,256.0,74517.0
20060501:1700,16.18,88.1,458.0,47.8,411.0,376.8,1.1,276.0,74459.0
20060501:1800,15.74,80.7,454.0,36.03,420.0,370.6,1.1,275.0,74363.0
20060501:1900,17.57,87.3,433.0,49.92,391.0,364.4,1.31,254.0,74246.0
20060501:2000,17.65,87.05,252.0,19.03,239.0,360.8,1.17,230.0,74232.0
20060501:2100,14.82,85.7,104.0,0.0,104.0,371.0,0.83,231.0,74254.0
20060501:2200,13.9,89.9,76.0,0.0,76.0,364.0,0.55,220.0,74305.0
20060501:2300,13.13,86.05,0.0,-0.0,0.0,349.4,0.48,195.0,74356.0
20060502:0000,12.37,94.65,0.0,-0.0,0.0,357.0,0.07,48.0,74407.0
20060502:0100,12.4,95.35,0.0,-0.0,0.0,371.65,0.28,81.0,74539.0
20060502:0200,11.91,91.25,0.0,-0.0,0.0,366.8,0.55,97.0,74598.0
20060502:0300,11.44,96.85,0.0,-0.0,0.0,359.8,0.55,99.0,74598.0
20060502:0400,11.55,96.35,0.0,-0.0,0.0,366.2,0.62,107.0,74613.0
20060502:0500,11.57,96.65,0.0,-0.0,0.0,370.2,0.62,98.0,74583.0
20060502:0600,11.49,97.2,0.0,-0.0,0.0,369.4,0.55,94.0,74554.0
20060502:0700,11.65,95.75,0.0,-0.0,0.0,374.6,0.62,106.0,74517.0
20060502:0800,11.53,97.6,0.0,-0.0,0.0,376.2,0.55,92.0,74473.0
20060502:0900,11.4,98.2,0.0,-0.0,0.0,368.4,0.62,89.0,74488.0
20060502:1000,11.43,98.45,0.0,-0.0,0.0,370.6,0.55,84.0,74481.0
20060502:1100,11.42,98.35,8.0,0.0,8.0,371.4,0.55,97.0,74495.0
20060502:1200,11.9,96.85,89.0,0.0,89.0,372.2,0.62,111.0,74591.0
20060502:1300,12.77,93.8,109.0,1.9,108.0,373.0,0.41,112.0,74627.0
20060502:1400,13.57,91.1,207.0,13.89,197.0,365.0,0.34,224.0,74649.0
20060502:1500,15.17,86.75,183.0,13.84,171.0,363.8,0.62,250.0,74620.0
20060502:1600,15.71,79.8,415.0,27.18,389.0,374.2,0.9,251.0,74561.0
20060502:1700,15.65,81.65,626.0,98.75,529.0,366.2,0.9,250.0,74488.0
20060502:1800,16.12,85.95,738.0,240.8,511.0,370.6,1.03,255.0,74393.0
20060502:1900,16.17,82.55,169.0,10.71,160.0,369.6,1.38,255.0,74356.0
20060502:2000,15.11,80.95,48.0,0.0,48.0,355.2,1.24,270.0,74349.0
20060502:2100,14.46,79.2,163.0,8.35,159.0,364.6,1.17,271.0,74341.0
20060502:2200,13.42,87.3,88.0,0.0,88.0,356.8,0.9,286.0,74400.0
20060502:2300,12.86,86.55,0.0,-0.0,0.0,345.0,0.69,297.0,74503.0
20060503:0000,12.14,92.45,0.0,-0.0,0.0,359.6,0.48,22.0,74583.0
20060503:0100,11.76,98.65,0.0,-0.0,0.0,364.05,0.62,80.0,74671.0
20060503:0200,11.59,99.05,0.0,-0.0,0.0,363.4,0.34,100.0,74708.0
20060503:0300,11.24,99.6,0.0,-0.0,0.0,352.6,0.48,115.0,74752.0
20060503:0400,11.19,99.5,0.0,-0.0,0.0,363.8,0.48,124.0,74737.0
20060503:0500,11.06,99.35,0.0,-0.0,0.0,362.4,0.76,108.0,74708.0
20060503:0600,10.98,99.7,0.0,-0.0,0.0,364.4,0.9,89.0,74657.0
20060503:0700,10.83,98.4,0.0,-0.0,0.0,366.6,0.83,122.0,74635.0
20060503:0800,10.75,98.55,0.0,-0.0,0.0,365.4,0.83,112.0,74576.0
20060503:0900,10.7,98.05,0.0,-0.0,0.0,362.2,0.83,103.0,74583.0
20060503:1000,10.59,97.6,0.0,-0.0,0.0,361.4,0.9,104.0,74627.0
20060503:1100,10.72,97.15,22.0,142.37,15.0,370.6,0.9,92.0,74605.0
20060503:1200,11.37,95.15,244.0,586.86,70.0,373.2,0.83,94.0,74620.0
20060503:1300,12.34,91.5,495.0,763.63,94.0,371.0,0.48,107.0,74686.0
20060503:1400,13.38,84.9,720.0,849.23,109.0,372.6,0.28,198.0,74700.0
20060503:1500,14.1,77.8,893.0,893.45,119.0,375.8,0.69,242.0,74671.0
20060503:1600,14.8,77.0,226.0,16.74,210.0,371.0,1.03,234.0,74598.0
20060503:1700,14.52,79.2,346.0,21.4,325.0,382.4,0.83,235.0,74525.0
20060503:1800,15.48,79.1,357.0,22.3,336.0,367.0,0.9,256.0,74429.0
20060503:1900,16.06,80.3,512.0,97.7,430.0,369.6,0.97,274.0,74341.0
20060503:2000,15.79,87.5,209.0,13.21,200.0,369.8,0.83,278.0,74327.0
20060503:2100,14.93,85.7,154.0,4.18,152.0,369.8,0.9,251.0,74356.0
20060503:2200,14.1,91.2,170.0,384.77,76.0,368.6,0.34,244.0,74363.0
20060503:2300,12.63,89.8,0.0,-0.0,0.0,363.2,0.28,190.0,74437.0
20060504:0000,12.51,93.25,0.0,-0.0,0.0,365.8,0.34,157.0,74503.0
20060504:0100,11.86,91.25,0.0,-0.0,0.0,373.05,0.62,74.0,74569.0
20060504:0200,12.06,93.75,0.0,-0.0,0.0,385.0,0.41,78.0,74605.0
20060504:0300,11.91,97.85,0.0,-0.0,0.0,378.0,0.55,108.0,74627.0
20060504:0400,11.84,98.5,0.0,-0.0,0.0,379.8,0.41,117.0,74583.0
20060504:0500,11.87,96.35,0.0,-0.0,0.0,378.0,0.0,109.0,74561.0
20060504:0600,11.76,96.75,0.0,-0.0,0.0,375.4,0.28,89.0,74525.0
20060504:0700,12.11,98.1,0.0,-0.0,0.0,382.4,0.28,323.0,74503.0
20060504:0800,11.85,99.6,0.0,-0.0,0.0,373.2,0.21,293.0,74510.0
20060504:0900,11.82,99.2,0.0,-0.0,0.0,378.6,0.28,155.0,74503.0
20060504:1000,11.75,99.3,0.0,-0.0,0.0,375.2,0.41,123.0,74576.0
20060504:1100,11.68,98.2,8.0,0.0,8.0,375.6,0.41,110.0,74605.0
20060504:1200,12.23,96.55,120.0,33.68,110.0,363.6,0.34,131.0,74613.0
20060504:1300,13.78,93.0,356.0,209.46,246.0,364.2,0.34,211.0,74657.0
20060504:1400,14.73,88.2,318.0,31.98,295.0,372.4,0.62,232.0,74671.0
20060504:1500,15.36,88.5,530.0,92.41,450.0,373.0,1.03,242.0,74642.0
20060504:1600,16.06,86.85,732.0,215.76,526.0,377.8,1.1,247.0,74605.0
20060504:1700,16.91,84.4,309.0,19.38,290.0,352.8,1.03,249.0,74510.0
20060504:1800,15.99,81.9,979.0,911.14,122.0,362.8,1.17,238.0,74481.0
20060504:1900,15.64,81.85,565.0,146.73,442.0,375.8,0.97,239.0,74407.0
20060504:2000,15.84,79.7,55.0,0.0,55.0,371.0,1.38,236.0,74349.0
20060504:2100,14.78,77.8,183.0,18.84,174.0,368.8,0.97,252.0,74319.0
20060504:2200,13.74,85.5,54.0,0.0,54.0,367.0,0.34,230.0,74319.0
20060504:2300,13.16,90.3,0.0,-0.0,0.0,368.6,0.41,186.0,74319.0
20060505:0000,12.73,93.15,0.0,-0.0,0.0,353.8,0.0,90.0,74437.0
20060505:0100,12.65,90.9,0.0,-0.0,0.0,377.05,0.55,41.0,74561.0
20060505:0200,12.57,92.5,0.0,-0.0,0.0,376.6,0.48,48.0,74583.0
20060505:0300,12.37,93.85,0.0,-0.0,0.0,374.0,0.28,65.0,74605.0
20060505:0400,12.2,98.1,0.0,-0.0,0.0,372.6,0.41,77.0,74583.0
20060505:0500,11.48,98.7,0.0,-0.0,0.0,356.0,0.55,77.0,74561.0
20060505:0600,11.38,99.1,0.0,-0.0,0.0,366.6,0.69,88.0,74510.0
20060505:0700,11.66,99.35,0.0,-0.0,0.0,376.0,0.48,84.0,74459.0
20060505:0800,11.81,99.05,0.0,-0.0,0.0,377.4,0.34,81.0,74437.0
20060505:0900,11.62,99.1,0.0,-0.0,0.0,370.6,0.55,76.0,74451.0
20060505:1000,11.34,99.4,0.0,-0.0,0.0,360.0,0.55,81.0,74495.0
20060505:1100,11.28,99.35,9.0,0.0,9.0,365.0,0.55,101.0,74539.0
20060505:1200,11.75,98.9,90.0,3.36,89.0,368.4,0.55,106.0,74591.0
20060505:1300,12.52,95.15,326.0,148.52,248.0,367.2,0.28,145.0,74620.0
20060505:1400,13.28,93.2,407.0,79.3,350.0,379.0,0.34,218.0,74613.0
20060505:1500,13.62,92.55,541.0,100.57,454.0,372.6,0.48,246.0,74620.0
20060505:1600,15.28,88.8,413.0,27.26,387.0,361.8,0.69,249.0,74598.0
20060505:1700,15.42,88.8,160.0,11.23,149.0,372.8,0.9,259.0,74561.0
20060505:1800,15.56,87.55,249.0,18.09,232.0,364.2,1.03,256.0,74525.0
20060505:1900,15.52,86.15,378.0,32.25,351.0,387.6,0.9,250.0,74466.0
20060505:2000,14.33,88.6,321.0,44.15,291.0,377.6,0.97,244.0,74444.0
20060505:2100,13.92,89.2,17.0,0.0,17.0,375.8,0.34,246.0,74415.0
20060505:2200,12.88,95.35,71.0,0.0,71.0,369.6,0.28,286.0,74429.0
20060505:2300,12.19,96.95,0.0,-0.0,0.0,366.0,0.21,123.0,74451.0
20060506:0000,11.98,95.35,0.0,-0.0,0.0,366.0,0.48,84.0,74495.0
20060506:0100,12.02,98.2,0.0,-0.0,0.0,373.05,0.62,85.0,74561.0
20060506:0200,11.61,98.75,0.0,-0.0,0.0,357.8,0.83,88.0,74620.0
20060506:0300,11.42,99.0,0.0,-0.0,0.0,366.4,0.76,88.0,74671.0
20060506:0400,11.19,99.1,0.0,-0.0,0.0,367.0,0.69,84.0,74671.0
20060506:0500,10.86,99.3,0.0,-0.0,0.0,357.0,0.76,94.0,74649.0
20060506:0600,10.53,98.05,0.0,-0.0,0.0,358.2,0.97,106.0,74591.0
20060506:0700,10.94,98.2,0.0,-0.0,0.0,367.4,0.76,99.0,74539.0
20060506:0800,10.79,98.05,0.0,-0.0,0.0,362.8,0.83,95.0,74525.0
20060506:0900,10.59,97.9,0.0,-0.0,0.0,355.8,0.9,92.0,74503.0
20060506:1000,10.46,97.65,0.0,-0.0,0.0,356.8,0.9,92.0,74517.0
20060506:1100,10.4,97.45,0.0,0.0,0.0,358.2,0.97,95.0,74576.0
20060506:1200,11.3,94.85,73.0,0.0,73.0,358.4,0.83,95.0,74627.0
20060506:1300,12.99,85.05,261.0,60.94,229.0,364.4,0.48,134.0,74686.0
20060506:1400,14.02,74.9,317.0,32.01,294.0,362.4,0.55,198.0,74649.0
20060506:1500,15.22,67.7,92.0,0.0,92.0,372.6,0.76,223.0,74635.0
20060506:1600,14.97,69.1,519.0,54.56,467.0,372.8,0.9,214.0,74569.0
20060506:1700,15.63,68.65,797.0,274.97,528.0,376.0,1.31,233.0,74554.0
20060506:1800,15.54,71.1,759.0,370.81,411.0,364.0,1.24,244.0,74451.0
20060506:1900,15.28,78.5,565.0,190.12,406.0,354.2,0.9,265.0,74393.0
20060506:2000,14.1,81.65,533.0,321.19,315.0,372.6,0.62,273.0,74363.0
20060506:2100,14.13,83.7,216.0,44.07,195.0,363.4,0.21,221.0,74341.0
20060506:2200,13.8,86.85,132.0,152.03,95.0,354.6,0.34,274.0,74363.0
20060506:2300,12.99,88.7,0.0,-0.0,0.0,348.4,0.28,261.0,74437.0
20060507:0000,12.53,92.4,0.0,-0.0,0.0,354.2,0.14,57.0,74495.0
20060507:0100,12.25,93.7,0.0,-0.0,0.0,357.45,0.55,100.0,74561.0
20060507:0200,11.82,95.15,0.0,-0.0,0.0,351.8,0.62,93.0,74591.0
20060507:0300,11.6,95.8,0.0,-0.0,0.0,353.6,0.62,90.0,74649.0
20060507:0400,10.73,95.55,0.0,-0.0,0.0,334.6,0.9,87.0,74627.0
20060507:0500,10.65,95.7,0.0,-0.0,0.0,359.0,0.83,89.0,74642.0
20060507:0600,10.39,95.9,0.0,-0.0,0.0,350.6,0.97,98.0,74598.0
20060507:0700,11.21,97.25,0.0,-0.0,0.0,366.2,0.55,105.0,74539.0
20060507:0800,11.38,95.95,0.0,-0.0,0.0,374.6,0.55,102.0,74525.0
20060507:0900,11.24,96.05,0.0,-0.0,0.0,368.6,0.62,96.0,74532.0
20060507:1000,11.13,96.0,0.0,-0.0,0.0,364.6,0.69,101.0,74547.0
20060507:1100,10.95,96.35,2.0,0.0,2.0,359.8,0.9,103.0,74569.0
20060507:1200,11.72,94.35,76.0,0.0,76.0,378.8,0.76,112.0,74627.0
20060507:1300,13.0,87.2,136.0,5.71,133.0,354.8,0.55,139.0,74700.0
20060507:1400,13.97,81.4,159.0,11.14,151.0,376.8,0.48,215.0,74708.0
20060507:1500,14.52,81.7,394.0,32.42,366.0,381.8,0.97,244.0,74700.0
20060507:1600,15.4,84.25,616.0,107.13,514.0,378.2,1.03,233.0,74679.0
20060507:1700,15.58,85.2,666.0,132.0,537.0,376.8,1.24,242.0,74583.0
20060507:1800,16.42,87.5,814.0,362.69,474.0,368.8,1.24,254.0,74459.0
20060507:1900,16.77,76.85,847.0,867.9,122.0,370.4,1.24,265.0,74385.0
20060507:2000,14.69,80.3,591.0,566.43,207.0,373.6,1.03,264.0,74371.0
20060507:2100,14.21,81.15,342.0,300.46,199.0,368.2,0.83,264.0,74363.0
20060507:2200,13.65,85.05,122.0,102.83,97.0,363.6,0.76,247.0,74363.0
20060507:2300,12.53,91.4,0.0,-0.0,0.0,347.2,0.07,256.0,74415.0
20060508:0000,12.09,93.2,0.0,-0.0,0.0,344.6,0.69,107.0,74510.0
20060508:0100,12.07,94.35,0.0,-0.0,0.0,362.65,0.62,106.0,74561.0
20060508:0200,12.0,94.3,0.0,-0.0,0.0,365.0,0.55,98.0,74605.0
20060508:0300,11.94,95.0,0.0,-0.0,0.0,369.6,0.62,99.0,74649.0
20060508:0400,11.75,95.65,0.0,-0.0,0.0,365.4,0.55,85.0,74642.0
20060508:0500,11.61,96.3,0.0,-0.0,0.0,367.6,0.55,93.0,74613.0
20060508:0600,11.63,95.65,0.0,-0.0,0.0,374.2,0.55,98.0,74539.0
20060508:0700,11.49,97.05,0.0,-0.0,0.0,366.8,0.62,84.0,74532.0
20060508:0800,11.52,97.2,0.0,-0.0,0.0,378.2,0.55,115.0,74488.0
20060508:0900,11.24,99.7,0.0,-0.0,0.0,366.4,0.48,131.0,74510.0
20060508:1000,11.04,99.55,0.0,-0.0,0.0,364.6,0.76,96.0,74510.0
20060508:1100,11.06,99.55,3.0,0.0,3.0,373.8,0.83,83.0,74561.0
20060508:1200,11.47,99.1,96.0,6.71,94.0,372.6,0.69,91.0,74620.0
20060508:1300,12.35,92.2,245.0,47.63,220.0,364.0,0.69,102.0,74686.0
20060508:1400,13.73,80.85,386.0,65.5,339.0,367.4,0.48,132.0,74715.0
20060508:1500,14.09,79.8,474.0,60.26,422.0,378.4,0.34,230.0,74730.0
20060508:1600,14.36,78.7,286.0,18.92,268.0,372.0,0.55,202.0,74649.0
20060508:1700,14.77,75.05,178.0,13.32,165.0,382.6,0.83,195.0,74539.0
20060508:1800,15.45,71.3,804.0,501.91,334.0,370.6,0.76,186.0,74422.0
20060508:1900,15.35,75.9,677.0,300.82,426.0,379.0,1.24,231.0,74356.0
20060508:2000,14.42,78.65,665.0,821.08,109.0,366.8,0.9,231.0,74363.0
20060508:2100,14.17,80.45,173.0,12.62,167.0,359.6,0.62,243.0,74319.0
20060508:2200,13.5,84.8,90.0,0.0,90.0,368.8,0.55,224.0,74297.0
20060508:2300,12.85,87.85,0.0,-0.0,0.0,358.0,0.28,231.0,74371.0
20060509:0000,12.66,90.3,0.0,-0.0,0.0,368.4,0.28,111.0,74481.0
20060509:0100,12.57,92.1,0.0,-0.0,0.0,375.65,0.41,116.0,74554.0
20060509:0200,12.4,93.4,0.0,-0.0,0.0,371.0,0.48,124.0,74591.0
20060509:0300,12.17,93.95,0.0,-0.0,0.0,364.8,0.55,119.0,74627.0
20060509:0400,11.8,94.0,0.0,-0.0,0.0,352.8,0.62,107.0,74598.0
20060509:0500,11.42,94.6,0.0,-0.0,0.0,351.6,0.76,112.0,74598.0
20060509:0600,11.38,94.8,0.0,-0.0,0.0,363.6,0.76,103.0,74517.0
20060509:0700,11.45,97.3,0.0,-0.0,0.0,373.2,0.48,114.0,74488.0
20060509:0800,11.33,98.8,0.0,-0.0,0.0,376.8,0.55,121.0,74466.0
20060509:0900,11.21,99.45,0.0,-0.0,0.0,373.0,0.62,134.0,74451.0
20060509:1000,11.14,99.35,0.0,-0.0,0.0,370.4,0.62,121.0,74525.0
20060509:1100,10.99,99.55,22.0,112.71,16.0,365.2,0.69,124.0,74525.0
20060509:1200,11.16,99.35,215.0,378.77,102.0,366.2,0.69,123.0,74620.0
20060509:1300,12.54,95.95,307.0,118.15,245.0,356.6,0.48,174.0,74642.0
20060509:1400,13.52,95.2,476.0,152.0,367.0,364.4,0.62,242.0,74686.0
20060509:1500,13.66,93.85,347.0,24.36,326.0,367.8,0.62,252.0,74642.0
20060509:1600,14.63,88.6,707.0,193.63,523.0,379.0,1.03,266.0,74598.0
20060509:1700,13.05,85.4,392.0,23.58,369.0,379.4,0.69,256.0,74620.0
20060509:1800,12.99,84.25,358.0,22.45,337.0,379.2,0.83,269.0,74517.0
20060509:1900,13.17,85.2,429.0,51.59,386.0,365.0,0.62,246.0,74437.0
20060509:2000,13.28,84.15,373.0,79.83,319.0,376.4,0.69,248.0,74415.0
20060509:2100,13.25,85.85,99.0,0.0,99.0,369.2,0.83,244.0,74415.0
20060509:2200,12.87,87.45,99.0,24.72,93.0,363.8,0.34,221.0,74407.0
20060509:2300,12.14,92.15,0.0,-0.0,0.0,370.6,0.41,102.0,74444.0
20060510:0000,11.97,93.15,0.0,-0.0,0.0,369.4,0.76,110.0,74547.0
20060510:0100,11.59,94.75,0.0,-0.0,0.0,367.65,0.76,97.0,74583.0
20060510:0200,11.42,95.0,0.0,-0.0,0.0,363.0,0.83,97.0,74627.0
20060510:0300,11.43,95.15,0.0,-0.0,0.0,371.2,0.83,92.0,74693.0
20060510:0400,11.41,95.55,0.0,-0.0,0.0,373.2,0.9,97.0,74671.0
20060510:0500,11.25,96.8,0.0,-0.0,0.0,373.8,0.83,98.0,74620.0
20060510:0600,11.1,99.45,0.0,-0.0,0.0,375.8,0.76,99.0,74605.0
20060510:0700,11.19,99.65,0.0,-0.0,0.0,377.2,0.62,96.0,74569.0
20060510:0800,11.08,99.65,0.0,-0.0,0.0,370.0,0.69,93.0,74539.0
20060510:0900,11.08,99.65,0.0,-0.0,0.0,375.6,0.69,96.0,74561.0
20060510:1000,10.98,99.65,0.0,-0.0,0.0,373.6,0.69,92.0,74605.0
20060510:1100,10.9,99.7,2.0,0.0,2.0,373.2,0.83,98.0,74627.0
20060510:1200,11.08,99.15,47.0,0.0,47.0,371.6,0.97,107.0,74693.0
20060510:1300,11.28,98.5,272.0,72.44,234.0,368.2,0.97,107.0,74744.0
20060510:1400,11.84,97.1,495.0,178.62,367.0,368.2,0.97,126.0,74759.0
20060510:1500,12.59,95.45,72.0,0.0,72.0,372.0,0.76,158.0,74766.0
20060510:1600,13.35,89.15,320.0,20.01,301.0,371.8,0.76,190.0,74752.0
20060510:1700,15.23,87.25,391.0,23.61,368.0,373.4,0.83,235.0,74679.0
20060510:1800,16.06,87.65,440.0,34.25,408.0,374.4,1.1,244.0,74554.0
20060510:1900,15.24,74.75,285.0,18.02,270.0,362.6,0.76,220.0,74437.0
20060510:2000,15.77,70.7,215.0,13.32,206.0,363.8,0.83,236.0,74385.0
20060510:2100,14.8,75.55,189.0,23.18,178.0,367.4,0.76,252.0,74363.0
20060510:2200,13.98,76.6,102.0,32.98,94.0,368.0,0.83,281.0,74422.0
20060510:2300,12.87,86.8,0.0,-0.0,0.0,365.4,0.41,235.0,74495.0
20060511:0000,12.25,92.1,0.0,-0.0,0.0,366.0,0.41,96.0,74605.0
20060511:0100,11.98,97.4,0.0,-0.0,0.0,362.65,0.76,90.0,74642.0
20060511:0200,11.61,98.6,0.0,-0.0,0.0,362.4,0.62,105.0,74708.0
20060511:0300,11.61,98.5,0.0,-0.0,0.0,376.2,0.69,110.0,74744.0
20060511:0400,11.25,98.8,0.0,-0.0,0.0,374.4,0.83,100.0,74737.0
20060511:0500,11.18,96.85,0.0,-0.0,0.0,375.0,0.9,97.0,74693.0
20060511:0600,11.12,96.85,0.0,-0.0,0.0,368.0,0.62,109.0,74649.0
20060511:0700,11.43,97.1,0.0,-0.0,0.0,379.4,0.34,126.0,74605.0
20060511:0800,11.49,95.75,0.0,-0.0,0.0,378.6,0.41,122.0,74605.0
20060511:0900,11.25,91.0,0.0,-0.0,0.0,370.6,0.28,82.0,74613.0
20060511:1000,11.1,96.1,0.0,-0.0,0.0,375.8,0.48,91.0,74642.0
20060511:1100,11.01,97.25,26.0,166.05,17.0,372.0,0.62,109.0,74642.0
20060511:1200,11.51,95.8,250.0,616.25,66.0,365.2,0.76,113.0,74671.0
20060511:1300,12.42,90.15,270.0,70.57,233.0,367.4,0.83,137.0,74700.0
20060511:1400,13.34,88.05,434.0,106.14,358.0,365.8,0.69,186.0,74664.0
20060511:1500,14.33,86.7,142.0,9.29,134.0,369.4,1.03,218.0,74671.0
20060511:1600,13.25,83.65,408.0,27.41,382.0,379.4,0.83,216.0,74635.0
20060511:1700,15.28,82.0,113.0,2.06,111.0,372.2,0.97,242.0,74569.0
20060511:1800,16.62,80.2,77.0,0.0,77.0,372.0,1.38,247.0,74503.0
20060511:1900,14.63,80.5,145.0,7.21,139.0,364.0,1.1,224.0,74400.0
20060511:2000,15.3,84.15,299.0,34.07,276.0,363.0,0.97,279.0,74407.0
20060511:2100,13.87,81.45,106.0,0.0,106.0,365.4,0.69,249.0,74356.0
20060511:2200,13.38,86.9,108.0,53.61,95.0,367.8,0.76,235.0,74378.0
20060511:2300,12.42,89.0,0.0,-0.0,0.0,359.4,0.55,295.0,74459.0
20060512:0000,11.6,93.6,0.0,-0.0,0.0,350.4,0.48,175.0,74569.0
20060512:0100,11.43,95.45,0.0,-0.0,0.0,362.65,0.41,124.0,74613.0
20060512:0200,11.32,95.25,0.0,-0.0,0.0,359.0,0.76,118.0,74649.0
20060512:0300,11.15,95.2,0.0,-0.0,0.0,358.2,0.83,110.0,74715.0
20060512:0400,11.07,95.25,0.0,-0.0,0.0,362.4,0.83,106.0,74693.0
20060512:0500,10.97,94.8,0.0,-0.0,0.0,357.6,0.9,114.0,74664.0
20060512:0600,10.88,94.5,0.0,-0.0,0.0,358.8,0.76,114.0,74605.0
20060512:0700,10.83,96.9,0.0,-0.0,0.0,363.0,0.55,124.0,74576.0
20060512:0800,10.7,97.45,0.0,-0.0,0.0,364.6,0.62,111.0,74561.0
20060512:0900,10.62,97.35,0.0,-0.0,0.0,365.6,0.55,116.0,74561.0
20060512:1000,10.18,98.15,0.0,-0.0,0.0,350.0,0.76,113.0,74613.0
20060512:1100,9.82,98.3,9.0,0.0,9.0,341.8,0.97,105.0,74613.0
20060512:1200,10.92,95.2,99.0,10.05,96.0,353.2,0.69,116.0,74679.0
20060512:1300,12.51,84.7,367.0,240.44,241.0,341.0,0.76,183.0,74686.0
20060512:1400,13.5,77.8,720.0,867.96,99.0,356.0,0.97,218.0,74679.0
20060512:1500,13.42,80.55,890.0,909.42,108.0,362.4,1.03,210.0,74642.0
20060512:1600,14.9,73.3,181.0,13.72,168.0,350.2,0.9,215.0,74605.0
20060512:1700,16.4,66.5,403.0,24.69,379.0,347.8,1.1,225.0,74495.0
20060512:1800,16.78,67.25,217.0,16.09,202.0,353.8,1.24,227.0,74415.0
20060512:1900,16.8,61.65,104.0,0.0,104.0,338.6,1.17,223.0,74341.0
20060512:2000,15.58,70.1,211.0,11.86,203.0,343.6,0.9,237.0,74334.0
20060512:2100,14.7,75.7,111.0,0.0,111.0,363.0,0.62,275.0,74327.0
20060512:2200,13.5,83.0,61.0,0.0,61.0,362.2,0.34,263.0,74371.0
20060512:2300,12.59,90.75,0.0,-0.0,0.0,350.0,0.21,15.0,74429.0
20060513:0000,12.03,93.75,0.0,-0.0,0.0,354.0,0.76,129.0,74481.0
20060513:0100,11.53,95.2,0.0,-0.0,0.0,352.05,0.76,105.0,74576.0
20060513:0200,11.17,95.15,0.0,-0.0,0.0,352.2,0.83,105.0,74664.0
20060513:0300,10.73,96.55,0.0,-0.0,0.0,346.8,0.97,102.0,74737.0
20060513:0400,10.47,99.45,0.0,-0.0,0.0,353.0,0.97,106.0,74730.0
20060513:0500,10.39,99.2,0.0,-0.0,0.0,359.8,0.97,107.0,74700.0
20060513:0600,10.21,99.25,0.0,-0.0,0.0,358.4,0.9,108.0,74605.0
20060513:0700,10.55,99.35,0.0,-0.0,0.0,361.6,0.69,106.0,74569.0
20060513:0800,10.84,96.85,0.0,-0.0,0.0,374.6,0.83,108.0,74539.0
20060513:0900,10.86,96.45,0.0,-0.0,0.0,375.0,0.69,111.0,74517.0
20060513:1000,10.55,97.25,0.0,-0.0,0.0,356.4,0.76,98.0,74561.0
20060513:1100,10.45,97.65,27.0,181.89,17.0,359.2,0.83,98.0,74627.0
20060513:1200,11.34,93.95,161.0,130.59,122.0,349.2,0.83,113.0,74671.0
20060513:1300,12.39,82.1,195.0,19.09,185.0,347.6,1.17,141.0,74708.0
20060513:1400,13.53,72.8,432.0,104.91,357.0,348.4,1.17,159.0,74664.0
20060513:1500,14.86,64.55,639.0,209.53,459.0,364.6,0.97,163.0,74605.0
20060513:1600,16.37,56.75,329.0,20.07,310.0,357.6,0.83,178.0,74547.0
20060513:1700,17.68,51.85,621.0,102.97,521.0,361.8,0.69,206.0,74429.0
20060513:1800,18.08,50.3,496.0,52.61,447.0,358.4,0.76,220.0,74356.0
20060513:1900,18.06,50.9,383.0,34.94,354.0,349.6,1.03,252.0,74261.0
20060513:2000,17.61,53.3,672.0,856.49,95.0,352.2,0.76,255.0,74268.0
20060513:2100,16.37,59.95,211.0,42.26,191.0,354.0,0.55,269.0,74261.0
20060513:2200,15.41,64.75,196.0,585.87,54.0,356.4,0.62,294.0,74327.0
20060513:2300,14.36,71.7,0.0,-0.0,0.0,347.0,0.48,281.0,74466.0
20060514:0000,13.57,74.2,0.0,-0.0,0.0,356.4,0.41,178.0,74561.0
20060514:0100,13.14,77.5,0.0,-0.0,0.0,360.05,0.76,115.0,74642.0
20060514:0200,12.76,80.4,0.0,-0.0,0.0,360.8,0.83,115.0,74722.0
20060514:0300,12.36,82.4,0.0,-0.0,0.0,358.0,0.9,115.0,74781.0
20060514:0400,12.2,82.6,0.0,-0.0,0.0,368.2,0.76,128.0,74803.0
20060514:0500,11.76,83.8,0.0,-0.0,0.0,356.8,0.83,124.0,74788.0
20060514:0600,11.59,82.25,0.0,-0.0,0.0,365.8,0.9,126.0,74708.0
20060514:0700,11.25,79.6,0.0,-0.0,0.0,358.4,0.97,108.0,74649.0
20060514:0800,11.14,78.15,0.0,-0.0,0.0,367.4,1.1,109.0,74635.0
20060514:0900,10.83,78.65,0.0,-0.0,0.0,362.0,1.17,111.0,74620.0
20060514:1000,10.44,79.85,0.0,-0.0,0.0,354.4,1.1,108.0,74679.0
20060514:1100,10.39,79.0,28.0,198.93,17.0,373.2,1.24,105.0,74708.0
20060514:1200,10.51,78.9,255.0,649.66,61.0,370.8,1.31,105.0,74752.0
20060514:1300,12.02,73.25,505.0,813.96,79.0,363.6,1.1,107.0,74781.0
20060514:1400,13.44,67.2,728.0,893.26,90.0,359.2,0.76,115.0,74781.0
20060514:1500,14.9,60.75,899.0,933.32,98.0,363.2,0.62,142.0,74708.0
20060514:1600,16.55,54.0,539.0,88.84,455.0,354.4,0.48,169.0,74671.0
20060514:1700,17.17,50.5,239.0,17.52,222.0,358.6,0.28,211.0,74539.0
20060514:1800,18.0,48.0,164.0,11.82,153.0,361.4,0.41,237.0,74444.0
20060514:1900,18.29,50.8,858.0,920.27,95.0,340.6,0.55,218.0,74341.0
20060514:2000,18.52,50.0,451.0,197.6,318.0,348.6,0.83,267.0,74290.0
20060514:2100,17.26,58.75,230.0,63.43,200.0,359.2,1.1,274.0,74312.0
20060514:2200,15.86,66.75,198.0,618.89,48.0,362.4,0.76,269.0,74393.0
20060514:2300,14.68,74.4,0.0,-0.0,0.0,350.2,0.34,272.0,74451.0
20060515:0000,13.75,80.85,0.0,-0.0,0.0,351.4,0.21,131.0,74517.0
20060515:0100,13.37,83.5,0.0,-0.0,0.0,363.45,0.69,105.0,74605.0
20060515:0200,12.73,87.15,0.0,-0.0,0.0,355.0,0.97,100.0,74657.0
20060515:0300,12.44,87.85,0.0,-0.0,0.0,357.4,1.03,98.0,74708.0
20060515:0400,12.16,88.6,0.0,-0.0,0.0,358.4,0.97,100.0,74737.0
20060515:0500,12.11,87.65,0.0,-0.0,0.0,362.6,0.83,110.0,74715.0
20060515:0600,11.88,87.85,0.0,-0.0,0.0,357.0,0.9,115.0,74679.0
20060515:0700,12.11,81.35,0.0,-0.0,0.0,379.6,0.97,103.0,74635.0
20060515:0800,11.85,82.75,0.0,-0.0,0.0,365.6,0.9,99.0,74569.0
20060515:0900,11.93,81.5,0.0,-0.0,0.0,369.8,0.83,101.0,74583.0
20060515:1000,12.06,78.8,0.0,-0.0,0.0,381.2,0.9,106.0,74613.0
20060515:1100,11.93,79.9,5.0,0.0,5.0,373.8,0.9,109.0,74627.0
20060515:1200,12.4,76.65,67.0,0.0,67.0,382.0,1.24,112.0,74642.0
20060515:1300,13.05,72.9,500.0,806.91,78.0,366.2,1.24,119.0,74693.0
20060515:1400,14.12,67.55,482.0,165.36,364.0,372.0,1.1,138.0,74679.0
20060515:1500,15.48,60.75,289.0,18.66,273.0,373.4,1.31,137.0,74627.0
20060515:1600,16.74,55.85,381.0,24.35,358.0,374.0,0.83,188.0,74561.0
20060515:1700,17.75,51.7,134.0,7.22,127.0,368.8,0.9,172.0,74517.0
20060515:1800,17.48,54.9,465.0,41.96,426.0,373.6,0.83,243.0,74415.0
20060515:1900,17.92,52.7,255.0,15.69,242.0,374.6,0.76,214.0,74385.0
20060515:2000,17.07,58.25,212.0,11.9,204.0,372.0,0.83,244.0,74341.0
20060515:2100,16.54,60.8,329.0,270.82,201.0,363.8,0.76,243.0,74334.0
20060515:2200,15.8,64.45,180.0,474.43,65.0,344.6,0.62,257.0,74371.0
20060515:2300,14.75,72.35,0.0,-0.0,0.0,356.0,0.28,280.0,74451.0
20060516:0000,13.95,77.3,0.0,-0.0,0.0,355.6,0.07,181.0,74532.0
20060516:0100,13.27,80.65,0.0,-0.0,0.0,350.85,0.55,129.0,74591.0
20060516:0200,12.75,82.7,0.0,-0.0,0.0,349.4,0.76,129.0,74671.0
20060516:0300,12.38,83.85,0.0,-0.0,0.0,355.6,0.83,123.0,74737.0
20060516:0400,12.17,84.05,0.0,-0.0,0.0,358.0,0.76,115.0,74744.0
20060516:0500,11.84,85.7,0.0,-0.0,0.0,357.2,0.76,115.0,74715.0
20060516:0600,11.84,84.75,0.0,-0.0,0.0,364.2,0.9,115.0,74664.0
20060516:0700,11.87,83.75,0.0,-0.0,0.0,375.4,1.03,110.0,74620.0
20060516:0800,11.77,82.75,0.0,-0.0,0.0,370.6,0.97,107.0,74561.0
20060516:0900,11.57,82.65,0.0,-0.0,0.0,365.8,0.97,112.0,74561.0
20060516:1000,11.38,82.7,0.0,-0.0,0.0,365.2,1.03,108.0,74613.0
20060516:1100,11.28,82.8,14.0,17.92,13.0,371.0,0.97,106.0,74598.0
20060516:1200,11.82,81.1,162.0,137.39,121.0,366.0,0.97,112.0,74642.0
20060516:1300,13.23,75.0,498.0,805.65,77.0,363.8,0.83,116.0,74671.0
20060516:1400,14.46,68.15,493.0,182.35,363.0,370.6,0.55,152.0,74635.0
20060516:1500,15.37,65.3,207.0,15.18,194.0,378.8,0.62,200.0,74613.0
20060516:1600,15.2,68.85,485.0,44.51,443.0,387.8,0.62,240.0,74554.0
20060516:1700,15.16,71.95,541.0,60.94,482.0,383.8,0.62,237.0,74495.0
20060516:1800,15.92,69.4,178.0,12.92,166.0,388.4,0.83,226.0,74363.0
20060516:1900,17.31,56.75,180.0,12.08,170.0,375.8,0.69,209.0,74297.0
20060516:2000,16.04,62.5,62.0,0.0,62.0,376.0,0.83,235.0,74297.0
20060516:2100,15.22,67.4,181.0,19.05,172.0,380.0,0.69,233.0,74349.0
20060516:2200,14.59,71.3,154.0,284.59,85.0,376.0,0.34,232.0,74385.0
20060516:2300,13.8,77.0,0.0,-0.0,0.0,372.6,0.34,110.0,74451.0
20060517:0000,13.27,80.3,0.0,-0.0,0.0,360.6,0.76,100.0,74510.0
20060517:0100,12.95,82.8,0.0,-0.0,0.0,363.65,0.76,103.0,74569.0
20060517:0200,11.98,87.55,0.0,-0.0,0.0,341.8,0.97,98.0,74657.0
20060517:0300,11.61,88.7,0.0,-0.0,0.0,351.6,1.1,104.0,74715.0
20060517:0400,11.15,89.85,0.0,-0.0,0.0,353.6,1.17,104.0,74752.0
20060517:0500,11.0,88.65,0.0,-0.0,0.0,359.2,1.17,100.0,74730.0
20060517:0600,10.68,88.9,0.0,-0.0,0.0,350.8,1.31,104.0,74686.0
20060517:0700,11.48,93.15,0.0,-0.0,0.0,371.8,0.48,116.0,74627.0
20060517:0800,11.49,92.95,0.0,-0.0,0.0,373.4,0.55,88.0,74583.0
20060517:0900,11.52,92.35,0.0,-0.0,0.0,378.2,0.69,98.0,74576.0
20060517:1000,11.46,92.65,0.0,-0.0,0.0,376.8,0.55,93.0,74642.0
20060517:1100,11.48,92.7,20.0,71.47,16.0,377.8,0.69,93.0,74686.0
20060517:1200,11.66,91.95,183.0,217.92,118.0,379.4,0.83,107.0,74744.0
20060517:1300,12.59,87.5,375.0,268.15,235.0,364.8,0.62,123.0,74766.0
20060517:1400,13.82,80.0,402.0,80.03,345.0,360.8,0.48,190.0,74803.0
20060517:1500,14.44,75.75,621.0,191.68,457.0,374.2,0.48,244.0,74759.0
20060517:1600,14.51,74.55,334.0,21.22,314.0,374.4,0.62,242.0,74752.0
20060517:1700,14.6,75.5,785.0,279.18,515.0,372.2,0.34,237.0,74693.0
20060517:1800,15.12,72.85,180.0,12.94,168.0,367.0,0.41,248.0,74598.0
20060517:1900,16.48,71.7,734.0,428.17,380.0,363.6,1.17,254.0,74510.0
20060517:2000,14.58,79.75,509.0,287.45,316.0,366.8,0.76,274.0,74466.0
20060517:2100,13.65,83.65,218.0,48.71,195.0,369.6,0.97,293.0,74554.0
20060517:2200,13.17,87.1,154.0,284.47,85.0,360.8,0.62,260.0,74517.0
20060517:2300,12.65,90.65,0.0,-0.0,0.0,360.8,0.21,239.0,74576.0
20060518:0000,12.2,95.8,0.0,-0.0,0.0,363.6,0.28,126.0,74635.0
20060518:0100,11.94,98.65,0.0,-0.0,0.0,366.85,0.48,88.0,74708.0
20060518:0200,11.78,97.05,0.0,-0.0,0.0,367.2,0.69,91.0,74803.0
20060518:0300,11.56,97.7,0.0,-0.0,0.0,360.2,0.62,81.0,74847.0
20060518:0400,11.44,97.5,0.0,-0.0,0.0,361.4,0.62,84.0,74840.0
20060518:0500,11.25,99.2,0.0,-0.0,0.0,362.4,0.69,90.0,74803.0
20060518:0600,11.11,98.25,0.0,-0.0,0.0,363.8,0.69,94.0,74752.0
20060518:0700,11.26,97.4,0.0,-0.0,0.0,369.8,0.55,86.0,74722.0
20060518:0800,11.26,96.9,0.0,-0.0,0.0,369.6,0.48,83.0,74708.0
20060518:0900,11.07,97.65,0.0,-0.0,0.0,366.8,0.48,89.0,74722.0
20060518:1000,10.99,97.55,0.0,-0.0,0.0,366.8,0.48,90.0,74781.0
20060518:1100,11.02,96.65,11.0,0.0,11.0,371.0,0.76,100.0,74803.0
20060518:1200,11.45,94.7,92.0,3.35,91.0,375.4,0.69,101.0,74840.0
20060518:1300,12.16,89.7,352.0,210.88,242.0,368.8,0.62,126.0,74847.0
20060518:1400,12.45,88.35,444.0,120.88,358.0,379.4,0.48,151.0,74862.0
20060518:1500,13.96,78.1,613.0,183.69,456.0,373.0,0.41,179.0,74825.0
20060518:1600,15.19,71.5,375.0,24.43,352.0,362.8,0.76,232.0,74788.0
20060518:1700,15.31,75.45,364.0,22.77,342.0,365.6,0.97,245.0,74693.0
20060518:1800,15.58,78.5,421.0,32.37,391.0,359.4,0.97,274.0,74620.0
20060518:1900,15.61,78.7,697.0,387.39,377.0,372.0,0.97,245.0,74583.0
20060518:2000,14.5,80.2,667.0,870.44,83.0,370.6,0.69,213.0,74495.0
20060518:2100,14.67,80.4,441.0,786.1,70.0,371.2,0.48,248.0,74451.0
20060518:2200,14.13,83.25,133.0,160.7,94.0,362.6,0.41,281.0,74539.0
20060518:2300,13.25,89.9,0.0,-0.0,0.0,353.0,0.0,279.0,74583.0
20060519:0000,12.51,93.05,0.0,-0.0,0.0,343.0,0.69,104.0,74649.0
20060519:0100,12.11,89.05,0.0,-0.0,0.0,357.65,0.9,103.0,74708.0
20060519:0200,11.11,93.65,0.0,-0.0,0.0,358.4,1.17,97.0,74759.0
20060519:0300,10.92,95.45,0.0,-0.0,0.0,354.6,1.17,94.0,74796.0
20060519:0400,10.99,95.9,0.0,-0.0,0.0,362.2,1.03,92.0,74781.0
20060519:0500,10.83,96.25,0.0,-0.0,0.0,358.6,1.1,95.0,74759.0
20060519:0600,10.6,96.5,0.0,-0.0,0.0,355.6,1.1,97.0,74693.0
20060519:0700,11.33,92.25,0.0,-0.0,0.0,375.2,0.9,94.0,74679.0
20060519:0800,11.19,91.45,0.0,-0.0,0.0,369.2,0.97,92.0,74635.0
20060519:0900,11.11,90.3,0.0,-0.0,0.0,364.2,0.9,97.0,74657.0
20060519:1000,10.83,90.5,0.0,-0.0,0.0,358.6,0.97,100.0,74649.0
20060519:1100,10.78,90.1,0.0,0.0,0.0,361.0,0.9,101.0,74730.0
20060519:1200,11.19,88.2,27.0,0.0,27.0,357.8,0.97,102.0,74766.0
20060519:1300,13.0,80.0,334.0,174.63,243.0,343.4,0.97,110.0,74803.0
20060519:1400,15.2,67.2,520.0,229.34,357.0,349.0,0.55,144.0,74796.0
20060519:1500,16.38,60.0,220.0,16.4,206.0,352.0,0.28,189.0,74781.0
20060519:1600,16.82,57.9,133.0,6.38,127.0,366.4,0.41,215.0,74766.0
20060519:1700,16.67,60.7,663.0,139.87,528.0,369.2,0.76,230.0,74679.0
20060519:1800,16.34,62.6,388.0,27.0,363.0,361.4,0.9,254.0,74613.0
20060519:1900,14.65,73.35,546.0,140.55,430.0,365.2,0.62,248.0,74569.0
20060519:2000,14.48,75.55,421.0,138.71,328.0,369.2,0.62,253.0,74525.0
20060519:2100,14.58,74.4,174.0,14.84,167.0,372.6,0.62,240.0,74488.0
20060519:2200,13.36,82.35,117.0,86.48,96.0,370.6,0.34,272.0,74539.0
20060519:2300,12.88,87.45,0.0,-0.0,0.0,369.8,0.21,35.0,74613.0
20060520:0000,12.48,89.85,0.0,-0.0,0.0,357.6,0.48,66.0,74671.0
20060520:0100,12.2,92.2,0.0,-0.0,0.0,364.45,0.48,68.0,74708.0
20060520:0200,12.09,92.35,0.0,-0.0,0.0,367.0,0.69,80.0,74752.0
20060520:0300,12.02,91.3,0.0,-0.0,0.0,366.8,0.69,82.0,74774.0
20060520:0400,11.65,92.35,0.0,-0.0,0.0,360.2,0.69,75.0,74744.0
20060520:0500,11.28,94.05,0.0,-0.0,0.0,358.2,0.76,83.0,74693.0
20060520:0600,10.79,95.3,0.0,-0.0,0.0,348.0,0.83,86.0,74627.0
20060520:0700,10.72,94.6,0.0,-0.0,0.0,355.6,0.69,102.0,74583.0
20060520:0800,10.52,95.25,0.0,-0.0,0.0,364.0,0.76,81.0,74554.0
20060520:0900,10.21,95.7,0.0,-0.0,0.0,354.8,0.97,98.0,74569.0
20060520:1000,10.11,93.85,0.0,-0.0,0.0,349.8,0.97,99.0,74583.0
20060520:1100,9.96,93.55,28.0,195.61,17.0,355.6,0.97,91.0,74598.0
20060520:1200,10.86,90.65,253.0,655.28,58.0,358.0,0.83,87.0,74613.0
20060520:1300,12.63,83.9,500.0,816.43,75.0,360.4,0.55,92.0,74664.0
20060520:1400,14.33,74.2,720.0,893.0,86.0,354.0,0.0,234.0,74642.0
20060520:1500,16.04,62.9,888.0,932.11,93.0,350.6,0.07,333.0,74605.0
20060520:1600,17.28,58.25,991.0,952.51,96.0,345.0,0.41,310.0,74554.0
20060520:1700,16.68,61.65,178.0,13.48,165.0,349.6,0.69,302.0,74517.0
20060520:1800,16.11,64.65,784.0,356.75,454.0,359.4,0.97,298.0,74503.0
20060520:1900,16.87,83.15,483.0,86.1,412.0,354.6,1.31,252.0,74378.0
20060520:2000,15.14,83.2,208.0,11.94,200.0,359.0,1.17,257.0,74334.0
20060520:2100,15.16,86.1,114.0,0.0,114.0,352.6,0.9,271.0,74341.0
20060520:2200,14.42,89.55,200.0,633.65,46.0,368.8,0.48,236.0,74393.0
20060520:2300,13.02,91.05,0.0,-0.0,0.0,364.4,0.41,5.0,74378.0
20060521:0000,12.48,94.45,0.0,-0.0,0.0,347.8,0.41,357.0,74459.0
20060521:0100,12.75,94.55,0.0,-0.0,0.0,374.05,0.28,46.0,74547.0
20060521:0200,12.16,93.65,0.0,-0.0,0.0,361.8,0.76,64.0,74649.0
20060521:0300,11.74,98.2,0.0,-0.0,0.0,365.2,0.62,61.0,74671.0
20060521:0400,11.71,98.9,0.0,-0.0,0.0,368.4,0.48,67.0,74649.0
20060521:0500,11.63,98.7,0.0,-0.0,0.0,376.2,0.55,89.0,74591.0
20060521:0600,11.37,98.85,0.0,-0.0,0.0,372.4,0.83,90.0,74554.0
20060521:0700,11.13,96.9,0.0,-0.0,0.0,362.8,0.83,90.0,74525.0
20060521:0800,11.04,96.65,0.0,-0.0,0.0,356.4,0.97,85.0,74495.0
20060521:0900,11.03,96.55,0.0,-0.0,0.0,361.2,1.03,84.0,74510.0
20060521:1000,11.12,96.1,0.0,-0.0,0.0,365.6,0.97,85.0,74488.0
20060521:1100,11.07,96.45,14.0,0.0,14.0,363.6,0.97,88.0,74539.0
20060521:1200,11.92,92.9,254.0,652.59,60.0,353.4,0.83,97.0,74569.0
20060521:1300,13.37,78.2,504.0,819.25,78.0,339.8,0.97,112.0,74598.0
20060521:1400,15.12,67.35,725.0,896.8,89.0,334.6,0.48,113.0,74591.0
20060521:1500,16.7,58.4,894.0,936.63,96.0,349.2,0.14,120.0,74569.0
20060521:1600,17.55,53.55,427.0,30.9,398.0,340.6,0.07,79.0,74510.0
20060521:1700,17.96,51.45,625.0,111.08,518.0,344.8,0.0,250.0,74429.0
20060521:1800,18.27,49.1,481.0,48.69,436.0,352.6,0.21,282.0,74327.0
20060521:1900,17.77,53.75,517.0,114.07,423.0,342.8,0.55,323.0,74232.0
20060521:2000,17.22,56.95,679.0,887.03,85.0,340.0,0.9,300.0,74180.0
20060521:2100,15.75,66.1,450.0,801.59,72.0,350.8,1.1,293.0,74195.0
20060521:2200,14.51,76.05,4.0,0.0,4.0,352.2,0.97,282.0,74232.0
20060521:2300,13.12,85.3,0.0,0.0,0.0,353.0,0.83,277.0,74341.0
20060522:0000,12.6,91.25,0.0,-0.0,0.0,349.8,0.41,279.0,74422.0
20060522:0100,12.34,92.95,0.0,-0.0,0.0,347.85,0.69,93.0,74503.0
20060522:0200,12.14,92.6,0.0,-0.0,0.0,344.0,0.9,83.0,74569.0
20060522:0300,12.06,91.95,0.0,-0.0,0.0,354.6,0.9,87.0,74583.0
20060522:0400,11.77,92.9,0.0,-0.0,0.0,355.0,0.9,92.0,74613.0
20060522:0500,11.47,92.8,0.0,-0.0,0.0,354.0,0.9,99.0,74576.0
20060522:0600,11.4,87.95,0.0,-0.0,0.0,364.0,1.24,103.0,74561.0
20060522:0700,11.16,85.7,0.0,-0.0,0.0,361.4,1.17,96.0,74510.0
20060522:0800,10.89,83.35,0.0,-0.0,0.0,360.4,1.38,98.0,74503.0
20060522:0900,10.42,82.6,0.0,-0.0,0.0,345.6,1.52,100.0,74547.0
20060522:1000,10.03,81.45,0.0,-0.0,0.0,342.0,1.59,98.0,74591.0
20060522:1100,9.6,82.5,28.0,195.75,17.0,330.2,1.66,94.0,74598.0
20060522:1200,10.2,80.7,255.0,656.7,60.0,320.0,1.72,94.0,74635.0
20060522:1300,12.57,69.35,506.0,825.97,77.0,307.6,1.38,104.0,74627.0
20060522:1400,15.0,55.05,729.0,904.86,88.0,301.4,0.76,147.0,74576.0
20060522:1500,16.49,48.7,901.0,945.87,96.0,328.2,0.69,198.0,74532.0
20060522:1600,17.26,45.65,1006.0,967.28,99.0,340.2,0.69,198.0,74466.0
20060522:1700,18.0,42.05,1035.0,971.58,100.0,335.2,0.62,178.0,74400.0
20060522:1800,18.8,37.8,987.0,962.78,98.0,334.6,0.62,145.0,74305.0
20060522:1900,19.18,34.5,865.0,937.56,93.0,340.2,0.55,109.0,74217.0
20060522:2000,19.21,33.85,682.0,891.99,85.0,341.2,0.55,69.0,74166.0
20060522:2100,18.51,35.1,454.0,810.18,72.0,333.6,0.48,28.0,74158.0
20060522:2200,17.22,43.25,206.0,652.92,47.0,319.8,0.41,338.0,74202.0
20060522:2300,15.19,60.2,0.0,0.0,0.0,309.2,0.34,12.0,74276.0
20060523:0000,13.6,68.25,0.0,-0.0,0.0,312.4,0.9,73.0,74400.0
20060523:0100,11.82,75.65,0.0,-0.0,0.0,304.6,1.17,88.0,74503.0
20060523:0200,10.99,78.5,0.0,-0.0,0.0,313.0,1.24,90.0,74620.0
20060523:0300,10.38,78.35,0.0,-0.0,0.0,312.4,1.45,91.0,74657.0
20060523:0400,9.84,78.4,0.0,-0.0,0.0,311.2,1.45,91.0,74700.0
20060523:0500,9.36,79.05,0.0,-0.0,0.0,307.4,1.45,94.0,74671.0
20060523:0600,9.06,80.15,0.0,-0.0,0.0,310.6,1.52,98.0,74649.0
20060523:0700,9.05,81.5,0.0,-0.0,0.0,315.6,1.45,96.0,74635.0
20060523:0800,8.83,82.25,0.0,-0.0,0.0,316.6,1.38,101.0,74605.0
20060523:0900,8.67,82.75,0.0,-0.0,0.0,325.6,1.31,103.0,74627.0
20060523:1000,8.48,82.8,0.0,-0.0,0.0,328.6,1.45,100.0,74664.0
20060523:1100,8.18,83.65,29.0,213.86,17.0,325.8,1.45,100.0,74722.0
20060523:1200,9.56,77.4,254.0,657.53,59.0,333.0,1.38,101.0,74788.0
20060523:1300,12.06,63.45,500.0,817.32,76.0,317.4,1.38,110.0,74796.0
20060523:1400,14.52,51.5,651.0,507.36,292.0,308.0,1.03,127.0,74722.0
20060523:1500,16.53,44.55,741.0,377.58,420.0,317.6,1.1,128.0,74664.0
20060523:1600,18.0,40.25,808.0,348.02,482.0,324.4,1.66,125.0,74583.0
20060523:1700,19.21,36.15,855.0,342.2,526.0,351.6,1.52,130.0,74451.0
20060523:1800,19.63,34.95,821.0,370.7,479.0,341.4,0.83,106.0,74385.0
20060523:1900,18.96,37.9,717.0,419.28,372.0,348.0,0.0,86.0,74319.0
20060523:2000,18.83,38.9,122.0,0.0,122.0,346.0,0.55,354.0,74290.0
20060523:2100,17.85,43.1,243.0,82.72,204.0,343.0,0.83,347.0,74305.0
20060523:2200,16.2,55.5,171.0,401.95,73.0,343.8,0.97,332.0,74385.0
20060523:2300,14.75,67.8,0.0,0.0,0.0,348.0,0.41,359.0,74473.0
20060524:0000,13.83,73.8,0.0,-0.0,0.0,350.0,0.55,78.0,74569.0
20060524:0100,13.21,76.4,0.0,-0.0,0.0,349.85,1.03,100.0,74671.0
20060524:0200,12.81,76.3,0.0,-0.0,0.0,355.4,1.03,104.0,74774.0
20060524:0300,12.44,76.8,0.0,-0.0,0.0,358.0,1.03,112.0,74774.0
20060524:0400,12.15,76.7,0.0,-0.0,0.0,358.8,0.97,112.0,74788.0
20060524:0500,12.15,75.15,0.0,-0.0,0.0,369.2,0.83,112.0,74766.0
20060524:0600,12.02,75.05,0.0,-0.0,0.0,368.6,0.76,111.0,74715.0
20060524:0700,11.81,74.9,0.0,-0.0,0.0,371.8,0.69,122.0,74679.0
20060524:0800,11.75,75.15,0.0,-0.0,0.0,371.4,0.62,121.0,74664.0
20060524:0900,11.69,75.35,0.0,-0.0,0.0,369.8,0.62,122.0,74657.0
20060524:1000,11.55,76.45,0.0,-0.0,0.0,367.4,0.48,115.0,74664.0
20060524:1100,11.41,78.45,6.0,0.0,6.0,365.4,0.55,108.0,74700.0
20060524:1200,11.94,77.6,66.0,0.0,66.0,364.2,0.69,109.0,74744.0
20060524:1300,12.56,73.75,54.0,0.0,54.0,369.4,0.83,122.0,74803.0
20060524:1400,13.48,69.75,168.0,11.32,160.0,359.2,0.69,142.0,74766.0
20060524:1500,14.92,62.7,457.0,57.7,408.0,368.0,1.17,133.0,74744.0
20060524:1600,15.81,58.9,598.0,106.86,498.0,373.4,0.83,147.0,74679.0
20060524:1700,16.1,58.6,524.0,56.22,470.0,370.6,0.41,205.0,74605.0
20060524:1800,16.48,56.6,681.0,200.69,496.0,374.8,0.28,215.0,74554.0
20060524:1900,15.57,60.0,209.0,13.38,198.0,382.0,0.76,209.0,74466.0
20060524:2000,15.11,63.05,247.0,17.95,235.0,370.6,0.55,220.0,74415.0
20060524:2100,15.02,64.6,191.0,25.45,179.0,371.4,0.55,244.0,74437.0
20060524:2200,14.44,68.1,201.0,634.91,46.0,363.6,0.55,249.0,74429.0
20060524:2300,13.58,74.0,0.0,0.0,0.0,363.2,0.34,254.0,74481.0
20060525:0000,13.05,78.55,0.0,-0.0,0.0,365.6,0.21,186.0,74576.0
20060525:0100,12.93,80.0,0.0,-0.0,0.0,372.25,0.48,133.0,74664.0
20060525:0200,12.83,80.85,0.0,-0.0,0.0,378.4,0.62,118.0,74737.0
20060525:0300,12.64,82.05,0.0,-0.0,0.0,378.6,0.76,118.0,74759.0
20060525:0400,12.4,83.0,0.0,-0.0,0.0,370.8,0.76,119.0,74766.0
20060525:0500,12.27,83.15,0.0,-0.0,0.0,371.8,0.76,125.0,74722.0
20060525:0600,12.02,83.7,0.0,-0.0,0.0,368.2,0.9,121.0,74679.0
20060525:0700,11.71,84.5,0.0,-0.0,0.0,376.6,0.69,130.0,74613.0
20060525:0800,11.54,85.8,0.0,-0.0,0.0,372.0,0.76,116.0,74591.0
20060525:0900,11.31,87.95,0.0,-0.0,0.0,370.2,0.69,111.0,74576.0
20060525:1000,11.13,88.85,0.0,-0.0,0.0,361.8,0.83,106.0,74605.0
20060525:1100,11.05,89.3,13.0,0.0,13.0,366.6,1.03,107.0,74605.0
20060525:1200,11.57,87.4,133.0,60.87,115.0,370.0,1.03,112.0,74635.0
20060525:1300,12.42,82.9,494.0,809.73,75.0,371.8,1.03,127.0,74679.0
20060525:1400,13.26,77.05,711.0,886.78,85.0,366.4,1.1,144.0,74700.0
20060525:1500,14.18,70.65,229.0,16.5,215.0,377.6,1.24,143.0,74679.0
20060525:1600,15.07,65.2,420.0,29.95,392.0,374.2,1.38,148.0,74620.0
20060525:1700,15.78,62.35,527.0,57.31,472.0,379.4,1.31,167.0,74554.0
20060525:1800,15.82,62.85,274.0,18.46,257.0,379.6,1.17,166.0,74444.0
20060525:1900,16.46,59.3,474.0,81.53,407.0,371.4,1.38,145.0,74371.0
20060525:2000,15.99,61.1,313.0,43.39,284.0,379.6,0.69,207.0,74290.0
20060525:2100,15.88,60.5,442.0,791.07,69.0,371.8,0.83,168.0,74312.0
20060525:2200,15.4,61.75,75.0,0.0,75.0,367.2,0.83,179.0,74297.0
20060525:2300,14.23,72.3,0.0,0.0,0.0,367.6,0.55,220.0,74356.0
20060526:0000,13.47,77.7,0.0,-0.0,0.0,366.6,0.34,200.0,74444.0
20060526:0100,13.17,79.25,0.0,-0.0,0.0,372.05,0.48,145.0,74539.0
20060526:0200,12.9,81.15,0.0,-0.0,0.0,372.4,0.83,116.0,74613.0
20060526:0300,12.78,81.85,0.0,-0.0,0.0,376.8,1.03,114.0,74664.0
20060526:0400,12.5,83.05,0.0,-0.0,0.0,369.8,0.97,117.0,74657.0
20060526:0500,12.34,83.4,0.0,-0.0,0.0,371.2,1.03,105.0,74598.0
20060526:0600,12.0,84.65,0.0,-0.0,0.0,361.6,0.9,111.0,74583.0
20060526:0700,11.29,86.9,0.0,-0.0,0.0,342.0,0.97,111.0,74532.0
20060526:0800,11.22,85.9,0.0,-0.0,0.0,359.8,0.97,107.0,74525.0
20060526:0900,11.03,85.25,0.0,-0.0,0.0,369.4,0.97,115.0,74525.0
20060526:1000,10.74,85.15,0.0,-0.0,0.0,355.4,1.03,114.0,74503.0
20060526:1100,10.65,84.35,10.0,0.0,10.0,355.8,1.17,106.0,74547.0
20060526:1200,11.42,80.35,93.0,3.39,92.0,363.2,1.17,106.0,74605.0
20060526:1300,12.59,74.8,298.0,116.11,238.0,360.2,1.17,116.0,74627.0
20060526:1400,13.69,70.4,400.0,99.28,330.0,368.6,1.03,132.0,74642.0
20060526:1500,15.2,62.65,338.0,23.6,318.0,372.4,1.31,126.0,74635.0
20060526:1600,16.82,56.2,580.0,95.3,491.0,364.2,1.03,139.0,74583.0
20060526:1700,17.86,52.3,517.0,53.19,466.0,366.0,1.31,143.0,74503.0
20060526:1800,18.18,50.25,710.0,239.03,490.0,370.0,0.97,153.0,74400.0
20060526:1900,17.0,57.7,538.0,136.37,426.0,365.6,1.17,146.0,74327.0
20060526:2000,16.58,59.75,453.0,188.57,327.0,368.0,0.9,218.0,74297.0
20060526:2100,15.73,64.55,268.0,125.11,209.0,366.6,0.76,192.0,74297.0
20060526:2200,15.11,66.8,131.0,142.94,96.0,367.2,0.55,193.0,74341.0
20060526:2300,14.28,71.7,0.0,0.0,0.0,366.2,0.62,216.0,74393.0
20060527:0000,13.61,76.35,0.0,-0.0,0.0,361.2,0.41,174.0,74473.0
20060527:0100,12.66,81.9,0.0,-0.0,0.0,345.25,0.69,108.0,74547.0
20060527:0200,12.21,84.05,0.0,-0.0,0.0,345.6,0.97,110.0,74591.0
20060527:0300,12.24,83.25,0.0,-0.0,0.0,363.2,0.9,116.0,74620.0
20060527:0400,12.14,83.1,0.0,-0.0,0.0,364.2,1.03,103.0,74627.0
20060527:0500,12.03,82.5,0.0,-0.0,0.0,365.2,1.1,101.0,74583.0
20060527:0600,11.91,82.05,0.0,-0.0,0.0,365.2,0.97,103.0,74517.0
20060527:0700,11.94,81.35,0.0,-0.0,0.0,372.0,0.62,104.0,74459.0
20060527:0800,11.91,81.45,0.0,-0.0,0.0,376.8,0.41,128.0,74466.0
20060527:0900,11.77,81.95,0.0,-0.0,0.0,368.4,0.55,116.0,74481.0
20060527:1000,11.81,81.55,0.0,-0.0,0.0,374.8,0.55,104.0,74495.0
20060527:1100,11.87,81.3,11.0,0.0,11.0,378.2,0.62,96.0,74517.0
20060527:1200,12.1,81.45,104.0,16.96,99.0,373.8,0.62,103.0,74561.0
20060527:1300,12.9,76.0,299.0,118.2,238.0,377.0,0.9,126.0,74613.0
20060527:1400,13.67,71.55,477.0,171.82,356.0,371.2,0.9,146.0,74605.0
20060527:1500,15.16,63.45,615.0,196.12,449.0,365.6,1.24,137.0,74620.0
20060527:1600,15.61,63.6,360.0,22.51,339.0,380.2,0.76,180.0,74569.0
20060527:1700,16.49,59.25,539.0,62.63,479.0,377.6,0.97,155.0,74495.0
20060527:1800,16.9,56.4,207.0,15.22,193.0,375.2,0.69,181.0,74385.0
20060527:1900,16.89,56.0,444.0,63.35,392.0,369.0,0.9,198.0,74319.0
20060527:2000,17.02,55.4,461.0,203.59,325.0,366.8,0.55,222.0,74268.0
20060527:2100,16.72,56.1,99.0,0.0,99.0,357.8,0.76,270.0,74254.0
20060527:2200,15.5,64.35,166.0,354.73,79.0,366.4,0.76,266.0,74261.0
20060527:2300,14.37,73.05,0.0,0.0,0.0,348.2,0.28,281.0,74334.0
20060528:0000,13.08,81.25,0.0,-0.0,0.0,329.6,0.34,81.0,74422.0
20060528:0100,11.96,88.15,0.0,-0.0,0.0,341.05,0.62,97.0,74539.0
20060528:0200,12.34,86.2,0.0,-0.0,0.0,362.0,0.69,105.0,74605.0
20060528:0300,12.45,84.4,0.0,-0.0,0.0,372.8,0.97,105.0,74671.0
20060528:0400,12.44,82.85,0.0,-0.0,0.0,369.2,1.03,100.0,74708.0
20060528:0500,12.35,82.45,0.0,-0.0,0.0,372.0,0.83,106.0,74693.0
20060528:0600,12.34,82.35,0.0,-0.0,0.0,378.6,0.69,113.0,74649.0
20060528:0700,12.11,80.75,0.0,-0.0,0.0,376.4,0.83,124.0,74598.0
20060528:0800,11.86,81.55,0.0,-0.0,0.0,367.4,0.76,118.0,74547.0
20060528:0900,11.82,80.15,0.0,-0.0,0.0,372.2,0.69,130.0,74539.0
20060528:1000,11.43,81.95,0.0,-0.0,0.0,358.0,0.76,118.0,74539.0
20060528:1100,11.27,82.35,15.0,18.15,14.0,355.6,0.83,105.0,74547.0
20060528:1200,11.81,79.85,112.0,27.19,104.0,354.0,0.76,104.0,74627.0
20060528:1300,13.07,73.6,247.0,54.33,219.0,355.4,0.69,125.0,74664.0
20060528:1400,14.52,66.2,428.0,112.32,349.0,355.6,0.55,162.0,74679.0
20060528:1500,15.28,63.9,521.0,100.53,436.0,350.0,0.41,208.0,74649.0
20060528:1600,15.94,62.95,544.0,74.03,475.0,379.4,0.28,178.0,74627.0
20060528:1700,16.22,63.0,624.0,114.92,514.0,371.2,0.14,286.0,74554.0
20060528:1800,16.28,64.1,311.0,19.58,293.0,364.2,0.34,289.0,74510.0
20060528:1900,16.98,57.85,406.0,46.32,368.0,365.2,0.48,177.0,74349.0
20060528:2000,16.81,57.65,479.0,236.58,321.0,370.2,0.69,248.0,74268.0
20060528:2100,16.25,60.8,290.0,171.67,209.0,367.8,0.62,261.0,74232.0
20060528:2200,15.27,67.65,174.0,411.08,73.0,368.4,0.69,272.0,74297.0
20060528:2300,14.27,75.2,0.0,0.0,0.0,354.8,0.55,287.0,74356.0
20060529:0000,13.46,81.1,0.0,-0.0,0.0,354.2,0.55,259.0,74444.0
20060529:0100,13.01,84.25,0.0,-0.0,0.0,364.85,0.34,219.0,74532.0
20060529:0200,12.77,84.8,0.0,-0.0,0.0,363.2,0.62,121.0,74605.0
20060529:0300,12.61,85.5,0.0,-0.0,0.0,367.6,0.69,92.0,74649.0
20060529:0400,12.49,86.15,0.0,-0.0,0.0,369.4,0.69,94.0,74664.0
20060529:0500,12.27,87.2,0.0,-0.0,0.0,365.6,0.48,91.0,74671.0
20060529:0600,11.96,88.45,0.0,-0.0,0.0,358.8,0.48,106.0,74620.0
20060529:0700,12.03,84.8,0.0,-0.0,0.0,368.8,0.62,111.0,74576.0
20060529:0800,11.74,85.6,0.0,-0.0,0.0,361.0,0.34,147.0,74554.0
20060529:0900,11.37,86.95,0.0,-0.0,0.0,359.0,0.41,160.0,74554.0
20060529:1000,10.95,88.4,0.0,-0.0,0.0,355.2,0.62,127.0,74613.0
20060529:1100,10.62,88.4,12.0,0.0,12.0,366.2,0.97,118.0,74627.0
20060529:1200,11.3,84.25,124.0,44.27,111.0,361.2,0.97,109.0,74642.0
20060529:1300,12.67,76.65,310.0,137.97,239.0,352.0,0.83,118.0,74649.0
20060529:1400,14.26,67.75,593.0,417.08,300.0,356.0,0.62,161.0,74649.0
20060529:1500,15.23,62.8,635.0,226.14,444.0,360.2,0.69,182.0,74642.0
20060529:1600,16.08,58.5,456.0,38.66,420.0,367.4,0.69,187.0,74583.0
20060529:1700,16.1,61.45,345.0,21.96,324.0,372.2,0.69,230.0,74561.0
20060529:1800,16.23,62.05,595.0,117.59,487.0,379.0,0.83,231.0,74459.0
20060529:1900,16.15,62.55,258.0,17.07,244.0,374.6,0.97,238.0,74349.0
20060529:2000,15.72,65.05,461.0,203.68,325.0,356.4,0.76,253.0,74276.0
20060529:2100,14.86,70.45,83.0,0.0,83.0,374.0,0.97,265.0,74305.0
20060529:2200,14.08,74.1,182.0,471.25,66.0,347.0,0.83,243.0,74371.0
20060529:2300,13.21,80.05,0.0,0.0,0.0,356.2,0.48,214.0,74466.0
20060530:0000,12.75,83.85,0.0,-0.0,0.0,358.6,0.41,181.0,74561.0
20060530:0100,12.47,85.85,0.0,-0.0,0.0,358.05,0.55,146.0,74627.0
20060530:0200,12.2,88.05,0.0,-0.0,0.0,362.2,0.41,114.0,74693.0
20060530:0300,11.43,91.65,0.0,-0.0,0.0,359.2,0.62,121.0,74722.0
20060530:0400,11.01,95.7,0.0,-0.0,0.0,360.4,0.69,90.0,74715.0
20060530:0500,10.73,96.9,0.0,-0.0,0.0,356.2,0.76,85.0,74693.0
20060530:0600,10.12,98.45,0.0,-0.0,0.0,338.4,0.97,87.0,74664.0
20060530:0700,10.33,99.0,0.0,-0.0,0.0,345.4,0.62,87.0,74613.0
20060530:0800,10.1,98.55,0.0,-0.0,0.0,347.2,0.83,95.0,74554.0
20060530:0900,9.92,98.4,0.0,-0.0,0.0,349.0,0.83,96.0,74547.0
20060530:1000,9.84,98.0,0.0,-0.0,0.0,352.0,0.76,92.0,74539.0
20060530:1100,9.9,98.05,3.0,0.0,3.0,353.6,0.76,94.0,74583.0
20060530:1200,11.13,95.45,217.0,426.51,92.0,343.8,0.62,94.0,74620.0
20060530:1300,13.23,82.65,432.0,504.06,173.0,347.4,0.55,136.0,74671.0
20060530:1400,15.14,69.35,705.0,887.92,82.0,344.8,0.76,161.0,74576.0
20060530:1500,16.77,60.15,871.0,926.87,89.0,355.6,0.55,195.0,74503.0
20060530:1600,17.85,55.0,824.0,478.32,379.0,379.6,0.48,210.0,74422.0
20060530:1700,18.08,53.55,1002.0,951.2,93.0,374.2,0.62,226.0,74327.0
20060530:1800,18.06,53.8,383.0,26.15,359.0,378.4,0.62,218.0,74276.0
20060530:1900,18.05,58.1,193.0,12.2,183.0,384.6,0.76,251.0,74180.0
20060530:2000,17.41,61.6,213.0,11.98,205.0,377.6,0.83,282.0,74173.0
20060530:2100,15.6,71.3,443.0,798.4,66.0,372.8,0.9,239.0,74188.0
20060530:2200,14.88,76.9,57.0,0.0,57.0,372.0,0.62,210.0,74312.0
20060530:2300,14.32,80.7,0.0,0.0,0.0,370.0,0.21,73.0,74334.0
20060531:0000,13.6,84.85,0.0,-0.0,0.0,356.2,0.55,57.0,74444.0
20060531:0100,13.44,85.75,0.0,-0.0,0.0,372.05,0.55,80.0,74539.0
20060531:0200,13.02,87.75,0.0,-0.0,0.0,358.6,0.69,78.0,74576.0
20060531:0300,12.85,88.1,0.0,-0.0,0.0,367.0,0.97,100.0,74605.0
20060531:0400,12.73,87.85,0.0,-0.0,0.0,369.2,0.83,98.0,74627.0
20060531:0500,12.56,88.15,0.0,-0.0,0.0,370.8,0.83,96.0,74613.0
20060531:0600,12.28,88.85,0.0,-0.0,0.0,363.8,0.62,85.0,74576.0
20060531:0700,11.99,89.3,0.0,-0.0,0.0,374.8,0.76,97.0,74510.0
20060531:0800,11.8,89.2,0.0,-0.0,0.0,359.6,1.03,104.0,74473.0
20060531:0900,11.57,89.7,0.0,-0.0,0.0,357.8,0.9,102.0,74466.0
20060531:1000,11.35,90.3,0.0,-0.0,0.0,352.8,0.9,103.0,74451.0
20060531:1100,11.48,89.55,10.0,0.0,10.0,366.6,0.97,104.0,74495.0
20060531:1200,12.06,87.4,245.0,646.21,56.0,364.2,0.97,114.0,74539.0
20060531:1300,13.57,78.95,487.0,808.87,72.0,357.8,0.9,134.0,74576.0
20060531:1400,14.97,68.95,516.0,241.16,347.0,357.2,0.9,166.0,74569.0
20060531:1500,15.98,63.65,707.0,363.08,401.0,374.8,0.83,187.0,74539.0
20060531:1600,18.31,55.27,553.0,80.69,478.0,371.81,0.58,200.0,74488.0
20060531:1700,17.8,57.8,558.0,103.67,459.0,369.9,0.59,170.0,74422.0
20060531:1800,17.29,60.32,727.0,268.17,481.0,367.99,0.6,167.0,74385.0
20060531:1900,16.78,62.85,167.0,9.76,159.0,366.08,0.61,177.0,74297.0
20060531:2000,16.27,65.38,344.0,62.91,302.0,364.17,0.62,175.0,74217.0
20060531:2100,15.76,67.9,373.0,427.58,171.0,362.26,0.63,194.0,74210.0
20060531:2200,15.25,70.43,145.0,210.39,93.0,360.35,0.65,292.0,74224.0
20060531:2300,14.74,72.96,0.0,0.0,0.0,358.45,0.66,289.0,74334.0
20090601:0000,14.23,75.48,0.0,-0.0,0.0,356.54,0.67,189.0,74437.0
20090601:0100,13.72,78.01,0.0,-0.0,0.0,354.63,0.68,52.0,74525.0
20090601:0200,13.21,80.53,0.0,-0.0,0.0,352.72,0.69,80.0,74598.0
20090601:0300,12.7,83.06,0.0,-0.0,0.0,350.81,0.7,89.0,74627.0
20090601:0400,12.19,85.59,0.0,-0.0,0.0,348.9,0.72,93.0,74649.0
20090601:0500,11.68,88.11,0.0,-0.0,0.0,346.99,0.73,102.0,74657.0
20090601:0600,11.16,90.64,0.0,-0.0,0.0,345.08,0.74,98.0,74591.0
20090601:0700,10.65,93.17,0.0,-0.0,0.0,343.17,0.75,105.0,74591.0
20090601:0800,11.18,82.05,0.0,-0.0,0.0,365.6,1.17,104.0,74569.0
20090601:0900,10.87,82.55,0.0,-0.0,0.0,350.0,1.17,105.0,74591.0
20090601:1000,10.67,80.95,0.0,-0.0,0.0,353.0,1.45,104.0,74627.0
20090601:1100,10.26,82.1,21.0,93.25,16.0,344.2,1.45,101.0,74635.0
20090601:1200,10.88,80.0,201.0,332.37,104.0,337.0,1.45,101.0,74657.0
20090601:1300,12.91,68.75,490.0,806.21,77.0,344.0,1.24,110.0,74679.0
20090601:1400,14.93,58.25,709.0,885.85,89.0,346.6,0.76,136.0,74620.0
20090601:1500,16.71,50.15,877.0,927.65,96.0,355.2,0.97,137.0,74576.0
20090601:1600,18.29,43.35,980.0,947.61,100.0,349.2,1.03,126.0,74451.0
20090601:1700,19.15,41.8,1009.0,951.58,101.0,351.8,0.0,22.0,74349.0
20090601:1800,19.24,43.85,963.0,942.39,99.0,353.8,0.9,305.0,74276.0
20090601:1900,19.13,45.1,846.0,918.13,94.0,360.6,0.83,303.0,74180.0
20090601:2000,18.39,50.55,668.0,871.81,86.0,375.2,1.1,312.0,74136.0
20090601:2100,17.55,55.9,446.0,791.21,72.0,351.8,1.03,298.0,74202.0
20090601:2200,16.5,62.6,205.0,629.81,49.0,341.2,0.83,276.0,74217.0
20090601:2300,15.26,71.2,0.0,0.0,0.0,349.4,0.41,284.0,74283.0
20090602:0000,14.42,77.7,0.0,-0.0,0.0,348.0,0.48,72.0,74393.0
20090602:0100,13.46,82.6,0.0,-0.0,0.0,337.05,0.9,96.0,74466.0
20090602:0200,12.81,85.25,0.0,-0.0,0.0,338.4,0.97,98.0,74532.0
20090602:0300,12.8,83.8,0.0,-0.0,0.0,365.0,1.1,95.0,74561.0
20090602:0400,12.64,82.65,0.0,-0.0,0.0,357.6,1.1,96.0,74569.0
20090602:0500,12.47,81.7,0.0,-0.0,0.0,358.8,1.1,102.0,74547.0
20090602:0600,12.38,80.7,0.0,-0.0,0.0,361.4,1.03,104.0,74510.0
20090602:0700,12.36,79.15,0.0,-0.0,0.0,368.6,1.17,108.0,74481.0
20090602:0800,12.19,79.05,0.0,-0.0,0.0,361.8,1.1,107.0,74466.0
20090602:0900,11.94,80.0,0.0,-0.0,0.0,356.2,1.03,107.0,74437.0
20090602:1000,11.77,80.9,0.0,-0.0,0.0,357.0,1.1,106.0,74488.0
20090602:1100,11.35,83.5,26.0,188.09,16.0,344.0,1.17,104.0,74510.0
20090602:1200,12.34,78.35,248.0,649.06,59.0,357.6,1.38,106.0,74532.0
20090602:1300,14.35,65.05,493.0,813.32,77.0,346.8,1.31,120.0,74561.0
20090602:1400,16.22,55.2,710.0,889.81,88.0,349.8,1.31,134.0,74488.0
20090602:1500,18.08,47.2,877.0,929.81,95.0,350.2,1.66,134.0,74415.0
20090602:1600,19.53,42.55,980.0,949.52,99.0,366.8,1.52,145.0,74319.0
20090602:1700,20.79,38.85,1008.0,952.26,100.0,361.6,0.62,155.0,74246.0
20090602:1800,20.61,39.95,430.0,34.92,398.0,363.4,0.76,306.0,74158.0
20090602:1900,20.89,37.85,845.0,918.41,93.0,365.0,0.69,125.0,74078.0
20090602:2000,20.48,38.1,667.0,871.79,85.0,357.6,0.28,13.0,74034.0
20090602:2100,19.58,41.75,209.0,40.17,190.0,347.6,1.03,323.0,74070.0
20090602:2200,17.88,53.05,75.0,0.0,75.0,339.0,0.9,308.0,74107.0
20090602:2300,16.25,63.55,0.0,0.0,0.0,343.8,0.48,298.0,74246.0
20090603:0000,15.23,70.3,0.0,-0.0,0.0,352.2,0.21,84.0,74356.0
20090603:0100,14.24,75.65,0.0,-0.0,0.0,340.65,0.97,92.0,74466.0
20090603:0200,13.66,78.85,0.0,-0.0,0.0,350.6,0.9,99.0,74532.0
20090603:0300,13.29,79.7,0.0,-0.0,0.0,360.8,0.97,103.0,74583.0
20090603:0400,13.26,78.4,0.0,-0.0,0.0,366.6,0.97,115.0,74605.0
20090603:0500,12.96,78.55,0.0,-0.0,0.0,365.6,0.9,133.0,74613.0
20090603:0600,12.49,79.75,0.0,-0.0,0.0,353.6,0.9,133.0,74554.0
20090603:0700,12.41,79.75,0.0,-0.0,0.0,360.8,0.83,133.0,74503.0
20090603:0800,12.16,80.5,0.0,-0.0,0.0,357.4,0.76,138.0,74466.0
20090603:0900,11.73,82.15,0.0,-0.0,0.0,341.4,0.76,137.0,74459.0
20090603:1000,11.73,81.8,0.0,-0.0,0.0,354.0,0.69,131.0,74503.0
20090603:1100,11.88,81.25,15.0,18.98,14.0,364.4,0.69,124.0,74532.0
20090603:1200,12.57,77.75,89.0,3.44,88.0,365.8,0.83,130.0,74525.0
20090603:1300,14.17,68.95,218.0,35.25,200.0,363.6,0.97,159.0,74539.0
20090603:1400,15.77,60.7,306.0,31.51,284.0,371.2,1.24,162.0,74466.0
20090603:1500,16.94,55.05,649.0,335.65,367.0,370.6,1.1,154.0,74429.0
20090603:1600,18.28,50.8,749.0,407.74,371.0,372.6,0.83,170.0,74385.0
20090603:1700,17.58,63.35,392.0,25.19,368.0,381.6,0.55,159.0,74429.0
20090603:1800,17.75,54.95,629.0,150.67,491.0,376.8,0.97,139.0,74363.0
20090603:1900,15.27,71.15,534.0,135.6,423.0,377.6,0.83,136.0,74356.0
20090603:2000,15.47,69.4,309.0,41.94,281.0,373.2,0.83,153.0,74268.0
20090603:2100,15.25,69.0,295.0,179.59,210.0,368.6,0.69,185.0,74202.0
20090603:2200,14.8,72.95,116.0,72.34,98.0,360.6,0.48,225.0,74188.0
20090603:2300,14.13,76.65,0.0,0.0,0.0,364.8,0.28,192.0,74268.0
20090604:0000,13.57,79.95,0.0,-0.0,0.0,363.0,0.41,126.0,74349.0
20090604:0100,13.25,83.15,0.0,-0.0,0.0,367.25,0.83,94.0,74459.0
20090604:0200,12.96,85.2,0.0,-0.0,0.0,372.0,0.97,94.0,74532.0
20090604:0300,12.76,85.55,0.0,-0.0,0.0,368.4,0.97,107.0,74547.0
20090604:0400,12.66,86.25,0.0,-0.0,0.0,376.4,0.76,111.0,74554.0
20090604:0500,12.61,86.65,0.0,-0.0,0.0,381.0,0.69,105.0,74517.0
20090604:0600,12.46,86.45,0.0,-0.0,0.0,380.0,0.69,116.0,74466.0
20090604:0700,12.51,80.8,0.0,-0.0,0.0,382.2,0.76,118.0,74444.0
20090604:0800,12.45,81.05,0.0,-0.0,0.0,381.6,0.76,117.0,74385.0
20090604:0900,12.45,81.3,0.0,-0.0,0.0,380.2,0.62,126.0,74393.0
20090604:1000,12.5,81.35,0.0,-0.0,0.0,380.4,0.69,118.0,74378.0
20090604:1100,12.58,81.45,25.0,191.69,15.0,382.2,0.76,109.0,74451.0
20090604:1200,12.83,81.2,241.0,631.41,58.0,377.8,0.76,103.0,74481.0
20090604:1300,13.48,77.05,483.0,800.21,75.0,380.2,1.03,117.0,74532.0
20090604:1400,14.29,71.85,525.0,265.31,340.0,382.0,1.03,135.0,74517.0
20090604:1500,15.25,68.3,598.0,184.67,443.0,381.4,0.69,176.0,74503.0
20090604:1600,14.86,72.15,148.0,9.72,139.0,385.8,0.69,175.0,74451.0
20090604:1700,14.83,75.15,269.0,17.85,252.0,386.4,0.9,160.0,74407.0
20090604:1800,14.7,79.5,302.0,19.66,284.0,383.6,0.83,188.0,74290.0
20090604:1900,15.76,66.3,143.0,7.33,137.0,388.85,0.69,219.0,74283.0
20090604:2000,15.41,69.45,119.0,1.5,118.0,374.6,0.76,228.0,74246.0
20090604:2100,15.33,69.2,85.0,0.0,85.0,374.0,0.62,221.0,74261.0
20090604:2200,14.63,74.45,19.0,0.0,19.0,372.4,0.69,248.0,74239.0
20090604:2300,13.87,79.1,0.0,0.0,0.0,364.8,0.34,192.0,74327.0
20090605:0000,13.57,80.8,0.0,-0.0,0.0,371.0,0.34,141.0,74415.0
20090605:0100,13.33,82.65,0.0,-0.0,0.0,370.25,0.48,150.0,74488.0
20090605:0200,13.14,83.95,0.0,-0.0,0.0,372.4,0.62,157.0,74554.0
20090605:0300,12.98,85.05,0.0,-0.0,0.0,375.4,0.55,164.0,74576.0
20090605:0400,12.96,84.95,0.0,-0.0,0.0,384.0,0.62,135.0,74561.0
20090605:0500,12.87,84.75,0.0,-0.0,0.0,380.6,0.62,123.0,74517.0
20090605:0600,12.7,85.5,0.0,-0.0,0.0,378.4,0.41,158.0,74481.0
20090605:0700,12.73,82.45,0.0,-0.0,0.0,383.6,0.62,150.0,74429.0
20090605:0800,12.73,82.45,0.0,-0.0,0.0,384.8,0.48,146.0,74400.0
20090605:0900,12.63,83.4,0.0,-0.0,0.0,381.0,0.41,162.0,74393.0
20090605:1000,12.57,84.0,0.0,-0.0,0.0,380.6,0.48,168.0,74400.0
20090605:1100,12.56,84.8,3.0,0.0,3.0,380.2,0.41,167.0,74503.0
20090605:1200,12.78,84.15,55.0,0.0,55.0,381.4,0.48,140.0,74539.0
20090605:1300,13.28,80.8,206.0,27.5,192.0,383.2,0.76,127.0,74620.0
20090605:1400,13.92,76.4,337.0,45.95,305.0,383.0,0.62,140.0,74613.0
20090605:1500,14.61,72.7,170.0,11.93,160.0,383.8,0.28,147.0,74583.0
20090605:1600,14.95,73.35,401.0,28.09,375.0,387.0,0.41,242.0,74539.0
20090605:1700,15.28,72.8,524.0,58.84,468.0,387.4,0.21,231.0,74503.0
20090605:1800,15.13,74.25,368.0,24.04,346.0,386.2,0.34,260.0,74473.0
20090605:1900,15.22,70.6,430.0,57.44,383.0,377.6,0.69,220.0,74407.0
20090605:2000,15.04,71.05,185.0,10.48,178.0,385.2,0.55,220.0,74415.0
20090605:2100,14.55,73.95,176.0,16.88,168.0,380.8,0.48,222.0,74400.0
20090605:2200,14.02,77.55,61.0,0.0,61.0,377.0,0.34,253.0,74466.0
20090605:2300,13.56,80.75,0.0,0.0,0.0,380.4,0.34,219.0,74495.0
20090606:0000,13.19,83.8,0.0,-0.0,0.0,371.8,0.21,256.0,74583.0
20090606:0100,12.94,84.85,0.0,-0.0,0.0,379.05,0.41,80.0,74657.0
20090606:0200,12.8,85.65,0.0,-0.0,0.0,372.0,0.55,94.0,74715.0
20090606:0300,12.74,86.15,0.0,-0.0,0.0,376.0,0.69,97.0,74737.0
20090606:0400,12.59,86.85,0.0,-0.0,0.0,374.2,0.76,84.0,74715.0
20090606:0500,12.48,87.35,0.0,-0.0,0.0,375.2,0.55,88.0,74708.0
20090606:0600,12.16,88.6,0.0,-0.0,0.0,364.8,0.62,90.0,74657.0
20090606:0700,12.18,86.4,0.0,-0.0,0.0,378.2,0.48,108.0,74613.0
20090606:0800,12.14,86.2,0.0,-0.0,0.0,374.4,0.62,103.0,74591.0
20090606:0900,12.12,85.8,0.0,-0.0,0.0,374.6,0.48,120.0,74576.0
20090606:1000,12.04,85.9,0.0,-0.0,0.0,371.8,0.62,120.0,74569.0
20090606:1100,11.88,86.4,11.0,0.0,11.0,362.6,0.69,122.0,74620.0
20090606:1200,12.29,84.35,108.0,24.27,101.0,372.6,0.69,120.0,74649.0
20090606:1300,13.21,78.6,263.0,76.74,224.0,371.4,0.76,128.0,74671.0
20090606:1400,14.25,71.95,695.0,878.41,84.0,370.6,1.03,139.0,74686.0
20090606:1500,15.03,65.4,223.0,16.71,209.0,379.2,1.17,140.0,74649.0
20090606:1600,15.63,63.05,282.0,18.38,265.0,378.8,0.97,166.0,74598.0
20090606:1700,16.74,56.3,478.0,43.11,437.0,371.4,1.31,151.0,74525.0
20090606:1800,16.97,54.3,455.0,42.64,416.0,379.6,1.38,168.0,74415.0
20090606:1900,17.8,49.3,504.0,108.78,415.0,359.6,0.9,180.0,74371.0
20090606:2000,17.83,47.85,420.0,142.22,325.0,370.4,0.76,181.0,74290.0
20090606:2100,16.94,51.8,252.0,94.85,207.0,363.2,1.03,236.0,74312.0
20090606:2200,15.78,59.3,206.0,634.17,47.0,369.8,0.62,242.0,74312.0
20090606:2300,14.5,67.95,0.0,0.0,0.0,351.2,0.55,284.0,74356.0
20090607:0000,13.38,75.6,0.0,-0.0,0.0,345.8,0.14,285.0,74481.0
20090607:0100,12.78,78.55,0.0,-0.0,0.0,355.25,0.83,102.0,74605.0
20090607:0200,12.75,77.45,0.0,-0.0,0.0,366.4,0.9,117.0,74657.0
20090607:0300,12.78,76.8,0.0,-0.0,0.0,377.0,0.76,128.0,74708.0
20090607:0400,12.68,76.9,0.0,-0.0,0.0,378.8,0.69,113.0,74686.0
20090607:0500,12.55,77.85,0.0,-0.0,0.0,375.4,0.55,80.0,74679.0
20090607:0600,12.36,79.65,0.0,-0.0,0.0,376.4,0.14,94.0,74627.0
20090607:0700,12.15,78.05,0.0,-0.0,0.0,377.8,0.14,52.0,74583.0
20090607:0800,11.89,79.7,0.0,-0.0,0.0,361.6,0.14,65.0,74583.0
20090607:0900,11.79,81.0,0.0,-0.0,0.0,367.6,0.14,150.0,74598.0
20090607:1000,11.76,81.05,0.0,-0.0,0.0,368.2,0.48,131.0,74613.0
20090607:1100,11.67,81.35,24.0,178.37,15.0,364.0,0.48,118.0,74627.0
20090607:1200,12.03,79.55,125.0,55.62,109.0,373.0,0.55,113.0,74642.0
20090607:1300,12.85,74.85,121.0,3.94,119.0,365.8,0.62,141.0,74686.0
20090607:1400,14.5,66.0,411.0,102.2,340.0,351.8,0.62,172.0,74679.0
20090607:1500,15.27,62.45,686.0,340.56,401.0,375.4,0.48,193.0,74642.0
20090607:1600,15.57,64.15,575.0,98.47,484.0,372.6,0.76,235.0,74547.0
20090607:1700,16.05,61.65,282.0,18.94,264.0,363.6,0.83,219.0,74437.0
20090607:1800,16.24,61.2,671.0,199.03,489.0,362.6,0.9,239.0,74349.0
20090607:1900,17.09,53.5,37.0,0.0,37.0,366.8,0.9,262.0,74319.0
20090607:2000,15.74,62.2,227.0,14.97,217.0,364.4,1.03,265.0,74290.0
20090607:2100,14.72,67.7,317.0,233.74,206.0,363.4,1.03,230.0,74349.0
20090607:2200,13.93,72.3,151.0,230.72,93.0,368.0,0.62,232.0,74400.0
20090607:2300,13.4,75.35,0.0,0.0,0.0,360.8,0.34,236.0,74444.0
20090608:0000,13.13,77.5,0.0,-0.0,0.0,366.8,0.21,198.0,74539.0
20090608:0100,13.02,79.3,0.0,-0.0,0.0,371.85,0.14,169.0,74591.0
20090608:0200,12.82,81.05,0.0,-0.0,0.0,370.6,0.41,186.0,74635.0
20090608:0300,12.55,82.8,0.0,-0.0,0.0,371.6,0.41,177.0,74679.0
20090608:0400,12.34,83.85,0.0,-0.0,0.0,370.2,0.48,92.0,74657.0
20090608:0500,12.24,84.35,0.0,-0.0,0.0,363.4,0.55,96.0,74642.0
20090608:0600,12.11,85.6,0.0,-0.0,0.0,369.6,0.34,104.0,74583.0
20090608:0700,11.9,86.15,0.0,-0.0,0.0,372.4,0.62,123.0,74539.0
20090608:0800,11.8,85.8,0.0,-0.0,0.0,367.8,0.69,118.0,74532.0
20090608:0900,11.85,85.05,0.0,-0.0,0.0,371.8,0.83,101.0,74510.0
20090608:1000,11.94,84.25,0.0,-0.0,0.0,373.0,0.76,98.0,74561.0
20090608:1100,11.89,84.8,9.0,0.0,9.0,370.6,0.76,100.0,74598.0
20090608:1200,12.31,83.2,145.0,108.06,114.0,372.0,0.76,102.0,74613.0
20090608:1300,12.79,80.5,479.0,803.45,72.0,375.2,0.69,111.0,74642.0
20090608:1400,13.97,75.45,470.0,175.82,348.0,365.4,0.83,121.0,74605.0
20090608:1500,14.68,72.65,859.0,919.76,90.0,379.8,0.62,150.0,74561.0
20090608:1600,15.41,68.55,591.0,110.45,489.0,377.2,0.9,155.0,74547.0
20090608:1700,15.5,68.6,401.0,26.31,376.0,376.4,0.9,176.0,74481.0
20090608:1800,15.67,66.4,414.0,32.82,384.0,377.2,0.83,169.0,74356.0
20090608:1900,18.11,49.4,285.0,18.34,270.0,380.8,0.97,155.0,74246.0
20090608:2000,18.17,47.95,340.0,61.34,299.0,365.6,0.62,213.0,74180.0
20090608:2100,16.8,54.85,165.0,10.52,160.0,371.6,0.9,271.0,74224.0
20090608:2200,15.94,60.25,52.0,0.0,52.0,364.0,0.69,263.0,74305.0
20090608:2300,14.54,69.35,0.0,0.0,0.0,336.2,0.48,290.0,74334.0
20090609:0000,13.82,74.95,0.0,-0.0,0.0,349.6,0.41,343.0,74451.0
20090609:0100,12.96,84.4,0.0,-0.0,0.0,344.05,0.21,14.0,74532.0
20090609:0200,12.73,84.3,0.0,-0.0,0.0,355.6,0.28,83.0,74576.0
20090609:0300,12.41,82.65,0.0,-0.0,0.0,353.4,0.55,95.0,74649.0
20090609:0400,12.25,83.05,0.0,-0.0,0.0,357.6,0.83,92.0,74635.0
20090609:0500,12.19,82.5,0.0,-0.0,0.0,361.6,0.9,87.0,74635.0
20090609:0600,12.06,82.3,0.0,-0.0,0.0,364.6,0.62,101.0,74561.0
20090609:0700,11.82,81.4,0.0,-0.0,0.0,360.0,0.9,102.0,74547.0
20090609:0800,11.83,79.45,0.0,-0.0,0.0,367.0,0.83,115.0,74517.0
20090609:0900,11.73,78.15,0.0,-0.0,0.0,364.8,0.76,114.0,74532.0
20090609:1000,11.48,77.4,0.0,-0.0,0.0,361.6,0.76,110.0,74539.0
20090609:1100,10.98,78.65,13.0,20.33,12.0,351.4,0.97,110.0,74569.0
20090609:1200,11.32,77.05,141.0,97.86,113.0,342.8,1.17,99.0,74613.0
20090609:1300,12.96,69.45,355.0,257.05,225.0,362.0,1.1,110.0,74635.0
20090609:1400,14.57,62.35,694.0,883.04,82.0,361.4,1.17,122.0,74583.0
20090609:1500,16.28,54.75,860.0,922.99,89.0,364.2,1.1,135.0,74517.0
20090609:1600,17.73,48.65,963.0,942.74,93.0,354.8,1.38,136.0,74422.0
20090609:1700,19.21,42.9,631.0,126.36,511.0,367.8,1.52,143.0,74385.0
20090609:1800,20.21,39.95,282.0,18.6,265.0,368.4,0.83,170.0,74276.0
20090609:1900,19.26,45.1,415.0,50.12,374.0,366.8,0.83,185.0,74232.0
20090609:2000,18.71,48.05,157.0,5.98,153.0,366.8,0.76,249.0,74173.0
20090609:2100,17.82,51.85,120.0,0.0,120.0,349.0,0.48,247.0,74151.0
20090609:2200,17.17,53.7,86.0,0.0,86.0,359.8,0.41,273.0,74217.0
20090609:2300,15.89,61.2,0.0,0.0,0.0,346.6,0.55,270.0,74283.0
20090610:0000,14.36,71.6,0.0,-0.0,0.0,330.4,0.21,347.0,74385.0
20090610:0100,13.11,78.75,0.0,-0.0,0.0,339.65,0.55,63.0,74466.0
20090610:0200,12.75,79.5,0.0,-0.0,0.0,355.6,1.03,90.0,74547.0
20090610:0300,12.32,81.05,0.0,-0.0,0.0,348.4,1.31,97.0,74620.0
20090610:0400,12.18,80.8,0.0,-0.0,0.0,352.8,1.1,105.0,74649.0
20090610:0500,12.44,79.25,0.0,-0.0,0.0,373.4,0.9,108.0,74635.0
20090610:0600,12.42,79.05,0.0,-0.0,0.0,369.8,0.9,108.0,74583.0
20090610:0700,11.98,79.05,0.0,-0.0,0.0,365.2,0.76,98.0,74547.0
20090610:0800,11.54,80.3,0.0,-0.0,0.0,352.6,0.83,108.0,74525.0
20090610:0900,11.32,80.55,0.0,-0.0,0.0,353.4,0.69,105.0,74547.0
20090610:1000,11.07,81.05,0.0,-0.0,0.0,357.6,0.76,113.0,74576.0
20090610:1100,11.1,80.3,13.0,20.61,12.0,352.0,0.9,106.0,74605.0
20090610:1200,12.09,75.2,135.0,80.61,112.0,366.2,0.76,95.0,74649.0
20090610:1300,13.27,69.7,299.0,132.7,232.0,362.0,0.55,93.0,74679.0
20090610:1400,14.77,62.3,275.0,24.56,258.0,355.6,0.14,250.0,74649.0
20090610:1500,15.19,62.2,620.0,220.47,436.0,371.4,0.34,262.0,74649.0
20090610:1600,15.42,63.45,434.0,34.7,402.0,379.8,0.28,262.0,74598.0
20090610:1700,16.0,60.85,636.0,130.63,512.0,369.0,0.34,254.0,74613.0
20090610:1800,16.31,60.25,57.0,0.0,57.0,378.8,0.48,249.0,74517.0
20090610:1900,15.48,65.55,72.0,0.0,72.0,375.0,0.9,243.0,74451.0
20090610:2000,14.95,69.85,210.0,11.96,202.0,375.2,0.83,264.0,74437.0
20090610:2100,15.2,71.6,300.0,186.84,211.0,348.2,0.62,253.0,74415.0
20090610:2200,13.85,78.85,148.0,205.14,96.0,362.8,0.55,221.0,74451.0
20090610:2300,13.21,85.2,0.0,0.0,0.0,356.0,0.21,94.0,74451.0
20090611:0000,13.0,83.65,0.0,-0.0,0.0,348.2,0.69,115.0,74547.0
20090611:0100,12.57,86.35,0.0,-0.0,0.0,352.25,0.62,107.0,74613.0
20090611:0200,12.34,88.4,0.0,-0.0,0.0,359.2,0.69,97.0,74679.0
20090611:0300,12.07,89.6,0.0,-0.0,0.0,357.0,0.76,99.0,74744.0
20090611:0400,11.92,89.95,0.0,-0.0,0.0,363.8,0.69,107.0,74766.0
20090611:0500,11.63,90.8,0.0,-0.0,0.0,354.8,0.76,107.0,74774.0
20090611:0600,11.34,92.1,0.0,-0.0,0.0,354.4,0.9,98.0,74708.0
20090611:0700,11.08,95.05,0.0,-0.0,0.0,355.0,0.76,96.0,74657.0
20090611:0800,10.99,94.95,0.0,-0.0,0.0,356.0,0.9,94.0,74605.0
20090611:0900,11.17,94.3,0.0,-0.0,0.0,369.2,0.76,102.0,74583.0
20090611:1000,11.02,93.8,0.0,-0.0,0.0,354.0,0.9,100.0,74620.0
20090611:1100,10.94,93.9,10.0,0.0,10.0,355.0,0.97,96.0,74657.0
20090611:1200,11.68,91.1,137.0,87.86,112.0,355.6,1.03,99.0,74686.0
20090611:1300,13.28,81.65,147.0,7.94,143.0,363.6,0.97,114.0,74715.0
20090611:1400,14.87,71.15,512.0,251.65,338.0,374.4,0.83,134.0,74722.0
20090611:1500,16.07,62.85,438.0,55.16,392.0,364.4,0.76,154.0,74708.0
20090611:1600,17.53,54.15,575.0,99.82,483.0,361.2,1.1,152.0,74627.0
20090611:1700,18.04,51.5,989.0,945.37,92.0,375.4,0.76,188.0,74532.0
20090611:1800,18.01,51.2,158.0,9.85,149.0,369.8,0.62,207.0,74400.0
20090611:1900,18.05,48.65,725.0,431.45,372.0,362.6,0.97,200.0,74305.0
20090611:2000,17.61,51.5,360.0,76.21,309.0,372.2,1.1,272.0,74268.0
20090611:2100,16.26,60.35,311.0,213.89,209.0,366.2,1.03,300.0,74305.0
20090611:2200,15.13,66.55,113.0,55.07,99.0,365.8,0.62,274.0,74349.0
20090611:2300,14.26,73.4,0.0,0.0,0.0,348.0,0.41,280.0,74407.0
20090612:0000,13.62,75.1,0.0,-0.0,0.0,357.0,0.28,155.0,74561.0
20090612:0100,13.29,77.6,0.0,-0.0,0.0,366.85,0.41,128.0,74635.0
20090612:0200,13.13,78.25,0.0,-0.0,0.0,365.8,0.55,130.0,74686.0
20090612:0300,12.87,81.0,0.0,-0.0,0.0,376.4,0.83,130.0,74693.0
20090612:0400,12.59,81.05,0.0,-0.0,0.0,361.0,0.9,119.0,74715.0
20090612:0500,12.49,81.65,0.0,-0.0,0.0,374.8,0.83,107.0,74730.0
20090612:0600,12.29,83.7,0.0,-0.0,0.0,376.4,0.62,96.0,74686.0
20090612:0700,11.9,89.3,0.0,-0.0,0.0,374.4,0.48,107.0,74657.0
20090612:0800,11.74,91.35,0.0,-0.0,0.0,371.0,0.48,105.0,74657.0
20090612:0900,11.67,92.6,0.0,-0.0,0.0,372.6,0.48,120.0,74649.0
20090612:1000,11.64,92.95,0.0,-0.0,0.0,371.4,0.48,115.0,74605.0
20090612:1100,11.61,93.6,0.0,0.0,0.0,372.6,0.55,122.0,74671.0
20090612:1200,11.93,91.8,8.0,0.0,8.0,375.6,0.62,146.0,74693.0
20090612:1300,12.53,86.2,255.0,71.54,219.0,378.0,0.97,142.0,74752.0
20090612:1400,13.35,78.45,526.0,280.9,332.0,380.8,1.17,150.0,74774.0
20090612:1500,15.26,65.4,703.0,478.89,304.0,373.8,1.24,152.0,74744.0
20090612:1600,16.33,58.85,762.0,332.2,456.0,373.2,1.24,156.0,74627.0
20090612:1700,17.41,53.05,829.0,346.87,500.0,371.4,1.17,159.0,74532.0
20090612:1800,18.14,49.1,790.0,489.38,343.0,362.8,1.38,180.0,74400.0
20090612:1900,17.81,49.0,437.0,61.1,387.0,379.0,1.38,171.0,74334.0
20090612:2000,17.9,47.5,303.0,38.83,277.0,377.6,1.52,185.0,74283.0
20090612:2100,17.65,48.0,424.0,657.67,110.0,365.0,1.24,197.0,74290.0
20090612:2200,16.3,54.65,212.0,654.98,45.0,367.4,0.9,240.0,74239.0
20090612:2300,15.09,61.7,0.0,0.0,0.0,367.8,0.76,246.0,74385.0
20090613:0000,14.09,67.9,0.0,-0.0,0.0,341.2,0.34,245.0,74510.0
20090613:0100,13.52,72.35,0.0,-0.0,0.0,351.85,0.41,155.0,74591.0
20090613:0200,13.28,73.25,0.0,-0.0,0.0,363.4,0.62,135.0,74664.0
20090613:0300,12.96,74.7,0.0,-0.0,0.0,360.6,0.76,126.0,74693.0
20090613:0400,12.73,75.45,0.0,-0.0,0.0,363.2,0.83,125.0,74700.0
20090613:0500,12.71,75.0,0.0,-0.0,0.0,372.2,0.83,117.0,74671.0
20090613:0600,12.58,75.25,0.0,-0.0,0.0,371.4,0.48,128.0,74635.0
20090613:0700,12.21,80.65,0.0,-0.0,0.0,367.8,0.34,154.0,74613.0
20090613:0800,12.23,80.85,0.0,-0.0,0.0,377.6,0.34,124.0,74598.0
20090613:0900,12.2,80.9,0.0,-0.0,0.0,379.4,0.28,161.0,74613.0
20090613:1000,12.11,81.0,0.0,-0.0,0.0,375.0,0.41,147.0,74627.0
20090613:1100,12.04,80.9,0.0,0.0,0.0,373.4,0.55,141.0,74686.0
20090613:1200,12.19,79.7,25.0,0.0,25.0,374.0,0.62,149.0,74737.0
20090613:1300,12.8,75.3,59.0,0.0,59.0,375.4,0.83,157.0,74781.0
20090613:1400,13.18,71.25,315.0,37.69,289.0,372.8,0.76,144.0,74752.0
20090613:1500,13.97,67.25,584.0,175.37,438.0,381.0,0.62,157.0,74744.0
20090613:1600,15.19,59.55,515.0,64.09,456.0,372.6,0.83,152.0,74700.0
20090613:1700,15.44,57.3,431.0,31.64,401.0,379.2,0.55,218.0,74613.0
20090613:1800,16.14,55.0,560.0,95.26,473.0,377.4,0.97,208.0,74503.0
20090613:1900,17.29,49.75,635.0,274.92,410.0,367.6,0.97,215.0,74451.0
20090613:2000,16.62,54.05,323.0,49.26,290.0,356.6,1.31,250.0,74415.0
20090613:2100,15.34,61.3,259.0,102.5,210.0,358.8,1.24,254.0,74422.0
20090613:2200,14.24,68.3,197.0,523.99,63.0,349.8,1.24,244.0,74481.0
20090613:2300,12.99,76.4,0.0,0.0,0.0,355.4,0.9,248.0,74532.0
20090614:0000,12.53,79.35,0.0,-0.0,0.0,359.4,0.62,245.0,74642.0
20090614:0100,12.27,82.5,0.0,-0.0,0.0,363.85,0.34,230.0,74715.0
20090614:0200,11.98,84.65,0.0,-0.0,0.0,363.6,0.41,125.0,74788.0
20090614:0300,11.79,85.7,0.0,-0.0,0.0,362.6,0.62,119.0,74825.0
20090614:0400,11.71,86.0,0.0,-0.0,0.0,369.4,0.69,105.0,74825.0
20090614:0500,11.71,85.7,0.0,-0.0,0.0,369.8,0.48,106.0,74788.0
20090614:0600,11.61,85.85,0.0,-0.0,0.0,367.2,0.34,97.0,74708.0
20090614:0700,11.19,88.25,0.0,-0.0,0.0,363.2,0.14,92.0,74671.0
20090614:0800,10.94,89.6,0.0,-0.0,0.0,357.4,0.28,28.0,74679.0
20090614:0900,10.39,94.4,0.0,-0.0,0.0,358.4,0.28,89.0,74664.0
20090614:1000,10.0,96.8,0.0,-0.0,0.0,347.8,0.55,116.0,74708.0
20090614:1100,9.89,96.7,7.0,0.0,7.0,347.6,0.55,109.0,74752.0
20090614:1200,10.36,94.1,233.0,627.37,56.0,348.4,0.55,96.0,74766.0
20090614:1300,12.18,84.2,262.0,81.74,221.0,340.4,0.28,122.0,74788.0
20090614:1400,13.98,72.2,502.0,236.53,339.0,343.0,0.41,240.0,74774.0
20090614:1500,15.38,64.0,609.0,209.17,435.0,348.8,0.55,270.0,74752.0
20090614:1600,15.66,63.0,325.0,20.65,306.0,358.4,0.97,283.0,74686.0
20090614:1700,15.33,66.8,608.0,109.72,504.0,353.0,1.17,272.0,74657.0
20090614:1800,14.68,71.3,715.0,259.51,478.0,352.2,1.1,266.0,74576.0
20090614:1900,16.48,80.25,609.0,232.11,419.0,351.8,0.83,270.0,74503.0
20090614:2000,15.78,80.5,664.0,869.69,81.0,360.0,1.1,279.0,74466.0
20090614:2100,14.72,84.5,71.0,0.0,71.0,349.6,0.97,279.0,74459.0
20090614:2200,13.98,85.0,75.0,0.0,75.0,355.4,0.97,279.0,74539.0
20090614:2300,12.89,89.05,0.0,0.0,0.0,360.0,0.9,288.0,74583.0
20090615:0000,12.17,91.5,0.0,-0.0,0.0,351.6,0.76,306.0,74649.0
20090615:0100,12.0,92.4,0.0,-0.0,0.0,364.85,0.62,322.0,74715.0
20090615:0200,11.5,94.3,0.0,-0.0,0.0,343.4,0.55,333.0,74766.0
20090615:0300,11.27,97.8,0.0,-0.0,0.0,353.8,0.55,312.0,74818.0
20090615:0400,10.92,95.6,0.0,-0.0,0.0,359.0,0.41,298.0,74818.0
20090615:0500,10.79,95.75,0.0,-0.0,0.0,350.8,0.41,307.0,74803.0
20090615:0600,10.67,98.55,0.0,-0.0,0.0,351.8,0.28,292.0,74759.0
20090615:0700,10.35,98.25,0.0,-0.0,0.0,350.4,0.34,40.0,74730.0
20090615:0800,10.33,96.6,0.0,-0.0,0.0,353.2,0.34,90.0,74700.0
20090615:0900,10.21,96.4,0.0,-0.0,0.0,347.2,0.48,73.0,74700.0
20090615:1000,9.87,96.5,0.0,-0.0,0.0,336.6,0.69,68.0,74730.0
20090615:1100,9.44,97.15,13.0,0.0,13.0,328.2,0.76,75.0,74722.0
20090615:1200,10.78,93.1,158.0,167.07,111.0,343.2,0.48,64.0,74788.0
20090615:1300,12.42,80.8,283.0,119.81,223.0,352.6,0.48,70.0,74818.0
20090615:1400,14.24,70.5,530.0,294.9,327.0,334.8,0.21,356.0,74781.0
20090615:1500,15.65,63.45,565.0,155.19,436.0,350.8,0.41,308.0,74700.0
20090615:1600,15.55,64.9,956.0,938.37,93.0,377.4,0.83,285.0,74620.0
20090615:1700,15.83,70.35,760.0,272.26,502.0,382.6,1.38,280.0,74598.0
20090615:1800,16.33,78.9,453.0,42.71,414.0,368.0,1.38,281.0,74547.0
20090615:1900,15.55,81.05,666.0,335.86,391.0,365.0,1.03,284.0,74473.0
20090615:2000,15.28,85.05,421.0,158.02,315.0,367.2,0.76,287.0,74451.0
20090615:2100,14.75,85.5,427.0,661.44,110.0,366.2,0.83,291.0,74429.0
20090615:2200,14.25,86.0,70.0,0.0,70.0,354.0,0.9,288.0,74473.0
20090615:2300,12.78,89.7,0.0,0.0,0.0,352.0,0.76,295.0,74539.0
20090616:0000,11.98,92.7,0.0,-0.0,0.0,346.6,0.21,340.0,74605.0
20090616:0100,11.33,93.65,0.0,-0.0,0.0,355.45,0.28,34.0,74671.0
20090616:0200,10.99,97.75,0.0,-0.0,0.0,359.6,0.55,72.0,74752.0
20090616:0300,10.96,98.2,0.0,-0.0,0.0,365.8,0.9,87.0,74774.0
20090616:0400,10.87,95.6,0.0,-0.0,0.0,359.8,1.03,96.0,74774.0
20090616:0500,10.59,95.45,0.0,-0.0,0.0,348.2,1.1,97.0,74730.0
20090616:0600,10.24,96.35,0.0,-0.0,0.0,342.8,0.83,90.0,74642.0
20090616:0700,10.59,95.7,0.0,-0.0,0.0,356.4,0.83,86.0,74613.0
20090616:0800,10.95,95.3,0.0,-0.0,0.0,375.0,0.76,94.0,74598.0
20090616:0900,11.06,95.4,0.0,-0.0,0.0,371.2,0.55,104.0,74605.0
20090616:1000,10.99,96.05,0.0,-0.0,0.0,362.8,0.34,98.0,74547.0
20090616:1100,10.66,96.85,13.0,0.0,13.0,354.0,0.76,90.0,74627.0
20090616:1200,11.23,93.5,230.0,623.9,55.0,351.4,0.9,103.0,74708.0
20090616:1300,12.55,84.3,177.0,18.0,168.0,354.8,0.76,114.0,74788.0
20090616:1400,14.44,69.95,443.0,145.42,343.0,345.8,0.69,128.0,74722.0
20090616:1500,16.3,57.15,436.0,55.38,390.0,343.0,0.97,115.0,74708.0
20090616:1600,18.0,48.75,684.0,279.57,427.0,352.2,1.1,107.0,74635.0
20090616:1700,18.88,43.8,412.0,39.05,375.0,355.6,0.9,121.0,74554.0
20090616:1800,18.95,42.2,952.0,940.59,93.0,373.8,1.1,102.0,74437.0
20090616:1900,18.05,45.9,842.0,920.58,88.0,357.8,1.1,120.0,74334.0
20090616:2000,18.39,43.65,671.0,878.97,81.0,364.0,0.62,109.0,74276.0
20090616:2100,17.88,46.0,455.0,804.33,69.0,366.8,0.14,308.0,74246.0
20090616:2200,16.71,54.75,217.0,658.74,47.0,370.4,0.9,286.0,74246.0
20090616:2300,14.88,68.7,0.0,0.0,0.0,341.4,0.62,310.0,74341.0
20090617:0000,13.7,78.2,0.0,-0.0,0.0,336.8,0.14,341.0,74459.0
20090617:0100,12.72,86.85,0.0,-0.0,0.0,328.45,0.48,98.0,74561.0
20090617:0200,11.99,90.85,0.0,-0.0,0.0,334.2,0.55,92.0,74613.0
20090617:0300,12.2,86.7,0.0,-0.0,0.0,358.0,0.83,87.0,74671.0
20090617:0400,11.99,86.4,0.0,-0.0,0.0,355.4,0.9,93.0,74679.0
20090617:0500,11.86,85.4,0.0,-0.0,0.0,358.0,0.97,88.0,74686.0
20090617:0600,11.54,85.05,0.0,-0.0,0.0,354.2,0.9,94.0,74613.0
20090617:0700,11.46,79.9,0.0,-0.0,0.0,350.8,1.03,116.0,74554.0
20090617:0800,11.06,80.2,0.0,-0.0,0.0,346.6,1.03,94.0,74510.0
20090617:0900,10.63,81.85,0.0,-0.0,0.0,344.2,1.03,95.0,74547.0
20090617:1000,10.57,81.4,0.0,-0.0,0.0,342.8,1.03,97.0,74569.0
20090617:1100,10.54,81.55,7.0,0.0,7.0,343.0,0.97,97.0,74627.0
20090617:1200,11.25,79.0,113.0,39.33,102.0,338.8,0.9,105.0,74627.0
20090617:1300,13.47,68.6,381.0,354.56,204.0,345.4,0.76,137.0,74635.0
20090617:1400,14.89,60.05,684.0,874.88,83.0,340.6,0.69,169.0,74591.0
20090617:1500,16.12,53.75,851.0,917.97,89.0,356.0,1.03,144.0,74532.0
20090617:1600,17.2,49.75,716.0,250.3,486.0,350.8,0.69,166.0,74444.0
20090617:1700,18.11,47.8,229.0,16.89,213.0,379.8,0.48,168.0,74415.0
20090617:1800,17.87,49.15,193.0,13.14,181.0,363.6,0.55,259.0,74378.0
20090617:1900,17.76,49.75,170.0,10.98,161.0,375.6,0.55,152.0,74254.0
20090617:2000,18.46,46.65,390.0,102.72,321.0,360.6,0.48,271.0,74202.0
20090617:2100,17.41,52.75,295.0,168.55,214.0,374.6,0.97,288.0,74246.0
20090617:2200,15.84,60.85,216.0,652.84,47.0,352.8,0.69,295.0,74276.0
20090617:2300,14.67,69.25,0.0,0.0,0.0,343.6,0.28,296.0,74319.0
20090618:0000,14.0,74.4,0.0,-0.0,0.0,351.4,0.21,62.0,74385.0
20090618:0100,13.24,79.55,0.0,-0.0,0.0,346.45,0.41,122.0,74481.0
20090618:0200,12.75,81.2,0.0,-0.0,0.0,352.2,0.69,97.0,74547.0
20090618:0300,12.33,82.4,0.0,-0.0,0.0,350.2,0.83,104.0,74583.0
20090618:0400,12.09,82.2,0.0,-0.0,0.0,351.8,0.83,106.0,74598.0
20090618:0500,11.92,81.6,0.0,-0.0,0.0,355.6,0.9,117.0,74591.0
20090618:0600,12.02,79.4,0.0,-0.0,0.0,370.2,0.97,122.0,74547.0
20090618:0700,11.56,83.6,0.0,-0.0,0.0,365.0,0.97,116.0,74495.0
20090618:0800,11.61,84.25,0.0,-0.0,0.0,376.6,0.97,120.0,74459.0
20090618:0900,11.56,84.45,0.0,-0.0,0.0,367.6,0.97,107.0,74429.0
20090618:1000,11.58,84.65,0.0,-0.0,0.0,369.0,0.9,114.0,74451.0
20090618:1100,11.61,85.65,0.0,0.0,0.0,374.8,0.83,114.0,74510.0
20090618:1200,12.0,85.05,97.0,17.93,92.0,369.6,0.69,116.0,74525.0
20090618:1300,13.03,78.9,473.0,804.52,72.0,374.0,0.69,142.0,74591.0
20090618:1400,13.96,72.85,688.0,881.57,83.0,369.0,0.9,173.0,74561.0
20090618:1500,14.91,66.45,149.0,9.64,141.0,375.2,1.24,151.0,74525.0
20090618:1600,16.37,57.55,365.0,23.95,343.0,371.8,1.79,132.0,74459.0
20090618:1700,17.55,51.25,287.0,17.95,270.0,382.2,1.72,136.0,74385.0
20090618:1800,18.51,47.4,313.0,19.71,295.0,377.2,1.1,149.0,74261.0
20090618:1900,18.34,47.75,139.0,6.1,134.0,376.0,1.24,144.0,74195.0
20090618:2000,18.11,46.8,317.0,44.63,287.0,363.2,0.07,304.0,74166.0
20090618:2100,17.31,51.7,310.0,203.64,212.0,360.8,0.97,301.0,74166.0
20090618:2200,15.86,62.0,111.0,38.51,101.0,354.0,0.62,280.0,74173.0
20090618:2300,14.64,69.75,0.0,0.0,0.0,346.2,0.41,292.0,74305.0
20090619:0000,13.75,76.3,0.0,-0.0,0.0,338.4,0.14,75.0,74371.0
20090619:0100,13.2,79.35,0.0,-0.0,0.0,354.85,0.69,86.0,74451.0
20090619:0200,12.7,82.0,0.0,-0.0,0.0,353.0,0.76,100.0,74503.0
20090619:0300,12.28,82.85,0.0,-0.0,0.0,358.6,0.9,102.0,74561.0
20090619:0400,11.88,82.85,0.0,-0.0,0.0,355.0,1.1,111.0,74591.0
20090619:0500,11.55,82.95,0.0,-0.0,0.0,346.6,1.03,108.0,74598.0
20090619:0600,11.46,81.7,0.0,-0.0,0.0,351.4,1.1,103.0,74547.0
20090619:0700,11.25,84.65,0.0,-0.0,0.0,362.0,0.97,104.0,74525.0
20090619:0800,11.16,83.3,0.0,-0.0,0.0,365.6,1.17,111.0,74481.0
20090619:0900,10.97,82.35,0.0,-0.0,0.0,357.8,1.1,114.0,74481.0
20090619:1000,10.89,81.25,0.0,-0.0,0.0,362.6,1.24,110.0,74481.0
20090619:1100,10.82,80.85,11.0,0.0,11.0,365.0,1.24,102.0,74495.0
20090619:1200,11.24,79.25,167.0,219.41,106.0,356.0,1.17,103.0,74525.0
20090619:1300,12.65,71.7,469.0,797.72,72.0,356.6,1.17,110.0,74495.0
20090619:1400,14.53,62.9,318.0,40.84,290.0,351.6,0.69,131.0,74466.0
20090619:1500,16.34,54.05,176.0,13.27,165.0,342.2,0.69,146.0,74437.0
20090619:1600,16.78,53.8,423.0,32.67,393.0,366.8,0.28,230.0,74327.0
20090619:1700,17.45,50.35,434.0,31.68,404.0,375.8,0.34,145.0,74319.0
20090619:1800,18.28,47.2,288.0,18.61,271.0,369.8,0.14,309.0,74246.0
20090619:1900,18.97,46.05,840.0,917.1,88.0,356.8,0.28,273.0,74122.0
20090619:2000,19.15,45.1,110.0,0.0,110.0,356.8,0.76,309.0,74056.0
20090619:2100,17.96,50.0,159.0,6.22,156.0,360.6,1.17,318.0,74056.0
20090619:2200,16.2,62.35,174.0,334.0,87.0,341.2,1.24,299.0,74158.0
20090619:2300,14.81,71.0,0.0,0.0,0.0,345.2,0.76,294.0,74246.0
20090620:0000,13.81,79.2,0.0,-0.0,0.0,338.6,0.28,338.0,74363.0
20090620:0100,13.26,84.4,0.0,-0.0,0.0,345.05,0.34,32.0,74459.0
20090620:0200,11.97,86.2,0.0,-0.0,0.0,349.2,0.9,82.0,74503.0
20090620:0300,11.69,90.95,0.0,-0.0,0.0,360.6,0.9,87.0,74547.0
20090620:0400,11.63,91.8,0.0,-0.0,0.0,359.6,0.97,98.0,74561.0
20090620:0500,11.36,92.65,0.0,-0.0,0.0,352.0,0.9,91.0,74569.0
20090620:0600,11.47,93.05,0.0,-0.0,0.0,366.6,0.83,97.0,74532.0
20090620:0700,12.05,84.35,0.0,-0.0,0.0,367.6,0.69,107.0,74488.0
20090620:0800,12.06,83.45,0.0,-0.0,0.0,373.0,0.69,100.0,74488.0
20090620:0900,11.79,84.1,0.0,-0.0,0.0,356.8,0.62,110.0,74488.0
20090620:1000,11.52,85.05,0.0,-0.0,0.0,350.2,0.76,95.0,74510.0
20090620:1100,11.28,86.25,10.0,0.0,10.0,348.8,0.9,93.0,74517.0
20090620:1200,12.12,82.7,92.0,10.82,89.0,354.0,0.9,94.0,74554.0
20090620:1300,13.16,77.85,466.0,792.9,72.0,359.4,0.55,141.0,74598.0
20090620:1400,14.38,72.55,178.0,11.68,170.0,354.6,0.55,203.0,74554.0
20090620:1500,15.32,66.25,438.0,56.72,391.0,366.6,0.83,183.0,74554.0
20090620:1600,15.16,67.95,422.0,32.68,392.0,376.4,0.76,201.0,74473.0
20090620:1700,14.85,71.7,405.0,27.46,379.0,380.0,0.55,224.0,74466.0
20090620:1800,15.34,68.7,225.0,16.42,210.0,374.0,0.55,245.0,74363.0
20090620:1900,17.96,53.0,468.0,79.23,403.0,357.6,0.62,164.0,74202.0
20090620:2000,18.71,48.2,667.0,871.78,80.0,364.2,0.21,248.0,74078.0
20090620:2100,18.07,51.75,36.0,0.0,36.0,363.4,1.1,284.0,74100.0
20090620:2200,16.18,65.25,216.0,646.78,47.0,355.0,1.17,289.0,74114.0
20090620:2300,14.63,74.75,0.0,0.0,0.0,353.2,0.76,297.0,74232.0
20090621:0000,13.85,78.7,0.0,-0.0,0.0,354.8,0.41,303.0,74371.0
20090621:0100,12.03,88.5,0.0,-0.0,0.0,360.45,0.62,58.0,74466.0
20090621:0200,11.88,92.25,0.0,-0.0,0.0,362.8,0.62,94.0,74503.0
20090621:0300,12.14,92.6,0.0,-0.0,0.0,375.6,0.62,75.0,74532.0
20090621:0400,12.08,93.95,0.0,-0.0,0.0,370.4,0.55,89.0,74569.0
20090621:0500,12.03,93.1,0.0,-0.0,0.0,370.0,0.55,89.0,74569.0
20090621:0600,12.02,94.1,0.0,-0.0,0.0,374.8,0.62,89.0,74525.0
20090621:0700,11.89,88.55,0.0,-0.0,0.0,370.2,0.69,111.0,74481.0
20090621:0800,11.83,86.25,0.0,-0.0,0.0,363.6,0.69,103.0,74437.0
20090621:0900,11.64,85.25,0.0,-0.0,0.0,356.6,0.55,118.0,74437.0
20090621:1000,11.38,85.4,0.0,-0.0,0.0,356.4,0.69,113.0,74444.0
20090621:1100,11.1,86.2,9.0,0.0,9.0,345.6,0.76,92.0,74517.0
20090621:1200,11.47,85.85,180.0,293.07,99.0,346.4,0.62,103.0,74561.0
20090621:1300,13.31,73.15,395.0,427.27,183.0,345.2,0.69,127.0,74569.0
20090621:1400,14.79,65.65,460.0,173.88,341.0,343.6,0.41,182.0,74547.0
20090621:1500,16.33,58.35,249.0,16.91,235.0,354.0,0.62,183.0,74503.0
20090621:1600,16.89,55.5,84.0,0.0,84.0,365.0,0.62,184.0,74459.0
20090621:1700,16.6,56.85,699.0,196.42,513.0,363.2,0.34,265.0,74429.0
20090621:1800,16.94,55.9,482.0,70.03,418.0,366.6,0.28,85.0,74327.0
20090621:1900,17.65,54.6,404.0,45.08,367.0,363.2,0.62,238.0,74180.0
20090621:2000,16.88,58.0,105.0,0.0,105.0,366.0,0.76,262.0,74100.0
20090621:2100,15.52,67.05,258.0,95.16,212.0,360.2,0.97,317.0,74188.0
20090621:2200,14.64,75.05,108.0,30.52,100.0,368.4,0.69,296.0,74180.0
20090621:2300,13.79,80.4,0.0,0.0,0.0,367.0,0.69,299.0,74305.0
20090622:0000,12.81,87.55,0.0,-0.0,0.0,366.4,0.21,289.0,74407.0
20090622:0100,12.34,93.15,0.0,-0.0,0.0,351.25,0.21,346.0,74517.0
20090622:0200,11.84,98.15,0.0,-0.0,0.0,352.0,0.28,89.0,74591.0
20090622:0300,11.73,97.95,0.0,-0.0,0.0,356.8,0.55,81.0,74591.0
20090622:0400,11.46,98.6,0.0,-0.0,0.0,356.8,0.55,95.0,74613.0
20090622:0500,11.33,98.05,0.0,-0.0,0.0,361.6,0.9,98.0,74576.0
20090622:0600,11.19,95.75,0.0,-0.0,0.0,364.4,0.83,94.0,74525.0
20090622:0700,11.08,98.45,0.0,-0.0,0.0,361.0,0.9,92.0,74466.0
20090622:0800,11.02,98.45,0.0,-0.0,0.0,367.8,0.76,93.0,74437.0
20090622:0900,10.87,98.9,0.0,-0.0,0.0,363.4,0.62,98.0,74429.0
20090622:1000,10.75,99.35,0.0,-0.0,0.0,365.0,0.83,99.0,74481.0
20090622:1100,10.7,99.45,1.0,0.0,1.0,368.6,0.9,98.0,74503.0
20090622:1200,10.85,99.55,140.0,116.12,108.0,363.6,0.76,108.0,74591.0
20090622:1300,11.58,98.75,190.0,24.22,178.0,368.4,0.76,114.0,74649.0
20090622:1400,12.19,90.75,424.0,125.77,338.0,362.6,0.76,116.0,74708.0
20090622:1500,13.48,81.7,421.0,49.53,380.0,364.0,0.48,168.0,74730.0
20090622:1600,13.83,76.15,420.0,32.7,390.0,369.2,0.83,172.0,74693.0
20090622:1700,14.08,74.7,59.0,0.0,59.0,370.0,0.69,178.0,74635.0
20090622:1800,14.55,71.75,418.0,32.82,388.0,371.0,0.62,204.0,74554.0
20090622:1900,13.77,79.6,427.0,54.8,382.0,363.8,0.21,232.0,74451.0
20090622:2000,14.12,76.15,249.0,19.27,236.0,370.2,0.62,239.0,74385.0
20090622:2100,14.28,75.75,236.0,64.03,205.0,358.0,1.1,255.0,74327.0
20090622:2200,14.09,76.65,120.0,60.85,104.0,353.2,0.97,259.0,74319.0
20090622:2300,13.03,84.8,0.0,0.0,0.0,345.4,0.9,278.0,74422.0
20090623:0000,12.29,90.65,0.0,-0.0,0.0,340.8,0.34,288.0,74532.0
20090623:0100,11.95,93.35,0.0,-0.0,0.0,351.45,0.48,75.0,74620.0
20090623:0200,11.79,94.0,0.0,-0.0,0.0,366.2,0.62,72.0,74657.0
20090623:0300,11.13,97.0,0.0,-0.0,0.0,349.2,0.62,74.0,74679.0
20090623:0400,10.94,96.25,0.0,-0.0,0.0,355.0,0.62,86.0,74693.0
20090623:0500,10.67,99.15,0.0,-0.0,0.0,362.4,0.69,95.0,74686.0
20090623:0600,10.57,97.6,0.0,-0.0,0.0,363.2,0.48,100.0,74649.0
20090623:0700,10.29,98.3,0.0,-0.0,0.0,358.2,0.48,107.0,74613.0
20090623:0800,10.17,98.05,0.0,-0.0,0.0,360.6,0.69,103.0,74561.0
20090623:0900,10.32,96.15,0.0,-0.0,0.0,367.8,0.76,111.0,74569.0
20090623:1000,10.15,97.85,0.0,-0.0,0.0,362.6,0.83,97.0,74598.0
20090623:1100,10.28,97.55,2.0,0.0,2.0,368.8,0.83,98.0,74620.0
20090623:1200,10.58,96.25,147.0,141.94,108.0,370.2,1.03,100.0,74664.0
20090623:1300,11.61,91.9,372.0,339.57,204.0,369.2,0.76,114.0,74700.0
20090623:1400,13.03,81.2,392.0,92.21,329.0,369.8,0.48,147.0,74708.0
20090623:1500,13.78,79.45,244.0,16.92,230.0,367.6,0.55,250.0,74700.0
20090623:1600,13.67,78.05,334.0,20.71,315.0,376.8,0.83,265.0,74642.0
20090623:1700,14.09,80.05,456.0,36.96,421.0,367.6,0.97,272.0,74613.0
20090623:1800,14.12,85.95,175.0,12.03,164.0,376.8,0.76,259.0,74532.0
20090623:1900,13.86,87.7,293.0,19.47,277.0,382.6,0.62,286.0,74495.0
20090623:2000,14.49,89.85,226.0,14.81,216.0,363.8,0.83,302.0,74459.0
20090623:2100,14.08,91.1,343.0,288.74,203.0,360.2,0.83,298.0,74488.0
20090623:2200,13.37,91.85,217.0,629.39,51.0,365.2,0.55,212.0,74503.0
20090623:2300,12.08,94.55,0.0,0.0,0.0,359.0,0.07,256.0,74495.0
20090624:0000,11.18,95.75,0.0,-0.0,0.0,345.8,0.83,92.0,74583.0
20090624:0100,10.6,97.05,0.0,-0.0,0.0,344.45,0.9,95.0,74605.0
20090624:0200,10.11,98.4,0.0,-0.0,0.0,345.6,1.1,94.0,74657.0
20090624:0300,9.83,98.65,0.0,-0.0,0.0,350.6,1.1,94.0,74708.0
20090624:0400,9.69,98.15,0.0,-0.0,0.0,356.0,1.17,94.0,74686.0
20090624:0500,9.69,97.85,0.0,-0.0,0.0,356.6,1.17,95.0,74679.0
20090624:0600,9.61,97.7,0.0,-0.0,0.0,356.0,1.17,94.0,74605.0
20090624:0700,8.81,97.4,0.0,-0.0,0.0,340.2,1.31,94.0,74554.0
20090624:0800,8.67,97.3,0.0,-0.0,0.0,348.2,1.31,97.0,74547.0
20090624:0900,9.28,96.05,0.0,-0.0,0.0,361.6,1.24,98.0,74569.0
20090624:1000,9.56,95.55,0.0,-0.0,0.0,365.2,1.31,92.0,74576.0
20090624:1100,9.55,95.65,11.0,0.0,11.0,358.2,1.45,92.0,74576.0
20090624:1200,10.54,93.3,123.0,69.35,104.0,359.8,1.45,90.0,74627.0
20090624:1300,12.59,84.2,222.0,44.53,200.0,348.2,0.97,98.0,74693.0
20090624:1400,14.34,70.65,361.0,65.92,316.0,340.2,0.62,170.0,74657.0
20090624:1500,15.61,61.95,575.0,170.49,434.0,349.6,0.9,194.0,74642.0
20090624:1600,16.42,57.7,389.0,27.26,364.0,341.8,0.83,197.0,74576.0
20090624:1700,16.54,56.9,483.0,45.4,440.0,367.2,0.9,186.0,74525.0
20090624:1800,16.88,54.35,189.0,13.12,177.0,371.6,0.55,167.0,74444.0
20090624:1900,16.63,54.2,232.0,15.81,219.0,372.0,0.62,168.0,74378.0
20090624:2000,16.88,52.4,290.0,31.07,269.0,365.4,0.34,216.0,74312.0
20090624:2100,16.63,52.95,459.0,803.09,69.0,353.0,0.55,253.0,74268.0
20090624:2200,15.52,61.55,222.0,657.68,48.0,352.4,0.62,268.0,74319.0
20090624:2300,14.28,72.2,0.0,0.0,0.0,331.4,0.55,281.0,74378.0
20090625:0000,13.1,80.85,0.0,-0.0,0.0,328.4,0.0,88.0,74488.0
20090625:0100,12.27,85.15,0.0,-0.0,0.0,329.45,0.9,101.0,74591.0
20090625:0200,11.78,86.85,0.0,-0.0,0.0,344.2,1.03,99.0,74649.0
20090625:0300,11.44,85.55,0.0,-0.0,0.0,346.6,1.17,102.0,74708.0
20090625:0400,10.87,86.7,0.0,-0.0,0.0,332.4,1.1,101.0,74752.0
20090625:0500,10.75,86.1,0.0,-0.0,0.0,344.6,1.03,103.0,74744.0
20090625:0600,10.76,84.45,0.0,-0.0,0.0,350.2,0.97,109.0,74737.0
20090625:0700,10.57,83.5,0.0,-0.0,0.0,367.0,1.03,103.0,74664.0
20090625:0800,10.59,80.6,0.0,-0.0,0.0,363.8,1.24,99.0,74649.0
20090625:0900,10.61,78.85,0.0,-0.0,0.0,367.4,1.17,98.0,74664.0
20090625:1000,10.61,78.1,0.0,-0.0,0.0,364.0,1.1,95.0,74679.0
20090625:1100,10.7,77.75,9.0,0.0,9.0,367.2,1.03,96.0,74686.0
20090625:1200,11.06,77.2,43.0,0.0,43.0,356.4,0.83,97.0,74744.0
20090625:1300,12.09,71.85,273.0,105.4,221.0,358.2,0.83,128.0,74788.0
20090625:1400,13.82,63.55,426.0,130.46,337.0,353.8,0.76,148.0,74774.0
20090625:1500,15.15,58.35,546.0,139.11,431.0,355.4,0.69,147.0,74744.0
20090625:1600,16.77,49.7,716.0,252.97,484.0,367.4,1.31,137.0,74700.0
20090625:1700,17.0,47.2,758.0,270.26,502.0,375.0,0.76,138.0,74679.0
20090625:1800,16.51,51.95,646.0,170.49,490.0,373.4,0.69,298.0,74561.0
20090625:1900,15.86,57.4,275.0,18.23,260.0,370.0,0.83,129.0,74488.0
20090625:2000,16.32,54.05,391.0,100.52,323.0,351.6,1.24,112.0,74385.0
20090625:2100,16.51,51.65,121.0,0.0,121.0,363.2,0.21,124.0,74356.0
20090625:2200,15.46,59.25,119.0,56.52,104.0,355.4,0.69,275.0,74385.0
20090625:2300,14.15,70.4,0.0,0.0,0.0,355.4,0.41,286.0,74466.0
20090626:0000,12.98,79.7,0.0,-0.0,0.0,339.4,0.21,1.0,74576.0
20090626:0100,12.67,82.7,0.0,-0.0,0.0,356.25,0.14,75.0,74605.0
20090626:0200,12.13,85.55,0.0,-0.0,0.0,346.2,0.62,116.0,74657.0
20090626:0300,11.57,87.0,0.0,-0.0,0.0,347.6,0.9,105.0,74693.0
20090626:0400,11.34,86.75,0.0,-0.0,0.0,354.6,0.97,98.0,74708.0
20090626:0500,11.06,86.6,0.0,-0.0,0.0,347.4,0.97,105.0,74693.0
20090626:0600,10.69,87.05,0.0,-0.0,0.0,339.2,0.9,110.0,74649.0
20090626:0700,10.13,84.15,0.0,-0.0,0.0,345.8,1.17,110.0,74605.0
20090626:0800,9.96,83.5,0.0,-0.0,0.0,352.4,1.17,102.0,74605.0
20090626:0900,9.81,82.7,0.0,-0.0,0.0,355.8,1.17,100.0,74620.0
20090626:1000,9.6,82.55,0.0,-0.0,0.0,337.8,1.24,99.0,74613.0
20090626:1100,9.47,82.3,11.0,0.0,11.0,336.2,1.31,99.0,74642.0
20090626:1200,10.45,78.35,223.0,616.77,55.0,343.0,1.24,100.0,74693.0
20090626:1300,12.45,68.95,184.0,20.3,174.0,350.0,1.24,112.0,74708.0
20090626:1400,14.6,58.2,239.0,19.07,226.0,339.6,1.31,131.0,74671.0
20090626:1500,16.49,50.25,847.0,917.19,89.0,356.0,2.21,134.0,74642.0
20090626:1600,17.78,45.3,954.0,938.86,93.0,354.0,2.14,141.0,74583.0
20090626:1700,18.21,44.3,766.0,293.43,488.0,345.6,2.0,147.0,74473.0
20090626:1800,18.37,43.3,319.0,19.66,301.0,365.0,1.72,165.0,74393.0
20090626:1900,18.59,42.55,843.0,917.12,88.0,357.0,2.0,147.0,74268.0
20090626:2000,18.46,42.35,673.0,874.22,81.0,359.0,0.97,188.0,74195.0
20090626:2100,17.73,45.4,458.0,798.48,69.0,356.8,0.76,242.0,74261.0
20090626:2200,16.24,55.25,222.0,653.66,48.0,347.0,0.48,280.0,74276.0
20090626:2300,14.91,65.75,0.0,0.0,0.0,354.4,0.14,8.0,74378.0
20090627:0000,14.12,68.85,0.0,-0.0,0.0,360.0,0.55,88.0,74481.0
20090627:0100,12.98,74.85,0.0,-0.0,0.0,335.05,0.83,100.0,74561.0
20090627:0200,12.44,78.35,0.0,-0.0,0.0,349.0,0.9,94.0,74635.0
20090627:0300,12.13,79.4,0.0,-0.0,0.0,353.0,1.03,103.0,74700.0
20090627:0400,11.89,79.4,0.0,-0.0,0.0,353.4,1.1,107.0,74730.0
20090627:0500,11.78,78.45,0.0,-0.0,0.0,359.2,1.03,104.0,74737.0
20090627:0600,11.59,77.9,0.0,-0.0,0.0,359.8,0.97,112.0,74700.0
20090627:0700,11.48,74.95,0.0,-0.0,0.0,366.0,0.97,116.0,74671.0
20090627:0800,11.47,75.3,0.0,-0.0,0.0,367.8,1.03,116.0,74664.0
20090627:0900,11.44,75.65,0.0,-0.0,0.0,366.0,1.1,116.0,74679.0
20090627:1000,11.56,74.8,0.0,-0.0,0.0,376.0,1.1,110.0,74686.0
20090627:1100,11.4,76.2,0.0,0.0,0.0,365.6,1.03,112.0,74730.0
20090627:1200,11.72,76.25,92.0,11.04,89.0,369.2,0.97,112.0,74766.0
20090627:1300,12.64,71.05,145.0,8.13,141.0,367.6,1.45,124.0,74759.0
20090627:1400,14.15,63.6,294.0,30.83,273.0,357.6,1.93,129.0,74737.0
20090627:1500,15.42,56.1,615.0,284.43,380.0,368.4,2.48,129.0,74664.0
20090627:1600,16.4,50.55,681.0,207.19,491.0,378.8,2.69,138.0,74598.0
20090627:1700,17.42,46.0,991.0,945.53,95.0,379.6,2.48,145.0,74503.0
20090627:1800,18.25,43.0,738.0,293.73,469.0,357.8,2.21,152.0,74451.0
20090627:1900,17.88,45.15,845.0,917.69,89.0,355.8,1.72,172.0,74415.0
20090627:2000,17.78,44.4,548.0,365.85,300.0,369.2,1.03,203.0,74378.0
20090627:2100,17.0,49.05,273.0,118.86,215.0,362.0,0.55,241.0,74378.0
20090627:2200,16.06,55.4,192.0,419.47,80.0,343.4,0.41,264.0,74327.0
20090627:2300,14.67,65.25,0.0,0.0,0.0,333.2,0.07,243.0,74363.0
20090628:0000,13.34,83.45,0.0,-0.0,0.0,321.0,0.21,115.0,74459.0
20090628:0100,12.64,76.65,0.0,-0.0,0.0,348.25,0.83,112.0,74554.0
20090628:0200,11.99,76.7,0.0,-0.0,0.0,346.2,1.24,107.0,74686.0
20090628:0300,11.94,74.8,0.0,-0.0,0.0,358.4,1.17,107.0,74744.0
20090628:0400,11.72,73.9,0.0,-0.0,0.0,355.2,1.24,103.0,74744.0
20090628:0500,11.63,71.85,0.0,-0.0,0.0,360.4,1.31,98.0,74744.0
20090628:0600,11.35,71.75,0.0,-0.0,0.0,354.0,0.97,104.0,74722.0
20090628:0700,11.32,72.6,0.0,-0.0,0.0,369.6,1.17,110.0,74671.0
20090628:0800,11.16,72.55,0.0,-0.0,0.0,361.6,1.1,109.0,74620.0
20090628:0900,11.39,70.6,0.0,-0.0,0.0,374.4,1.03,109.0,74627.0
20090628:1000,11.32,71.3,0.0,-0.0,0.0,367.8,0.97,106.0,74635.0
20090628:1100,11.4,72.05,1.0,0.0,1.0,374.2,0.76,111.0,74664.0
20090628:1200,11.59,73.0,95.0,18.46,90.0,366.0,0.62,117.0,74686.0
20090628:1300,12.2,70.05,246.0,69.18,212.0,373.8,0.9,131.0,74759.0
20090628:1400,12.84,67.45,339.0,52.88,303.0,369.4,0.9,136.0,74722.0
20090628:1500,13.92,62.55,650.0,282.08,417.0,371.8,0.97,127.0,74700.0
20090628:1600,15.64,53.9,954.0,938.86,93.0,367.4,1.59,125.0,74620.0
20090628:1700,17.33,46.95,732.0,237.38,507.0,374.4,1.72,136.0,74539.0
20090628:1800,18.5,42.85,603.0,127.69,486.0,364.4,1.03,176.0,74415.0
20090628:1900,17.84,45.35,405.0,44.88,368.0,371.0,1.1,139.0,74341.0
20090628:2000,18.57,41.2,263.0,22.1,248.0,362.8,0.55,210.0,74276.0
20090628:2100,17.21,48.7,200.0,26.6,187.0,353.2,1.24,265.0,74276.0
20090628:2200,15.55,59.2,68.0,0.0,68.0,340.2,0.9,267.0,74356.0
20090628:2300,14.22,67.25,0.0,0.0,0.0,339.0,0.62,280.0,74407.0
20090629:0000,13.25,74.3,0.0,-0.0,0.0,334.8,0.07,304.0,74510.0
20090629:0100,12.57,79.9,0.0,-0.0,0.0,339.45,0.48,127.0,74569.0
20090629:0200,12.37,79.65,0.0,-0.0,0.0,355.2,0.83,122.0,74664.0
20090629:0300,11.95,80.45,0.0,-0.0,0.0,347.8,0.9,115.0,74708.0
20090629:0400,11.61,80.1,0.0,-0.0,0.0,348.2,0.83,119.0,74693.0
20090629:0500,11.32,79.9,0.0,-0.0,0.0,351.4,0.9,106.0,74700.0
20090629:0600,11.15,79.5,0.0,-0.0,0.0,352.6,0.9,102.0,74642.0
20090629:0700,11.65,76.75,0.0,-0.0,0.0,375.6,0.55,96.0,74605.0
20090629:0800,11.48,77.7,0.0,-0.0,0.0,366.6,0.34,90.0,74561.0
20090629:0900,11.38,78.4,0.0,-0.0,0.0,365.8,0.14,59.0,74576.0
20090629:1000,11.21,79.55,0.0,-0.0,0.0,360.0,0.21,100.0,74598.0
20090629:1100,11.28,79.4,1.0,0.0,1.0,368.4,0.48,79.0,74613.0
20090629:1200,11.57,78.55,125.0,77.75,104.0,369.4,0.62,89.0,74649.0
20090629:1300,12.32,76.05,460.0,790.38,72.0,359.2,0.21,121.0,74657.0
20090629:1400,13.15,73.45,676.0,872.95,82.0,368.0,0.34,207.0,74627.0
20090629:1500,14.33,69.15,137.0,8.48,130.0,373.2,0.41,211.0,74583.0
20090629:1600,15.03,65.6,188.0,14.17,175.0,376.4,0.41,221.0,74488.0
20090629:1700,15.69,63.1,647.0,142.39,512.0,361.2,0.55,226.0,74459.0
20090629:1800,15.98,62.25,352.0,22.91,331.0,360.4,0.62,236.0,74363.0
20090629:1900,16.14,58.95,479.0,84.84,409.0,366.2,0.69,259.0,74305.0
20090629:2000,15.59,63.3,424.0,136.9,331.0,376.4,0.9,266.0,74254.0
20090629:2100,15.26,66.05,209.0,34.73,192.0,363.2,0.9,264.0,74254.0
20090629:2200,14.47,71.2,12.0,0.0,12.0,356.0,0.9,272.0,74268.0
20090629:2300,13.45,78.25,0.0,0.0,0.0,339.0,0.55,278.0,74334.0
20090630:0000,12.86,83.2,0.0,-0.0,0.0,348.2,0.21,337.0,74437.0
20090630:0100,12.58,86.65,0.0,-0.0,0.0,348.65,0.34,53.0,74532.0
20090630:0200,11.82,91.2,0.0,-0.0,0.0,337.4,0.62,74.0,74561.0
20090630:0300,11.58,91.65,0.0,-0.0,0.0,348.8,0.76,80.0,74569.0
20090630:0400,11.15,90.95,0.0,-0.0,0.0,346.4,0.97,91.0,74591.0
20090630:0500,11.13,89.85,0.0,-0.0,0.0,350.6,1.03,98.0,74576.0
20090630:0600,11.24,88.6,0.0,-0.0,0.0,364.4,1.1,91.0,74532.0
20090630:0700,11.55,88.3,0.0,-0.0,0.0,373.2,0.41,111.0,74517.0
20090630:0800,11.5,88.0,0.0,-0.0,0.0,370.8,0.55,94.0,74495.0
20090630:0900,11.42,87.65,0.0,-0.0,0.0,366.4,0.76,95.0,74488.0
20090630:1000,11.21,87.45,0.0,-0.0,0.0,361.2,0.69,110.0,74481.0
20090630:1100,11.03,87.45,1.0,0.0,1.0,361.6,0.76,103.0,74473.0
20090630:1200,11.08,87.15,76.0,0.0,76.0,351.6,0.83,108.0,74547.0
20090630:1300,12.32,78.55,158.0,10.2,153.0,358.2,0.97,124.0,74635.0
20090630:1400,13.32,72.25,145.0,8.82,139.0,353.2,0.9,142.0,74657.0
20090630:1500,14.24,68.05,636.0,259.18,422.0,357.2,0.76,155.0,74679.0
20090630:1600,16.67,54.5,768.0,344.52,452.0,371.03,0.89,148.0,74613.0
20090630:1700,16.23,57.39,226.0,16.87,210.0,369.25,0.88,147.0,74525.0
20090630:1800,15.8,60.27,606.0,173.35,447.0,367.48,0.87,130.0,74444.0
20090630:1900,15.36,63.16,570.0,211.94,395.0,365.7,0.86,166.0,74341.0
20090630:2000,14.92,66.04,456.0,180.86,333.0,363.93,0.85,182.0,74254.0
20090630:2100,14.48,68.93,98.0,0.0,98.0,362.15,0.84,243.0,74210.0
20090630:2200,14.04,71.81,225.0,653.35,49.0,360.38,0.83,273.0,74173.0
20090630:2300,13.6,74.7,0.0,0.0,0.0,358.6,0.82,275.0,74261.0
20130701:0000,13.16,77.58,0.0,-0.0,0.0,356.83,0.81,57.0,74547.0
20130701:0100,12.72,80.47,0.0,-0.0,0.0,355.05,0.79,54.0,74620.0
20130701:0200,12.28,83.35,0.0,-0.0,0.0,353.28,0.78,75.0,74686.0
20130701:0300,11.84,86.24,0.0,-0.0,0.0,351.5,0.77,63.0,74708.0
20130701:0400,11.4,89.12,0.0,-0.0,0.0,349.73,0.76,82.0,74686.0
20130701:0500,10.97,92.01,0.0,-0.0,0.0,347.95,0.75,87.0,74657.0
20130701:0600,10.53,94.89,0.0,-0.0,0.0,346.18,0.74,83.0,74635.0
20130701:0700,10.09,97.78,0.0,-0.0,0.0,344.4,0.73,90.0,74561.0
20130701:0800,11.07,88.3,0.0,-0.0,0.0,351.6,0.69,96.0,74554.0
20130701:0900,10.93,87.65,0.0,-0.0,0.0,348.4,0.76,92.0,74576.0
20130701:1000,10.82,87.4,0.0,-0.0,0.0,350.8,0.76,91.0,74583.0
20130701:1100,10.86,87.4,5.0,0.0,5.0,361.4,0.76,92.0,74605.0
20130701:1200,11.15,87.35,53.0,0.0,53.0,353.4,0.76,100.0,74635.0
20130701:1300,12.24,80.9,240.0,63.29,209.0,352.6,0.69,106.0,74715.0
20130701:1400,13.48,74.1,211.0,14.71,201.0,355.8,0.41,143.0,74730.0
20130701:1500,14.66,64.15,601.0,207.12,430.0,356.6,0.69,147.0,74686.0
20130701:1600,15.72,58.35,459.0,42.51,420.0,360.4,0.69,160.0,74635.0
20130701:1700,15.99,59.2,244.0,17.92,227.0,379.8,0.21,173.0,74613.0
20130701:1800,16.44,57.3,409.0,30.51,381.0,368.6,0.34,42.0,74547.0
20130701:1900,14.92,61.1,330.0,24.2,310.0,380.0,0.48,82.0,74488.0
20130701:2000,14.57,61.05,314.0,41.12,286.0,370.2,0.55,71.0,74437.0
20130701:2100,14.37,62.25,300.0,162.88,220.0,364.2,0.55,35.0,74400.0
20130701:2200,13.86,66.1,111.0,29.61,103.0,355.6,0.62,350.0,74429.0
20130701:2300,12.89,73.7,0.0,0.0,0.0,361.0,0.48,356.0,74481.0
20130702:0000,12.06,80.5,0.0,-0.0,0.0,356.0,0.41,49.0,74554.0
20130702:0100,10.94,92.55,0.0,-0.0,0.0,354.45,0.83,100.0,74635.0
20130702:0200,10.73,95.25,0.0,-0.0,0.0,361.6,0.9,90.0,74671.0
20130702:0300,10.25,96.95,0.0,-0.0,0.0,358.2,1.03,98.0,74708.0
20130702:0400,10.06,97.6,0.0,-0.0,0.0,360.8,1.03,99.0,74700.0
20130702:0500,9.79,97.45,0.0,-0.0,0.0,357.8,1.1,105.0,74686.0
20130702:0600,9.57,97.3,0.0,-0.0,0.0,354.8,1.03,103.0,74671.0
20130702:0700,10.02,82.95,0.0,-0.0,0.0,351.2,1.1,94.0,74649.0
20130702:0800,10.07,81.2,0.0,-0.0,0.0,357.6,1.1,96.0,74635.0
20130702:0900,10.23,79.5,0.0,-0.0,0.0,365.4,0.97,101.0,74642.0
20130702:1000,10.29,78.85,0.0,-0.0,0.0,359.0,0.97,99.0,74686.0
20130702:1100,10.34,78.9,9.0,0.0,9.0,357.0,1.03,92.0,74700.0
20130702:1200,10.73,79.35,80.0,3.73,79.0,348.0,0.9,98.0,74715.0
20130702:1300,11.8,76.35,104.0,0.0,104.0,353.0,0.9,109.0,74759.0
20130702:1400,13.8,65.3,358.0,66.23,313.0,349.0,0.83,126.0,74796.0
20130702:1500,15.73,54.85,257.0,16.96,243.0,353.4,1.31,130.0,74752.0
20130702:1600,17.02,47.45,157.0,10.9,147.0,356.2,1.38,130.0,74679.0
20130702:1700,17.56,44.35,1003.0,967.16,85.0,369.0,0.76,144.0,74635.0
20130702:1800,18.37,41.25,967.0,961.54,84.0,377.6,0.34,129.0,74488.0
20130702:1900,17.05,47.4,859.0,941.88,80.0,370.2,0.69,129.0,74400.0
20130702:2000,17.57,44.75,689.0,903.69,73.0,361.4,0.14,293.0,74356.0
20130702:2100,16.78,49.1,472.0,833.41,62.0,355.0,0.9,302.0,74276.0
20130702:2200,15.66,57.55,233.0,705.01,42.0,346.8,1.03,302.0,74297.0
20130702:2300,14.29,66.95,0.0,0.0,0.0,337.6,0.69,307.0,74400.0
20130703:0000,13.39,74.3,0.0,-0.0,0.0,348.0,0.28,320.0,74532.0
20130703:0100,12.67,84.1,0.0,-0.0,0.0,338.85,0.28,58.0,74598.0
20130703:0200,12.35,81.6,0.0,-0.0,0.0,350.2,0.48,85.0,74693.0
20130703:0300,11.82,84.0,0.0,-0.0,0.0,342.8,0.62,90.0,74759.0
20130703:0400,11.65,83.95,0.0,-0.0,0.0,350.2,0.83,95.0,74759.0
20130703:0500,11.58,82.45,0.0,-0.0,0.0,357.8,0.83,102.0,74744.0
20130703:0600,11.46,81.15,0.0,-0.0,0.0,358.2,0.9,107.0,74700.0
20130703:0700,10.93,83.15,0.0,-0.0,0.0,357.6,1.03,104.0,74664.0
20130703:0800,10.62,83.1,0.0,-0.0,0.0,339.6,1.03,100.0,74620.0
20130703:0900,10.49,82.3,0.0,-0.0,0.0,350.6,1.03,102.0,74620.0
20130703:1000,10.16,82.8,0.0,-0.0,0.0,353.0,1.1,99.0,74627.0
20130703:1100,9.87,83.15,9.0,0.0,9.0,349.2,1.17,101.0,74693.0
20130703:1200,10.46,78.35,222.0,643.53,50.0,342.4,1.17,102.0,74722.0
20130703:1300,12.4,67.85,465.0,818.31,65.0,323.2,0.97,113.0,74722.0
20130703:1400,14.6,55.75,684.0,896.62,75.0,331.4,0.34,140.0,74700.0
20130703:1500,16.29,49.4,856.0,938.8,81.0,320.2,0.21,258.0,74649.0
20130703:1600,17.44,43.0,965.0,959.97,84.0,339.0,0.34,105.0,74532.0
20130703:1700,18.36,38.55,1002.0,965.68,85.0,355.0,0.41,312.0,74459.0
20130703:1800,17.87,45.2,965.0,958.74,84.0,351.8,1.52,303.0,74437.0
20130703:1900,17.45,46.75,857.0,938.64,80.0,355.8,0.83,310.0,74385.0
20130703:2000,17.45,47.05,139.0,4.4,136.0,352.0,0.76,319.0,74341.0
20130703:2100,16.83,50.9,472.0,832.06,62.0,345.8,0.97,311.0,74305.0
20130703:2200,15.58,62.0,103.0,11.04,100.0,344.6,1.1,289.0,74378.0
20130703:2300,14.36,72.7,0.0,0.0,0.0,343.8,0.76,278.0,74437.0
20130704:0000,13.21,80.3,0.0,-0.0,0.0,333.0,0.62,291.0,74525.0
20130704:0100,12.06,78.7,0.0,-0.0,0.0,334.05,0.41,359.0,74613.0
20130704:0200,11.88,81.25,0.0,-0.0,0.0,348.2,0.55,53.0,74664.0
20130704:0300,11.79,83.0,0.0,-0.0,0.0,358.4,0.62,67.0,74730.0
20130704:0400,11.45,85.0,0.0,-0.0,0.0,346.8,0.76,73.0,74744.0
20130704:0500,11.09,86.55,0.0,-0.0,0.0,346.6,0.69,87.0,74744.0
20130704:0600,10.69,87.75,0.0,-0.0,0.0,343.8,0.76,92.0,74722.0
20130704:0700,9.77,93.0,0.0,-0.0,0.0,347.2,0.97,94.0,74686.0
20130704:0800,9.15,92.45,0.0,-0.0,0.0,330.4,1.17,93.0,74671.0
20130704:0900,8.74,91.4,0.0,-0.0,0.0,326.0,1.24,91.0,74649.0
20130704:1000,8.68,89.75,0.0,-0.0,0.0,332.4,1.31,91.0,74627.0
20130704:1100,8.83,88.3,9.0,0.0,9.0,337.4,1.24,89.0,74642.0
20130704:1200,10.02,85.75,223.0,645.13,51.0,339.2,1.03,89.0,74679.0
20130704:1300,11.77,73.85,468.0,823.17,66.0,336.6,0.83,100.0,74737.0
20130704:1400,14.05,58.35,690.0,905.75,75.0,320.2,0.48,123.0,74693.0
20130704:1500,15.95,49.5,864.0,948.48,81.0,329.6,0.14,148.0,74657.0
20130704:1600,17.51,44.0,335.0,21.79,315.0,317.0,0.14,178.0,74591.0
20130704:1700,18.9,36.65,570.0,83.15,491.0,335.2,0.28,328.0,74459.0
20130704:1800,19.11,35.5,975.0,968.97,84.0,337.8,1.03,318.0,74363.0
20130704:1900,19.16,35.45,93.0,0.0,93.0,354.0,1.31,302.0,74276.0
20130704:2000,17.73,46.6,694.0,908.91,73.0,343.4,1.38,302.0,74246.0
20130704:2100,16.72,52.5,404.0,472.09,171.0,340.0,1.24,288.0,74261.0
20130704:2200,15.73,59.45,235.0,704.84,43.0,337.2,1.17,276.0,74283.0
20130704:2300,14.23,71.65,0.0,0.0,0.0,331.0,1.03,273.0,74385.0
20130705:0000,12.96,77.5,0.0,-0.0,0.0,332.6,0.62,279.0,74532.0
20130705:0100,11.7,84.0,0.0,-0.0,0.0,333.05,0.21,349.0,74664.0
20130705:0200,11.29,91.05,0.0,-0.0,0.0,353.6,0.69,74.0,74730.0
20130705:0300,11.21,93.0,0.0,-0.0,0.0,356.6,0.9,92.0,74766.0
20130705:0400,10.93,94.0,0.0,-0.0,0.0,352.6,0.97,101.0,74774.0
20130705:0500,10.71,94.55,0.0,-0.0,0.0,352.0,0.9,98.0,74774.0
20130705:0600,10.74,92.75,0.0,-0.0,0.0,363.0,0.9,102.0,74715.0
20130705:0700,10.16,94.8,0.0,-0.0,0.0,336.2,0.69,89.0,74657.0
20130705:0800,9.82,94.1,0.0,-0.0,0.0,336.2,0.83,93.0,74605.0
20130705:0900,9.73,90.55,0.0,-0.0,0.0,340.8,1.03,90.0,74613.0
20130705:1000,9.29,88.7,0.0,-0.0,0.0,324.6,1.03,86.0,74605.0
20130705:1100,8.88,89.3,8.0,0.0,8.0,324.4,1.1,89.0,74664.0
20130705:1200,9.92,87.1,218.0,631.66,50.0,348.4,0.97,92.0,74737.0
20130705:1300,11.63,76.2,350.0,288.98,209.0,335.0,0.97,114.0,74722.0
20130705:1400,13.72,63.8,494.0,240.13,331.0,341.8,0.97,138.0,74737.0
20130705:1500,15.25,54.2,323.0,24.23,303.0,351.0,1.1,136.0,74657.0
20130705:1600,16.3,49.25,604.0,125.24,489.0,365.8,0.9,137.0,74635.0
20130705:1700,17.54,43.45,794.0,336.66,474.0,369.6,0.97,138.0,74547.0
20130705:1800,17.61,42.4,692.0,219.52,490.0,364.0,0.07,138.0,74437.0
20130705:1900,17.1,46.8,70.0,0.0,70.0,362.4,0.41,117.0,74349.0
20130705:2000,16.92,46.65,127.0,2.92,125.0,364.8,0.48,359.0,74305.0
20130705:2100,16.69,46.15,151.0,4.05,149.0,368.6,0.55,338.0,74297.0
20130705:2200,15.53,52.5,66.0,0.0,66.0,358.6,0.97,328.0,74254.0
20130705:2300,14.27,61.5,0.0,0.0,0.0,357.8,0.69,301.0,74341.0
20130706:0000,13.22,69.35,0.0,-0.0,0.0,357.4,0.34,266.0,74488.0
20130706:0100,12.75,71.75,0.0,-0.0,0.0,357.85,0.14,111.0,74517.0
20130706:0200,12.29,74.05,0.0,-0.0,0.0,358.4,0.62,114.0,74635.0
20130706:0300,12.0,75.65,0.0,-0.0,0.0,364.2,0.76,130.0,74679.0
20130706:0400,11.61,78.3,0.0,-0.0,0.0,368.6,0.83,123.0,74686.0
20130706:0500,11.25,79.45,0.0,-0.0,0.0,355.8,0.83,119.0,74657.0
20130706:0600,11.04,80.1,0.0,-0.0,0.0,356.8,0.83,114.0,74591.0
20130706:0700,11.01,77.65,0.0,-0.0,0.0,351.0,0.76,117.0,74561.0
20130706:0800,10.74,78.95,0.0,-0.0,0.0,345.0,0.83,115.0,74547.0
20130706:0900,10.48,80.3,0.0,-0.0,0.0,348.0,0.97,106.0,74554.0
20130706:1000,10.37,80.8,0.0,-0.0,0.0,355.2,1.03,107.0,74598.0
20130706:1100,10.34,80.9,1.0,0.0,1.0,358.4,1.17,107.0,74591.0
20130706:1200,10.67,80.1,98.0,22.61,92.0,358.8,1.1,112.0,74649.0
20130706:1300,11.56,76.65,388.0,432.79,177.0,357.2,1.1,121.0,74686.0
20130706:1400,12.58,70.9,326.0,54.52,289.0,360.0,1.24,118.0,74679.0
20130706:1500,13.18,68.6,562.0,157.45,432.0,361.6,1.03,128.0,74635.0
20130706:1600,14.35,62.3,962.0,955.82,84.0,371.2,0.97,134.0,74525.0
20130706:1700,15.96,52.8,1001.0,963.15,85.0,365.2,1.86,128.0,74415.0
20130706:1800,16.6,48.85,966.0,958.89,83.0,385.0,1.66,142.0,74305.0
20130706:1900,18.45,42.55,859.0,939.69,79.0,358.4,1.1,163.0,74188.0
20130706:2000,18.51,41.85,689.0,899.46,73.0,360.8,0.48,190.0,74129.0
20130706:2100,17.4,46.15,474.0,832.1,62.0,351.2,0.9,244.0,74136.0
20130706:2200,16.18,52.8,235.0,701.17,43.0,346.8,0.48,242.0,74195.0
20130706:2300,15.03,59.25,0.0,0.0,0.0,344.0,0.48,286.0,74261.0
20130707:0000,13.61,68.0,0.0,-0.0,0.0,327.8,0.07,349.0,74356.0
20130707:0100,12.13,76.45,0.0,-0.0,0.0,326.45,0.62,84.0,74422.0
20130707:0200,12.3,75.95,0.0,-0.0,0.0,360.2,0.76,94.0,74532.0
20130707:0300,12.11,76.2,0.0,-0.0,0.0,357.8,0.97,107.0,74598.0
20130707:0400,11.8,77.25,0.0,-0.0,0.0,353.8,1.1,101.0,74598.0
20130707:0500,11.36,79.15,0.0,-0.0,0.0,344.6,1.17,94.0,74605.0
20130707:0600,11.5,78.05,0.0,-0.0,0.0,366.2,0.97,98.0,74569.0
20130707:0700,11.55,76.3,0.0,-0.0,0.0,371.4,1.03,112.0,74547.0
20130707:0800,11.36,76.05,0.0,-0.0,0.0,359.8,0.97,118.0,74495.0
20130707:0900,11.18,76.7,0.0,-0.0,0.0,356.4,0.83,119.0,74481.0
20130707:1000,10.71,79.35,0.0,-0.0,0.0,346.6,0.9,108.0,74517.0
20130707:1100,10.65,79.6,8.0,0.0,8.0,354.8,1.03,108.0,74517.0
20130707:1200,11.23,76.8,219.0,638.36,50.0,362.0,1.1,109.0,74569.0
20130707:1300,13.02,67.05,462.0,814.93,65.0,348.4,1.17,126.0,74561.0
20130707:1400,14.96,57.0,681.0,894.59,74.0,340.6,1.31,137.0,74547.0
20130707:1500,16.59,48.7,278.0,19.38,262.0,353.8,2.07,127.0,74444.0
20130707:1600,18.05,42.6,139.0,8.71,131.0,377.4,2.07,128.0,74378.0
20130707:1700,18.74,40.85,999.0,960.49,85.0,368.8,1.17,137.0,74290.0
20130707:1800,19.31,38.15,677.0,198.58,494.0,366.4,1.03,145.0,74224.0
20130707:1900,19.54,37.75,856.0,935.19,79.0,363.6,0.83,135.0,74158.0
20130707:2000,19.03,37.95,687.0,896.93,72.0,371.4,0.07,236.0,74114.0
20130707:2100,18.51,40.65,472.0,826.75,62.0,351.4,0.69,320.0,74100.0
20130707:2200,17.05,48.45,235.0,699.43,43.0,350.6,1.03,337.0,74107.0
20130707:2300,15.61,58.3,0.0,0.0,0.0,345.4,0.69,333.0,74232.0
20130708:0000,14.15,66.9,0.0,-0.0,0.0,329.2,0.28,80.0,74327.0
20130708:0100,13.27,79.8,0.0,-0.0,0.0,341.05,0.34,82.0,74437.0
20130708:0200,13.2,71.7,0.0,-0.0,0.0,362.4,0.48,90.0,74561.0
20130708:0300,13.09,72.55,0.0,-0.0,0.0,376.6,0.55,101.0,74627.0
20130708:0400,13.02,72.5,0.0,-0.0,0.0,377.6,0.48,120.0,74649.0
20130708:0500,12.66,73.9,0.0,-0.0,0.0,366.2,0.34,155.0,74627.0
20130708:0600,11.9,78.0,0.0,-0.0,0.0,341.2,0.34,139.0,74605.0
20130708:0700,11.69,79.1,0.0,-0.0,0.0,375.8,0.55,157.0,74583.0
20130708:0800,11.55,79.7,0.0,-0.0,0.0,364.2,0.69,128.0,74539.0
20130708:0900,11.62,79.9,0.0,-0.0,0.0,366.6,0.76,123.0,74547.0
20130708:1000,11.54,80.9,0.0,-0.0,0.0,363.2,0.41,102.0,74561.0
20130708:1100,11.42,82.15,8.0,0.0,8.0,359.4,0.55,98.0,74627.0
20130708:1200,11.73,81.75,218.0,635.97,50.0,367.0,0.9,109.0,74693.0
20130708:1300,12.68,74.95,462.0,815.49,65.0,358.2,1.17,130.0,74693.0
20130708:1400,14.28,65.65,683.0,896.18,75.0,352.0,1.17,147.0,74664.0
20130708:1500,16.09,54.8,856.0,938.31,81.0,348.8,1.66,130.0,74620.0
20130708:1600,17.33,47.6,966.0,959.4,84.0,359.0,1.93,125.0,74532.0
20130708:1700,18.32,42.6,1005.0,966.21,85.0,363.6,1.59,128.0,74444.0
20130708:1800,19.42,38.0,969.0,959.59,84.0,368.8,1.38,148.0,74341.0
20130708:1900,19.4,32.9,863.0,941.49,80.0,344.0,1.38,136.0,74246.0
20130708:2000,19.11,33.55,694.0,904.59,73.0,355.6,0.83,150.0,74180.0
20130708:2100,18.83,34.15,477.0,835.52,62.0,349.0,0.41,98.0,74180.0
20130708:2200,17.98,36.0,238.0,708.64,43.0,338.6,0.34,321.0,74210.0
20130708:2300,16.02,47.6,0.0,0.0,0.0,342.2,0.69,312.0,74349.0
20130709:0000,14.36,58.5,0.0,-0.0,0.0,327.6,0.55,9.0,74466.0
20130709:0100,13.35,74.45,0.0,-0.0,0.0,335.05,0.41,42.0,74554.0
20130709:0200,13.08,67.95,0.0,-0.0,0.0,346.8,0.76,87.0,74679.0
20130709:0300,12.73,68.6,0.0,-0.0,0.0,356.4,0.9,102.0,74715.0
20130709:0400,12.53,69.05,0.0,-0.0,0.0,359.8,0.9,111.0,74700.0
20130709:0500,12.16,70.6,0.0,-0.0,0.0,350.4,0.97,93.0,74700.0
20130709:0600,12.13,69.65,0.0,-0.0,0.0,364.4,0.9,94.0,74671.0
20130709:0700,11.89,65.55,0.0,-0.0,0.0,372.4,0.48,140.0,74642.0
20130709:0800,11.69,66.15,0.0,-0.0,0.0,360.2,0.55,101.0,74605.0
20130709:0900,11.57,67.05,0.0,-0.0,0.0,354.8,0.48,117.0,74627.0
20130709:1000,11.35,68.3,0.0,-0.0,0.0,351.6,0.62,108.0,74613.0
20130709:1100,11.28,69.65,4.0,0.0,4.0,353.8,0.69,107.0,74671.0
20130709:1200,11.73,68.85,96.0,22.76,90.0,355.4,0.9,119.0,74722.0
20130709:1300,12.82,64.2,319.0,207.6,218.0,356.8,1.31,123.0,74715.0
20130709:1400,14.29,57.0,385.0,88.45,325.0,362.2,1.17,141.0,74715.0
20130709:1500,15.13,53.75,532.0,124.67,429.0,365.2,1.31,143.0,74715.0
20130709:1600,16.47,48.65,595.0,116.34,488.0,378.6,2.0,134.0,74679.0
20130709:1700,17.01,46.6,663.0,154.28,516.0,376.6,1.24,169.0,74664.0
20130709:1800,18.59,41.15,713.0,243.77,488.0,371.8,1.31,160.0,74532.0
20130709:1900,16.95,49.5,525.0,117.72,427.0,362.8,1.1,171.0,74400.0
20130709:2000,17.17,46.55,193.0,10.18,186.0,377.0,0.76,165.0,74327.0
20130709:2100,17.06,45.1,87.0,0.0,87.0,373.2,0.76,171.0,74327.0
20130709:2200,16.13,48.5,161.0,195.78,107.0,375.8,0.62,208.0,74378.0
20130709:2300,15.13,53.2,0.0,0.0,0.0,362.8,0.48,240.0,74429.0
20130710:0000,14.34,58.4,0.0,-0.0,0.0,367.4,0.34,257.0,74532.0
20130710:0100,13.8,61.55,0.0,-0.0,0.0,368.65,0.48,196.0,74598.0
20130710:0200,13.42,63.9,0.0,-0.0,0.0,370.8,0.62,175.0,74686.0
20130710:0300,12.81,67.7,0.0,-0.0,0.0,372.0,0.76,154.0,74730.0
20130710:0400,11.96,76.1,0.0,-0.0,0.0,374.8,0.83,139.0,74744.0
20130710:0500,11.19,86.85,0.0,-0.0,0.0,374.2,0.83,132.0,74722.0
20130710:0600,11.0,90.3,0.0,-0.0,0.0,373.6,0.97,119.0,74679.0
20130710:0700,10.32,97.0,0.0,-0.0,0.0,370.6,0.9,120.0,74649.0
20130710:0800,10.21,98.65,0.0,-0.0,0.0,369.8,0.97,106.0,74591.0
20130710:0900,10.31,98.8,0.0,-0.0,0.0,372.6,0.97,113.0,74583.0
20130710:1000,10.38,97.35,0.0,-0.0,0.0,371.8,0.9,109.0,74605.0
20130710:1100,10.69,96.25,1.0,0.0,1.0,373.0,0.97,106.0,74635.0
20130710:1200,11.04,95.05,26.0,0.0,26.0,366.8,0.97,116.0,74686.0
20130710:1300,11.62,91.2,253.0,82.26,213.0,370.6,1.31,122.0,74744.0
20130710:1400,12.48,82.4,680.0,893.32,74.0,371.2,1.38,129.0,74737.0
20130710:1500,13.55,75.65,655.0,281.95,422.0,377.2,1.24,136.0,74722.0
20130710:1600,14.48,66.25,784.0,349.92,462.0,377.6,1.52,148.0,74708.0
20130710:1700,15.33,60.1,791.0,330.39,476.0,373.8,1.66,148.0,74642.0
20130710:1800,16.21,53.65,968.0,958.01,83.0,380.0,1.72,160.0,74525.0
20130710:1900,15.67,52.35,477.0,79.2,411.0,383.2,1.38,171.0,74466.0
20130710:2000,15.7,51.95,693.0,900.96,73.0,376.0,0.9,177.0,74429.0
20130710:2100,15.67,50.65,390.0,405.45,188.0,371.4,0.69,162.0,74422.0
20130710:2200,15.2,50.95,121.0,47.03,108.0,359.2,0.55,157.0,74356.0
20130710:2300,14.48,54.6,0.0,0.0,0.0,356.8,0.28,192.0,74415.0
20130711:0000,13.55,61.15,0.0,-0.0,0.0,356.6,0.34,130.0,74539.0
20130711:0100,12.86,65.35,0.0,-0.0,0.0,352.45,0.9,113.0,74591.0
20130711:0200,12.76,66.55,0.0,-0.0,0.0,367.2,1.1,99.0,74635.0
20130711:0300,12.68,66.95,0.0,-0.0,0.0,373.8,0.97,106.0,74686.0
20130711:0400,12.39,68.6,0.0,-0.0,0.0,367.8,0.9,110.0,74708.0
20130711:0500,12.17,68.9,0.0,-0.0,0.0,369.8,0.55,138.0,74700.0
20130711:0600,11.93,69.65,0.0,-0.0,0.0,369.8,0.55,135.0,74664.0
20130711:0700,11.69,68.8,0.0,-0.0,0.0,372.0,1.17,107.0,74620.0
20130711:0800,11.65,69.85,0.0,-0.0,0.0,371.2,0.76,113.0,74591.0
20130711:0900,11.62,70.5,0.0,-0.0,0.0,374.6,0.62,120.0,74605.0
20130711:1000,11.42,71.85,0.0,-0.0,0.0,364.0,0.48,116.0,74613.0
20130711:1100,11.43,73.1,1.0,0.0,1.0,368.8,0.62,95.0,74671.0
20130711:1200,11.78,73.2,83.0,7.62,81.0,371.2,0.83,108.0,74693.0
20130711:1300,12.47,69.95,382.0,405.36,185.0,366.0,0.97,119.0,74730.0
20130711:1400,13.03,67.5,480.0,215.22,334.0,360.0,0.83,137.0,74722.0
20130711:1500,14.36,59.85,349.0,27.82,326.0,363.6,1.45,130.0,74715.0
20130711:1600,15.71,52.25,511.0,61.91,454.0,363.4,1.66,131.0,74620.0
20130711:1700,16.99,45.95,647.0,137.3,516.0,368.6,1.1,126.0,74525.0
20130711:1800,17.93,42.1,669.0,186.03,497.0,370.2,0.83,128.0,74378.0
20130711:1900,18.9,37.95,403.0,41.96,368.0,359.4,1.52,114.0,74254.0
20130711:2000,19.13,35.95,694.0,901.34,73.0,360.0,0.83,105.0,74188.0
20130711:2100,18.45,36.05,226.0,46.1,203.0,350.2,0.62,358.0,74239.0
20130711:2200,16.63,45.5,239.0,707.48,43.0,354.0,1.03,323.0,74283.0
20130711:2300,14.85,57.7,0.0,0.0,0.0,329.4,0.9,318.0,74393.0
20130712:0000,13.37,68.45,0.0,-0.0,0.0,324.4,0.48,322.0,74481.0
20130712:0100,12.33,75.85,0.0,-0.0,0.0,333.45,0.41,23.0,74569.0
20130712:0200,12.12,77.05,0.0,-0.0,0.0,353.8,0.55,82.0,74635.0
20130712:0300,11.97,76.85,0.0,-0.0,0.0,361.6,0.69,94.0,74671.0
20130712:0400,11.7,77.45,0.0,-0.0,0.0,349.6,0.76,87.0,74686.0
20130712:0500,11.61,77.25,0.0,-0.0,0.0,352.4,0.76,97.0,74686.0
20130712:0600,11.42,76.55,0.0,-0.0,0.0,351.8,0.9,105.0,74664.0
20130712:0700,11.05,76.75,0.0,-0.0,0.0,344.6,0.76,98.0,74635.0
20130712:0800,11.12,75.8,0.0,-0.0,0.0,358.0,0.69,99.0,74613.0
20130712:0900,10.96,76.35,0.0,-0.0,0.0,351.8,0.69,115.0,74605.0
20130712:1000,10.46,79.0,0.0,-0.0,0.0,333.6,0.76,108.0,74620.0
20130712:1100,10.1,81.6,7.0,0.0,7.0,333.6,0.9,99.0,74635.0
20130712:1200,10.47,81.1,215.0,629.53,50.0,341.8,0.97,103.0,74686.0
20130712:1300,12.45,71.75,459.0,811.06,65.0,344.4,0.76,110.0,74686.0
20130712:1400,14.33,61.65,679.0,891.74,74.0,336.2,0.34,176.0,74649.0
20130712:1500,15.87,52.3,853.0,934.74,80.0,335.4,0.76,125.0,74583.0
20130712:1600,17.54,44.55,493.0,54.28,443.0,351.2,0.9,116.0,74510.0
20130712:1700,18.0,42.3,705.0,195.85,518.0,355.8,0.14,303.0,74473.0
20130712:1800,18.09,42.3,605.0,122.11,492.0,366.2,0.55,347.0,74393.0
20130712:1900,18.38,40.3,741.0,422.76,388.0,377.2,1.59,94.0,74290.0
20130712:2000,18.21,39.35,577.0,434.91,277.0,367.0,0.76,64.0,74268.0
20130712:2100,17.6,40.25,331.0,220.14,221.0,368.0,0.48,40.0,74239.0
20130712:2200,16.7,43.65,212.0,497.1,74.0,372.0,0.48,310.0,74276.0
20130712:2300,14.96,54.4,0.0,0.0,0.0,328.8,0.48,304.0,74341.0
20130713:0000,13.54,64.9,0.0,-0.0,0.0,325.8,0.34,318.0,74481.0
20130713:0100,12.38,76.45,0.0,-0.0,0.0,317.65,0.34,50.0,74561.0
20130713:0200,11.67,78.8,0.0,-0.0,0.0,325.6,0.76,84.0,74679.0
20130713:0300,11.43,79.8,0.0,-0.0,0.0,337.4,0.76,95.0,74686.0
20130713:0400,11.34,79.35,0.0,-0.0,0.0,346.0,0.76,101.0,74730.0
20130713:0500,11.03,79.85,0.0,-0.0,0.0,341.6,0.9,109.0,74708.0
20130713:0600,10.77,79.6,0.0,-0.0,0.0,347.6,1.1,100.0,74679.0
20130713:0700,10.44,77.65,0.0,-0.0,0.0,352.6,1.24,97.0,74657.0
20130713:0800,10.19,77.75,0.0,-0.0,0.0,339.8,1.17,97.0,74627.0
20130713:0900,9.86,78.25,0.0,-0.0,0.0,339.4,1.1,103.0,74664.0
20130713:1000,9.48,78.65,0.0,-0.0,0.0,336.0,1.24,101.0,74671.0
20130713:1100,9.44,78.15,7.0,0.0,7.0,346.6,1.31,101.0,74679.0
20130713:1200,9.96,76.25,218.0,642.07,50.0,326.2,1.17,103.0,74730.0
20130713:1300,12.08,66.7,465.0,823.72,65.0,332.2,1.1,111.0,74693.0
20130713:1400,14.27,55.75,688.0,903.41,75.0,331.8,0.97,126.0,74649.0
20130713:1500,16.36,46.15,798.0,644.25,265.0,349.8,1.52,124.0,74583.0
20130713:1600,17.63,39.9,180.0,14.1,167.0,353.0,1.52,124.0,74510.0
20130713:1700,18.5,36.35,111.0,2.09,109.0,376.6,0.48,140.0,74429.0
20130713:1800,18.83,36.3,107.0,1.08,106.0,361.8,0.9,300.0,74363.0
20130713:1900,19.29,36.6,373.0,32.3,346.0,353.4,0.21,178.0,74276.0
20130713:2000,19.21,37.05,87.0,0.0,87.0,348.8,0.83,303.0,74224.0
20130713:2100,17.92,44.0,162.0,6.0,159.0,341.6,1.24,310.0,74239.0
20130713:2200,16.55,52.35,240.0,708.23,43.0,347.2,1.24,306.0,74254.0
20130713:2300,14.91,63.05,0.0,0.0,0.0,347.6,0.97,307.0,74341.0
20130714:0000,13.96,70.85,0.0,-0.0,0.0,344.8,0.48,290.0,74444.0
20130714:0100,12.96,73.95,0.0,-0.0,0.0,340.85,0.55,37.0,74517.0
20130714:0200,12.74,76.35,0.0,-0.0,0.0,348.8,0.55,69.0,74605.0
20130714:0300,12.57,77.35,0.0,-0.0,0.0,354.8,0.62,84.0,74671.0
20130714:0400,12.28,78.3,0.0,-0.0,0.0,354.2,0.55,66.0,74693.0
20130714:0500,12.06,78.75,0.0,-0.0,0.0,362.6,0.55,86.0,74693.0
20130714:0600,11.91,79.3,0.0,-0.0,0.0,366.0,0.48,87.0,74671.0
20130714:0700,11.22,78.1,0.0,-0.0,0.0,350.2,0.97,104.0,74627.0
20130714:0800,11.01,77.35,0.0,-0.0,0.0,351.0,0.9,104.0,74583.0
20130714:0900,10.83,77.75,0.0,-0.0,0.0,349.6,0.97,96.0,74591.0
20130714:1000,10.58,78.5,0.0,-0.0,0.0,348.8,0.97,95.0,74569.0
20130714:1100,10.29,79.5,7.0,0.0,7.0,340.6,0.97,103.0,74620.0
20130714:1200,10.78,77.35,218.0,643.11,50.0,343.4,1.31,105.0,74642.0
20130714:1300,13.01,65.2,465.0,823.96,65.0,351.0,1.31,112.0,74649.0
20130714:1400,14.36,58.4,688.0,903.24,75.0,349.6,1.1,136.0,74627.0
20130714:1500,16.78,47.2,862.0,943.59,81.0,339.2,1.86,130.0,74547.0
20130714:1600,18.78,38.75,482.0,49.87,436.0,353.2,1.52,135.0,74459.0
20130714:1700,20.03,34.35,727.0,219.6,517.0,353.2,0.76,163.0,74312.0
20130714:1800,20.21,33.35,977.0,963.27,84.0,357.6,0.34,250.0,74232.0
20130714:1900,20.19,34.6,869.0,942.96,80.0,359.8,0.34,63.0,74122.0
20130714:2000,19.87,35.1,699.0,905.36,73.0,360.4,0.9,335.0,74092.0
20130714:2100,18.27,44.45,481.0,836.16,62.0,362.2,1.66,311.0,74151.0
20130714:2200,16.48,54.25,240.0,706.91,43.0,359.8,1.1,310.0,74202.0
20130714:2300,15.23,60.45,0.0,0.0,0.0,348.8,0.69,304.0,74268.0
20130715:0000,14.2,66.05,0.0,-0.0,0.0,328.6,0.07,296.0,74378.0
20130715:0100,13.71,76.65,0.0,-0.0,0.0,341.65,0.28,105.0,74451.0
20130715:0200,13.32,72.25,0.0,-0.0,0.0,351.2,0.69,99.0,74525.0
20130715:0300,13.1,73.65,0.0,-0.0,0.0,359.2,0.69,98.0,74591.0
20130715:0400,12.89,74.5,0.0,-0.0,0.0,358.4,0.76,114.0,74627.0
20130715:0500,12.66,75.05,0.0,-0.0,0.0,358.2,0.83,118.0,74642.0
20130715:0600,12.61,74.1,0.0,-0.0,0.0,364.0,0.97,122.0,74583.0
20130715:0700,12.52,72.15,0.0,-0.0,0.0,374.2,1.03,121.0,74554.0
20130715:0800,12.52,71.3,0.0,-0.0,0.0,377.0,1.03,118.0,74495.0
20130715:0900,12.37,71.45,0.0,-0.0,0.0,376.0,0.9,132.0,74481.0
20130715:1000,12.08,73.15,0.0,-0.0,0.0,371.8,0.97,140.0,74466.0
20130715:1100,11.72,76.65,3.0,0.0,3.0,369.0,0.69,134.0,74539.0
20130715:1200,11.87,77.95,66.0,0.0,66.0,367.8,0.69,151.0,74561.0
20130715:1300,12.27,76.2,217.0,43.27,196.0,372.0,0.83,152.0,74620.0
20130715:1400,12.68,75.1,400.0,103.12,330.0,378.2,1.1,134.0,74649.0
20130715:1500,13.16,73.95,446.0,60.38,396.0,379.0,1.24,122.0,74635.0
20130715:1600,13.69,72.1,729.0,263.27,486.0,380.8,1.03,120.0,74569.0
20130715:1700,14.06,71.4,301.0,27.17,275.0,377.4,0.83,124.0,74495.0
20130715:1800,15.23,63.4,527.0,68.97,463.0,380.8,1.1,145.0,74451.0
20130715:1900,15.98,54.15,637.0,248.33,429.0,379.4,1.38,151.0,74297.0
20130715:2000,16.97,49.15,693.0,895.63,73.0,377.0,1.38,145.0,74224.0
20130715:2100,17.08,46.4,310.0,167.4,226.0,372.2,1.38,148.0,74268.0
20130715:2200,16.4,47.5,146.0,121.79,112.0,364.0,0.55,178.0,74202.0
20130715:2300,15.36,52.25,0.0,0.0,0.0,354.4,0.34,206.0,74305.0
20130716:0000,14.12,60.05,0.0,-0.0,0.0,342.4,0.48,120.0,74407.0
20130716:0100,13.47,63.45,0.0,-0.0,0.0,354.05,0.83,110.0,74495.0
20130716:0200,13.11,65.4,0.0,-0.0,0.0,359.6,0.97,108.0,74554.0
20130716:0300,12.84,66.65,0.0,-0.0,0.0,361.8,1.03,114.0,74620.0
20130716:0400,12.69,67.4,0.0,-0.0,0.0,370.8,1.24,109.0,74635.0
20130716:0500,12.53,68.3,0.0,-0.0,0.0,373.4,1.1,111.0,74649.0
20130716:0600,12.29,69.25,0.0,-0.0,0.0,371.0,0.83,136.0,74605.0
20130716:0700,11.97,71.0,0.0,-0.0,0.0,377.4,0.9,127.0,74532.0
20130716:0800,11.85,72.45,0.0,-0.0,0.0,375.4,0.62,134.0,74503.0
20130716:0900,11.69,74.05,0.0,-0.0,0.0,372.0,0.62,138.0,74495.0
20130716:1000,11.6,75.15,0.0,-0.0,0.0,369.4,0.9,133.0,74539.0
20130716:1100,11.45,77.1,6.0,0.0,6.0,366.8,0.83,135.0,74576.0
20130716:1200,11.72,77.55,66.0,0.0,66.0,365.6,0.97,128.0,74598.0
20130716:1300,12.46,73.85,179.0,20.61,169.0,366.0,1.1,134.0,74642.0
20130716:1400,13.04,71.15,424.0,129.6,336.0,374.8,1.24,141.0,74627.0
20130716:1500,14.42,63.25,489.0,86.9,417.0,374.0,1.93,135.0,74620.0
20130716:1600,15.14,57.7,967.0,955.99,84.0,376.4,1.93,137.0,74532.0
20130716:1700,16.98,50.1,420.0,29.23,392.0,361.8,2.41,136.0,74451.0
20130716:1800,17.38,47.05,388.0,25.84,364.0,381.2,2.21,142.0,74371.0
20130716:1900,16.94,51.15,154.0,9.54,146.0,370.8,2.41,134.0,74283.0
20130716:2000,17.82,46.15,336.0,49.06,302.0,365.0,2.28,131.0,74188.0
20130716:2100,17.69,44.85,177.0,11.94,171.0,373.0,1.72,138.0,74202.0
20130716:2200,17.17,45.5,14.0,0.0,14.0,361.6,1.52,142.0,74195.0
20130716:2300,16.15,48.5,0.0,0.0,0.0,363.6,0.76,173.0,74297.0
20130717:0000,14.82,55.0,0.0,-0.0,0.0,354.8,0.34,168.0,74422.0
20130717:0100,14.2,60.9,0.0,-0.0,0.0,361.65,0.41,120.0,74561.0
20130717:0200,14.04,58.8,0.0,-0.0,0.0,377.6,0.76,132.0,74620.0
20130717:0300,13.55,61.75,0.0,-0.0,0.0,366.0,0.76,136.0,74693.0
20130717:0400,13.2,63.65,0.0,-0.0,0.0,368.4,0.97,124.0,74671.0
20130717:0500,12.81,65.9,0.0,-0.0,0.0,363.8,0.97,116.0,74642.0
20130717:0600,12.64,66.5,0.0,-0.0,0.0,369.8,0.9,117.0,74591.0
20130717:0700,12.3,70.05,0.0,-0.0,0.0,378.0,0.9,118.0,74561.0
20130717:0800,12.31,70.7,0.0,-0.0,0.0,376.0,0.97,106.0,74532.0
20130717:0900,12.33,71.25,0.0,-0.0,0.0,375.2,0.97,107.0,74510.0
20130717:1000,12.26,72.25,0.0,-0.0,0.0,374.4,1.03,115.0,74532.0
20130717:1100,12.26,73.3,3.0,0.0,3.0,375.8,0.97,118.0,74525.0
20130717:1200,12.55,72.9,109.0,49.97,96.0,376.8,1.1,126.0,74598.0
20130717:1300,13.0,71.1,347.0,286.46,208.0,377.8,1.24,140.0,74635.0
20130717:1400,13.78,66.25,259.0,22.08,244.0,379.0,1.59,145.0,74635.0
20130717:1500,14.6,61.1,259.0,18.09,244.0,379.0,1.93,142.0,74591.0
20130717:1600,15.99,53.6,410.0,29.21,383.0,381.4,2.34,138.0,74547.0
20130717:1700,17.76,44.85,669.0,154.38,521.0,373.2,2.48,144.0,74444.0
20130717:1800,18.89,40.2,383.0,24.74,360.0,378.8,2.41,155.0,74319.0
20130717:1900,18.97,40.45,368.0,30.98,342.0,374.2,2.55,135.0,74217.0
20130717:2000,19.28,38.25,480.0,200.33,341.0,373.6,2.14,132.0,74188.0
20130717:2100,18.83,38.4,187.0,17.89,178.0,364.0,1.45,144.0,74232.0
20130717:2200,17.71,40.95,98.0,0.0,98.0,368.4,0.62,179.0,74224.0
20130717:2300,16.36,45.75,0.0,0.0,0.0,365.2,0.48,231.0,74312.0
20130718:0000,14.98,52.75,0.0,-0.0,0.0,352.0,0.28,253.0,74451.0
20130718:0100,14.38,56.35,0.0,-0.0,0.0,358.05,0.07,127.0,74561.0
20130718:0200,13.42,73.2,0.0,-0.0,0.0,348.4,0.34,131.0,74627.0
20130718:0300,13.24,63.0,0.0,-0.0,0.0,356.6,0.62,124.0,74708.0
20130718:0400,13.05,63.05,0.0,-0.0,0.0,363.2,0.9,124.0,74700.0
20130718:0500,12.82,63.55,0.0,-0.0,0.0,366.4,1.03,109.0,74671.0
20130718:0600,12.73,62.9,0.0,-0.0,0.0,374.4,1.03,111.0,74620.0
20130718:0700,12.24,59.25,0.0,-0.0,0.0,371.8,0.97,100.0,74547.0
20130718:0800,11.96,60.75,0.0,-0.0,0.0,358.6,0.76,105.0,74539.0
20130718:0900,11.84,61.75,0.0,-0.0,0.0,361.2,0.69,110.0,74539.0
20130718:1000,11.76,62.4,0.0,-0.0,0.0,358.4,0.97,101.0,74503.0
20130718:1100,11.89,62.5,0.0,0.0,0.0,368.4,0.97,100.0,74561.0
20130718:1200,12.25,62.3,57.0,0.0,57.0,356.2,0.9,101.0,74613.0
20130718:1300,13.38,57.8,104.0,0.0,104.0,358.6,0.97,117.0,74664.0
20130718:1400,14.26,55.0,161.0,10.3,154.0,369.8,0.9,139.0,74671.0
20130718:1500,15.45,50.4,201.0,14.47,189.0,370.6,1.38,138.0,74620.0
20130718:1600,17.24,42.8,591.0,109.18,490.0,364.4,1.79,135.0,74510.0
20130718:1700,19.04,35.5,557.0,71.91,488.0,364.8,1.72,131.0,74400.0
20130718:1800,19.71,33.3,701.0,218.15,498.0,369.8,0.55,180.0,74283.0
20130718:1900,19.86,32.15,583.0,171.38,439.0,349.6,0.34,162.0,74232.0
20130718:2000,20.27,29.8,465.0,177.07,342.0,352.4,0.14,16.0,74217.0
20130718:2100,19.38,31.55,344.0,246.18,220.0,350.8,0.9,318.0,74195.0
20130718:2200,17.72,39.3,232.0,627.57,56.0,347.6,1.38,306.0,74180.0
20130718:2300,15.71,52.35,0.0,0.0,0.0,333.4,1.24,296.0,74349.0
20130719:0000,14.27,61.8,0.0,-0.0,0.0,325.0,0.9,284.0,74503.0
20130719:0100,13.54,74.95,0.0,-0.0,0.0,336.25,0.34,236.0,74598.0
20130719:0200,12.64,75.5,0.0,-0.0,0.0,327.8,0.62,114.0,74627.0
20130719:0300,12.17,72.2,0.0,-0.0,0.0,335.4,0.9,99.0,74635.0
20130719:0400,11.99,73.0,0.0,-0.0,0.0,342.8,0.9,99.0,74642.0
20130719:0500,12.03,73.05,0.0,-0.0,0.0,353.4,0.76,104.0,74642.0
20130719:0600,12.02,72.95,0.0,-0.0,0.0,358.8,0.69,111.0,74635.0
20130719:0700,11.77,68.25,0.0,-0.0,0.0,357.8,0.69,105.0,74591.0
20130719:0800,11.59,68.55,0.0,-0.0,0.0,353.2,0.69,116.0,74547.0
20130719:0900,11.42,68.75,0.0,-0.0,0.0,352.2,0.62,124.0,74605.0
20130719:1000,11.19,69.35,0.0,-0.0,0.0,350.8,0.69,116.0,74583.0
20130719:1100,11.01,70.05,0.0,0.0,0.0,358.2,0.9,108.0,74605.0
20130719:1200,11.37,68.9,121.0,80.9,100.0,353.0,0.9,118.0,74664.0
20130719:1300,12.87,63.3,176.0,18.55,167.0,346.8,0.76,132.0,74693.0
20130719:1400,14.76,55.65,348.0,58.84,308.0,342.0,0.62,159.0,74715.0
20130719:1500,15.98,50.95,493.0,89.14,419.0,368.6,0.83,134.0,74671.0
20130719:1600,17.36,45.75,545.0,77.77,473.0,358.2,1.38,113.0,74627.0
20130719:1700,18.63,42.05,426.0,29.16,398.0,370.4,0.34,121.0,74495.0
20130719:1800,19.13,40.35,383.0,25.77,359.0,363.6,0.28,271.0,74429.0
20130719:1900,17.1,43.95,318.0,22.59,299.0,372.4,0.28,243.0,74356.0
20130719:2000,17.28,43.8,383.0,80.53,327.0,370.6,0.21,247.0,74276.0
20130719:2100,17.62,41.65,222.0,39.66,202.0,357.2,0.34,48.0,74246.0
20130719:2200,17.15,42.4,146.0,121.08,112.0,343.4,0.62,342.0,74232.0
20130719:2300,15.67,51.15,0.0,0.0,0.0,345.2,0.9,299.0,74319.0
20130720:0000,14.44,60.3,0.0,-0.0,0.0,344.4,0.62,315.0,74481.0
20130720:0100,13.73,65.8,0.0,-0.0,0.0,338.85,0.0,278.0,74517.0
20130720:0200,13.14,71.25,0.0,-0.0,0.0,351.8,0.41,107.0,74598.0
20130720:0300,12.75,70.8,0.0,-0.0,0.0,353.4,0.55,111.0,74649.0
20130720:0400,12.43,71.95,0.0,-0.0,0.0,350.0,0.76,128.0,74686.0
20130720:0500,12.41,70.95,0.0,-0.0,0.0,366.8,0.9,123.0,74649.0
20130720:0600,12.36,70.05,0.0,-0.0,0.0,369.2,1.1,114.0,74627.0
20130720:0700,11.52,71.3,0.0,-0.0,0.0,369.8,0.97,111.0,74598.0
20130720:0800,11.66,70.35,0.0,-0.0,0.0,370.4,1.03,106.0,74539.0
20130720:0900,11.63,70.25,0.0,-0.0,0.0,360.8,0.97,111.0,74554.0
20130720:1000,11.52,70.55,0.0,-0.0,0.0,360.4,0.9,126.0,74525.0
20130720:1100,11.51,70.55,0.0,0.0,0.0,364.4,0.83,137.0,74554.0
20130720:1200,11.81,69.0,142.0,161.94,100.0,369.8,0.97,137.0,74605.0
20130720:1300,12.67,64.55,192.0,26.79,179.0,368.0,0.97,144.0,74627.0
20130720:1400,13.8,59.6,175.0,11.76,167.0,367.4,0.9,154.0,74635.0
20130720:1500,14.57,56.4,506.0,98.71,424.0,375.0,1.03,140.0,74627.0
20130720:1600,15.75,50.85,541.0,75.55,471.0,370.8,1.72,123.0,74554.0
20130720:1700,17.21,45.1,681.0,163.33,524.0,372.4,2.0,122.0,74510.0
20130720:1800,18.04,41.45,683.0,194.12,502.0,381.8,1.52,132.0,74422.0
20130720:1900,16.04,53.45,277.0,17.82,262.0,381.2,1.72,125.0,74341.0
20130720:2000,16.52,49.95,700.0,900.66,73.0,382.0,2.0,127.0,74210.0
20130720:2100,16.86,46.4,483.0,833.89,62.0,368.8,1.17,144.0,74210.0
20130720:2200,15.84,49.35,242.0,707.84,43.0,376.6,0.55,217.0,74254.0
20130720:2300,14.93,54.2,0.0,0.0,0.0,370.6,0.34,235.0,74290.0
20130721:0000,14.32,57.6,0.0,-0.0,0.0,373.0,0.07,189.0,74407.0
20130721:0100,13.94,58.65,0.0,-0.0,0.0,372.05,0.34,108.0,74495.0
20130721:0200,13.47,60.9,0.0,-0.0,0.0,367.2,0.55,98.0,74583.0
20130721:0300,13.02,63.6,0.0,-0.0,0.0,366.6,0.62,102.0,74635.0
20130721:0400,12.44,66.5,0.0,-0.0,0.0,359.8,0.76,108.0,74649.0
20130721:0500,12.28,67.55,0.0,-0.0,0.0,364.2,0.76,111.0,74613.0
20130721:0600,12.17,68.2,0.0,-0.0,0.0,366.8,0.76,113.0,74576.0
20130721:0700,11.19,71.1,0.0,-0.0,0.0,360.0,1.03,107.0,74547.0
20130721:0800,11.37,70.2,0.0,-0.0,0.0,366.8,1.03,110.0,74539.0
20130721:0900,11.49,69.45,0.0,-0.0,0.0,364.2,1.1,109.0,74547.0
20130721:1000,11.55,68.9,0.0,-0.0,0.0,366.4,1.24,102.0,74488.0
20130721:1100,11.49,69.55,0.0,0.0,0.0,358.2,1.03,100.0,74532.0
20130721:1200,11.96,68.25,214.0,632.83,50.0,354.4,1.1,106.0,74576.0
20130721:1300,13.35,62.25,462.0,817.82,65.0,357.6,1.17,120.0,74576.0
20130721:1400,15.26,51.7,305.0,41.14,277.0,342.8,1.31,141.0,74583.0
20130721:1500,16.88,43.3,353.0,34.88,324.0,346.0,1.59,146.0,74481.0
20130721:1600,18.69,35.45,306.0,19.41,288.0,340.4,1.93,145.0,74349.0
20130721:1700,19.37,32.4,374.0,22.87,352.0,354.6,1.45,142.0,74268.0
20130721:1800,20.95,27.4,665.0,172.5,504.0,345.0,1.45,129.0,74210.0
20130721:1900,20.92,28.75,553.0,136.44,438.0,357.4,0.97,149.0,74129.0
20130721:2000,21.25,26.0,520.0,268.33,333.0,356.2,0.34,134.0,74063.0
20130721:2100,20.07,28.65,253.0,71.23,217.0,352.6,0.83,313.0,74092.0
20130721:2200,18.47,35.35,242.0,703.56,44.0,345.2,1.17,319.0,74085.0
20130721:2300,16.77,44.7,0.0,0.0,0.0,336.4,1.1,317.0,74210.0
20130722:0000,15.21,54.6,0.0,-0.0,0.0,325.0,0.76,312.0,74341.0
20130722:0100,13.95,62.35,0.0,-0.0,0.0,336.65,0.55,301.0,74481.0
20130722:0200,13.15,69.8,0.0,-0.0,0.0,328.4,0.34,350.0,74561.0
20130722:0300,12.39,78.65,0.0,-0.0,0.0,334.4,0.41,85.0,74664.0
20130722:0400,12.64,70.45,0.0,-0.0,0.0,357.6,0.76,110.0,74679.0
20130722:0500,12.42,69.8,0.0,-0.0,0.0,352.2,0.83,119.0,74642.0
20130722:0600,12.08,70.05,0.0,-0.0,0.0,346.4,0.69,112.0,74620.0
20130722:0700,12.09,67.2,0.0,-0.0,0.0,360.6,0.97,113.0,74591.0
20130722:0800,11.84,66.7,0.0,-0.0,0.0,352.8,1.03,118.0,74569.0
20130722:0900,11.55,67.0,0.0,-0.0,0.0,343.8,0.9,113.0,74598.0
20130722:1000,11.02,68.75,0.0,-0.0,0.0,333.6,0.83,105.0,74620.0
20130722:1100,10.35,72.55,0.0,0.0,0.0,320.2,0.97,98.0,74613.0
20130722:1200,11.2,68.75,103.0,38.61,93.0,319.2,1.1,102.0,74657.0
20130722:1300,14.08,55.75,462.0,815.53,66.0,328.4,0.97,117.0,74657.0
20130722:1400,16.4,46.5,686.0,897.2,75.0,331.0,0.83,148.0,74620.0
20130722:1500,18.52,38.0,862.0,938.73,81.0,344.8,1.59,133.0,74525.0
20130722:1600,19.57,33.5,520.0,63.57,461.0,363.8,1.1,127.0,74422.0
20130722:1700,20.13,32.55,533.0,60.22,475.0,361.6,0.14,114.0,74349.0
20130722:1800,20.42,31.7,981.0,960.12,84.0,365.6,0.41,291.0,74283.0
20130722:1900,20.47,30.75,874.0,941.07,80.0,361.2,0.55,317.0,74224.0
20130722:2000,20.17,31.1,703.0,901.63,74.0,357.6,0.55,327.0,74217.0
20130722:2100,19.31,35.5,485.0,834.12,63.0,363.4,1.59,318.0,74239.0
20130722:2200,17.51,45.85,97.0,0.0,97.0,349.6,1.38,324.0,74166.0
20130722:2300,15.91,55.35,0.0,0.0,0.0,342.6,1.1,329.0,74297.0
20130723:0000,14.85,64.5,0.0,-0.0,0.0,344.8,0.62,324.0,74437.0
20130723:0100,14.11,70.85,0.0,-0.0,0.0,348.65,0.34,336.0,74539.0
20130723:0200,13.16,76.1,0.0,-0.0,0.0,334.6,0.55,48.0,74649.0
20130723:0300,12.31,83.55,0.0,-0.0,0.0,347.4,0.69,72.0,74693.0
20130723:0400,11.74,90.5,0.0,-0.0,0.0,346.6,0.76,79.0,74737.0
20130723:0500,11.33,92.45,0.0,-0.0,0.0,341.4,0.76,89.0,74708.0
20130723:0600,11.47,92.4,0.0,-0.0,0.0,358.2,0.55,109.0,74649.0
20130723:0700,11.62,78.75,0.0,-0.0,0.0,344.2,0.62,131.0,74613.0
20130723:0800,11.31,78.65,0.0,-0.0,0.0,336.0,0.76,115.0,74583.0
20130723:0900,11.05,78.45,0.0,-0.0,0.0,335.6,0.83,107.0,74605.0
20130723:1000,11.02,77.75,0.0,-0.0,0.0,344.4,0.9,107.0,74642.0
20130723:1100,11.04,78.05,0.0,0.0,0.0,350.8,0.83,113.0,74664.0
20130723:1200,11.17,80.4,156.0,227.93,97.0,345.8,0.9,120.0,74700.0
20130723:1300,12.17,76.4,363.0,333.5,201.0,344.4,0.97,127.0,74730.0
20130723:1400,13.05,71.7,410.0,111.52,334.0,363.8,1.17,128.0,74722.0
20130723:1500,13.78,69.5,708.0,375.91,395.0,363.6,0.97,125.0,74700.0
20130723:1600,14.42,65.7,563.0,87.19,482.0,369.2,1.38,116.0,74686.0
20130723:1700,15.4,59.0,602.0,96.47,509.0,375.0,1.59,113.0,74671.0
20130723:1800,15.53,56.3,457.0,39.56,420.0,371.8,1.52,116.0,74613.0
20130723:1900,13.64,78.6,373.0,30.78,347.0,360.6,1.38,98.0,74517.0
20130723:2000,13.63,78.35,338.0,48.69,304.0,365.4,1.03,96.0,74466.0
20130723:2100,13.67,78.4,198.0,21.72,187.0,360.6,0.76,106.0,74422.0
20130723:2200,13.59,74.8,164.0,191.56,110.0,361.0,0.48,115.0,74415.0
20130723:2300,13.28,74.85,0.0,0.0,0.0,355.0,0.62,140.0,74422.0
20130724:0000,12.87,76.4,0.0,-0.0,0.0,351.4,0.62,115.0,74459.0
20130724:0100,12.41,78.1,0.0,-0.0,0.0,351.85,0.83,115.0,74488.0
20130724:0200,12.17,79.35,0.0,-0.0,0.0,361.0,0.97,107.0,74525.0
20130724:0300,12.09,79.9,0.0,-0.0,0.0,367.2,0.9,92.0,74576.0
20130724:0400,11.68,82.3,0.0,-0.0,0.0,365.6,0.9,94.0,74561.0
20130724:0500,11.19,85.6,0.0,-0.0,0.0,362.6,0.9,95.0,74554.0
20130724:0600,10.84,85.9,0.0,-0.0,0.0,357.4,1.17,94.0,74525.0
20130724:0700,10.34,85.0,0.0,-0.0,0.0,353.0,1.31,99.0,74503.0
20130724:0800,9.88,85.2,0.0,-0.0,0.0,341.8,1.38,100.0,74473.0
20130724:0900,9.49,84.75,0.0,-0.0,0.0,339.8,1.45,100.0,74466.0
20130724:1000,8.88,85.15,0.0,-0.0,0.0,334.8,1.45,103.0,74481.0
20130724:1100,8.52,84.6,0.0,0.0,0.0,333.8,1.52,104.0,74495.0
20130724:1200,9.5,79.25,215.0,637.65,50.0,345.4,1.45,104.0,74495.0
20130724:1300,12.07,68.8,465.0,821.05,66.0,344.2,1.24,108.0,74547.0
20130724:1400,14.72,54.15,691.0,901.82,76.0,352.6,1.03,129.0,74517.0
20130724:1500,16.62,44.45,870.0,945.56,82.0,353.0,1.17,136.0,74495.0
20130724:1600,17.87,38.6,983.0,964.63,86.0,363.4,1.38,127.0,74393.0
20130724:1700,19.23,33.1,637.0,121.25,520.0,351.0,1.45,126.0,74327.0
20130724:1800,19.53,30.75,652.0,157.03,505.0,347.0,0.55,148.0,74232.0
20130724:1900,20.12,28.85,609.0,197.53,442.0,358.0,1.1,132.0,74136.0
20130724:2000,20.07,27.9,708.0,906.99,74.0,364.2,0.21,217.0,74100.0
20130724:2100,19.67,29.4,111.0,0.0,111.0,355.6,0.83,277.0,74100.0
20130724:2200,18.25,35.7,244.0,709.04,44.0,346.8,0.9,285.0,74173.0
20130724:2300,16.63,43.0,0.0,0.0,0.0,328.6,0.55,306.0,74254.0
20130725:0000,15.28,67.75,0.0,-0.0,0.0,330.2,0.14,65.0,74341.0
20130725:0100,13.55,60.0,0.0,-0.0,0.0,320.45,0.76,102.0,74444.0
20130725:0200,13.14,61.2,0.0,-0.0,0.0,341.6,0.97,109.0,74547.0
20130725:0300,12.81,62.0,0.0,-0.0,0.0,347.4,1.1,108.0,74627.0
20130725:0400,12.41,63.65,0.0,-0.0,0.0,346.4,1.17,103.0,74657.0
20130725:0500,12.24,64.1,0.0,-0.0,0.0,355.0,1.17,105.0,74664.0
20130725:0600,11.88,65.5,0.0,-0.0,0.0,347.6,1.1,107.0,74649.0
20130725:0700,11.67,65.05,0.0,-0.0,0.0,350.6,1.31,127.0,74598.0
20130725:0800,11.42,65.8,0.0,-0.0,0.0,352.6,1.31,122.0,74583.0
20130725:0900,11.2,66.45,0.0,-0.0,0.0,353.0,1.31,117.0,74605.0
20130725:1000,11.02,66.75,0.0,-0.0,0.0,357.8,1.31,118.0,74583.0
20130725:1100,10.67,67.95,0.0,0.0,0.0,354.2,1.24,120.0,74598.0
20130725:1200,11.12,65.8,212.0,626.2,50.0,357.2,1.31,118.0,74657.0
20130725:1300,12.6,58.85,461.0,812.4,66.0,362.4,1.17,129.0,74671.0
20130725:1400,13.7,53.75,687.0,895.27,76.0,366.0,1.1,145.0,74635.0
20130725:1500,14.41,51.3,866.0,939.93,82.0,373.2,0.97,152.0,74613.0
20130725:1600,15.57,48.0,753.0,294.38,479.0,376.6,0.97,147.0,74554.0
20130725:1700,17.03,44.0,623.0,109.74,517.0,372.0,1.38,132.0,74459.0
20130725:1800,18.41,40.3,93.0,0.0,93.0,372.0,1.31,133.0,74393.0
20130725:1900,19.53,39.4,243.0,15.36,230.0,363.8,1.1,164.0,74319.0
20130725:2000,19.7,38.85,402.0,95.76,335.0,367.0,0.69,188.0,74276.0
20130725:2100,19.31,39.85,142.0,0.0,142.0,364.2,0.69,209.0,74283.0
20130725:2200,17.94,43.65,152.0,141.74,112.0,370.0,0.55,188.0,74415.0
20130725:2300,16.63,47.1,0.0,0.0,0.0,369.8,0.55,215.0,74517.0
20130726:0000,15.67,51.35,0.0,-0.0,0.0,371.6,0.69,184.0,74715.0
20130726:0100,14.92,55.3,0.0,-0.0,0.0,379.45,0.83,191.0,74744.0
20130726:0200,14.18,59.25,0.0,-0.0,0.0,371.2,0.76,181.0,74810.0
20130726:0300,13.77,61.45,0.0,-0.0,0.0,378.8,0.76,157.0,74796.0
20130726:0400,13.35,63.9,0.0,-0.0,0.0,378.4,1.1,120.0,74730.0
20130726:0500,13.08,65.85,0.0,-0.0,0.0,378.6,0.97,111.0,74722.0
20130726:0600,12.89,67.25,0.0,-0.0,0.0,375.8,0.48,157.0,74715.0
20130726:0700,12.09,79.7,0.0,-0.0,0.0,379.0,1.03,92.0,74664.0
20130726:0800,12.11,78.85,0.0,-0.0,0.0,377.0,1.03,99.0,74620.0
20130726:0900,11.91,79.85,0.0,-0.0,0.0,374.0,0.9,115.0,74613.0
20130726:1000,11.67,81.85,0.0,-0.0,0.0,375.2,0.55,134.0,74627.0
20130726:1100,11.54,83.5,0.0,0.0,0.0,374.8,0.41,133.0,74700.0
20130726:1200,11.6,84.1,72.0,0.0,72.0,370.8,0.41,144.0,74759.0
20130726:1300,12.14,80.55,302.0,164.44,222.0,375.0,0.83,162.0,74774.0
20130726:1400,12.63,76.15,447.0,155.19,341.0,375.8,1.17,178.0,74781.0
20130726:1500,13.28,72.35,650.0,265.91,428.0,376.2,1.17,198.0,74796.0
20130726:1600,13.73,69.45,693.0,202.86,504.0,372.8,1.1,196.0,74737.0
20130726:1700,14.4,65.5,613.0,102.39,514.0,374.8,1.24,171.0,74657.0
20130726:1800,15.83,56.2,652.0,155.65,506.0,376.8,1.66,155.0,74583.0
20130726:1900,15.93,52.3,585.0,167.63,443.0,382.0,1.72,164.0,74517.0
20130726:2000,16.03,50.05,310.0,34.27,286.0,382.2,1.72,158.0,74459.0
20130726:2100,16.18,47.4,207.0,27.58,193.0,375.6,1.66,166.0,74481.0
20130726:2200,16.0,46.05,206.0,432.17,84.0,369.0,1.52,174.0,74444.0
20130726:2300,14.87,51.85,0.0,0.0,0.0,369.4,1.17,190.0,74517.0
20130727:0000,13.98,56.95,0.0,-0.0,0.0,362.0,0.83,175.0,74627.0
20130727:0100,13.45,59.6,0.0,-0.0,0.0,370.45,0.76,167.0,74700.0
20130727:0200,13.13,61.4,0.0,-0.0,0.0,373.6,0.76,164.0,74752.0
20130727:0300,12.85,63.05,0.0,-0.0,0.0,371.2,0.62,170.0,74788.0
20130727:0400,12.59,64.8,0.0,-0.0,0.0,372.8,0.55,172.0,74766.0
20130727:0500,12.27,66.8,0.0,-0.0,0.0,368.4,0.48,178.0,74803.0
20130727:0600,12.05,68.35,0.0,-0.0,0.0,371.0,0.41,185.0,74744.0
20130727:0700,11.57,66.75,0.0,-0.0,0.0,372.6,0.41,201.0,74730.0
20130727:0800,11.36,68.9,0.0,-0.0,0.0,367.6,0.34,198.0,74679.0
20130727:0900,11.28,70.2,0.0,-0.0,0.0,363.0,0.34,178.0,74700.0
20130727:1000,11.22,70.65,0.0,-0.0,0.0,358.2,0.48,153.0,74700.0
20130727:1100,11.26,70.7,0.0,0.0,0.0,361.2,0.62,146.0,74708.0
20130727:1200,11.63,69.55,97.0,27.06,90.0,357.8,0.62,160.0,74737.0
20130727:1300,12.57,65.2,154.0,10.27,149.0,366.2,0.76,164.0,74766.0
20130727:1400,13.63,59.8,463.0,177.0,342.0,371.8,1.24,152.0,74737.0
20130727:1500,15.98,48.2,585.0,172.32,441.0,361.2,1.72,150.0,74657.0
20130727:1600,17.77,39.65,980.0,958.59,86.0,356.4,1.93,151.0,74539.0
20130727:1700,18.46,37.3,613.0,101.26,515.0,351.4,1.86,181.0,74510.0
20130727:1800,19.58,34.2,987.0,959.57,86.0,372.2,2.07,171.0,74393.0
20130727:1900,19.35,35.25,879.0,939.94,82.0,370.8,1.93,169.0,74283.0
20130727:2000,19.18,34.65,166.0,8.56,160.0,366.4,1.86,164.0,74210.0
20130727:2100,18.7,35.45,488.0,834.58,64.0,352.8,1.72,163.0,74239.0
20130727:2200,17.35,39.15,243.0,701.26,45.0,356.2,1.17,184.0,74334.0
20130727:2300,15.92,44.55,0.0,0.0,0.0,357.4,0.76,205.0,74444.0
20130728:0000,14.87,49.45,0.0,-0.0,0.0,365.8,0.69,197.0,74583.0
20130728:0100,13.93,55.05,0.0,-0.0,0.0,367.45,0.69,189.0,74642.0
20130728:0200,13.46,57.85,0.0,-0.0,0.0,366.6,0.9,148.0,74686.0
20130728:0300,13.27,59.05,0.0,-0.0,0.0,377.4,0.83,148.0,74693.0
20130728:0400,13.0,60.4,0.0,-0.0,0.0,372.4,0.76,150.0,74722.0
20130728:0500,12.69,61.9,0.0,-0.0,0.0,371.0,0.69,148.0,74708.0
20130728:0600,12.42,63.2,0.0,-0.0,0.0,367.4,0.69,155.0,74671.0
20130728:0700,11.86,62.9,0.0,-0.0,0.0,368.4,0.48,163.0,74635.0
20130728:0800,11.67,63.95,0.0,-0.0,0.0,358.0,0.48,163.0,74598.0
20130728:0900,11.68,64.0,0.0,-0.0,0.0,365.0,0.62,142.0,74620.0
20130728:1000,11.6,64.6,0.0,-0.0,0.0,360.0,0.69,136.0,74686.0
20130728:1100,11.56,65.2,0.0,0.0,0.0,362.4,0.76,136.0,74686.0
20130728:1200,11.9,64.2,213.0,626.11,51.0,356.8,0.97,136.0,74708.0
20130728:1300,12.91,59.25,174.0,18.47,165.0,362.4,1.1,139.0,74730.0
20130728:1400,14.25,53.25,692.0,898.79,77.0,355.6,1.03,154.0,74708.0
20130728:1500,16.58,42.7,871.0,942.01,83.0,349.8,1.79,150.0,74700.0
20130728:1600,18.18,36.0,430.0,32.13,400.0,357.2,2.0,156.0,74591.0
20130728:1700,19.26,32.55,244.0,17.55,227.0,366.8,2.14,154.0,74444.0
20130728:1800,20.53,29.95,428.0,31.92,398.0,345.0,1.79,156.0,74385.0
20130728:1900,19.09,34.65,881.0,941.41,82.0,377.0,2.21,149.0,74312.0
20130728:2000,19.13,33.7,162.0,8.55,156.0,373.2,2.28,137.0,74297.0
20130728:2100,18.55,34.1,83.0,0.0,83.0,348.8,1.93,135.0,74290.0
20130728:2200,17.54,35.8,20.0,0.0,20.0,355.6,1.38,131.0,74327.0
20130728:2300,16.33,38.9,0.0,0.0,0.0,358.0,0.76,180.0,74393.0
20130729:0000,14.96,45.15,0.0,-0.0,0.0,337.0,0.55,201.0,74517.0
20130729:0100,14.04,52.85,0.0,-0.0,0.0,344.65,0.55,173.0,74627.0
20130729:0200,13.73,52.3,0.0,-0.0,0.0,354.8,0.97,134.0,74693.0
20130729:0300,13.46,53.15,0.0,-0.0,0.0,360.4,1.03,122.0,74722.0
20130729:0400,13.23,54.05,0.0,-0.0,0.0,364.0,0.9,130.0,74737.0
20130729:0500,12.97,55.05,0.0,-0.0,0.0,364.2,0.9,122.0,74715.0
20130729:0600,12.68,56.15,0.0,-0.0,0.0,363.6,0.83,138.0,74679.0
20130729:0700,12.37,56.7,0.0,-0.0,0.0,373.8,0.97,133.0,74635.0
20130729:0800,12.23,57.85,0.0,-0.0,0.0,366.2,0.9,135.0,74620.0
20130729:0900,12.14,58.95,0.0,-0.0,0.0,361.8,0.76,149.0,74657.0
20130729:1000,11.93,60.35,0.0,-0.0,0.0,359.2,0.69,151.0,74620.0
20130729:1100,11.86,61.5,0.0,0.0,0.0,361.8,0.83,151.0,74679.0
20130729:1200,12.17,61.4,81.0,3.86,80.0,365.6,0.9,151.0,74759.0
20130729:1300,12.96,58.6,464.0,814.22,67.0,365.6,1.1,154.0,74818.0
20130729:1400,14.25,52.2,537.0,313.91,322.0,365.4,2.0,143.0,74818.0
20130729:1500,16.06,43.5,274.0,17.91,259.0,361.6,2.62,143.0,74781.0
20130729:1600,17.35,37.65,375.0,24.61,352.0,373.6,2.9,144.0,74686.0
20130729:1700,18.57,32.75,579.0,79.39,502.0,358.4,2.69,143.0,74583.0
20130729:1800,19.5,29.85,991.0,960.85,87.0,352.6,2.62,140.0,74525.0
20130729:1900,18.57,34.8,684.0,301.35,428.0,370.0,2.83,141.0,74459.0
20130729:2000,18.71,32.75,516.0,252.1,339.0,362.0,2.28,158.0,74400.0
20130729:2100,18.47,32.6,488.0,833.58,64.0,351.2,1.66,165.0,74415.0
20130729:2200,17.69,33.7,132.0,70.84,112.0,350.6,0.9,169.0,74400.0
20130729:2300,16.4,37.7,0.0,0.0,0.0,340.6,0.69,237.0,74495.0
20130730:0000,14.86,46.7,0.0,-0.0,0.0,328.0,0.41,294.0,74642.0
20130730:0100,14.04,51.5,0.0,-0.0,0.0,328.65,0.14,312.0,74730.0
20130730:0200,12.84,66.8,0.0,-0.0,0.0,335.2,0.48,130.0,74796.0
20130730:0300,12.54,59.75,0.0,-0.0,0.0,337.0,0.9,119.0,74840.0
20130730:0400,12.42,59.5,0.0,-0.0,0.0,347.0,0.97,117.0,74862.0
20130730:0500,12.28,59.65,0.0,-0.0,0.0,352.8,1.03,116.0,74840.0
20130730:0600,12.32,59.05,0.0,-0.0,0.0,363.6,0.97,121.0,74796.0
20130730:0700,12.2,52.45,0.0,-0.0,0.0,365.0,0.83,106.0,74744.0
20130730:0800,12.29,51.95,0.0,-0.0,0.0,368.6,0.9,91.0,74715.0
20130730:0900,12.3,51.9,0.0,-0.0,0.0,369.8,0.69,94.0,74744.0
20130730:1000,12.11,52.85,0.0,-0.0,0.0,362.6,0.55,109.0,74693.0
20130730:1100,12.18,53.25,0.0,0.0,0.0,371.4,0.62,124.0,74730.0
20130730:1200,12.34,54.3,212.0,621.74,51.0,366.2,0.69,136.0,74781.0
20130730:1300,13.19,53.05,463.0,811.45,67.0,370.2,0.76,159.0,74869.0
20130730:1400,14.42,50.45,151.0,10.21,144.0,366.0,0.83,173.0,74854.0
20130730:1500,16.0,46.3,309.0,21.47,291.0,358.2,1.17,164.0,74854.0
20130730:1600,17.09,42.7,985.0,959.89,87.0,374.0,1.72,146.0,74774.0
20130730:1700,18.66,37.55,609.0,96.82,515.0,371.6,1.79,142.0,74715.0
20130730:1800,19.65,33.9,992.0,960.96,87.0,375.0,1.52,145.0,74598.0
20130730:1900,17.7,42.6,432.0,49.39,390.0,371.4,1.45,166.0,74451.0
20130730:2000,18.04,40.8,412.0,102.47,340.0,374.8,0.9,160.0,74385.0
20130730:2100,18.15,39.4,490.0,835.14,65.0,365.4,0.48,233.0,74356.0
20130730:2200,17.18,41.9,243.0,701.53,45.0,357.8,0.83,291.0,74393.0
20130730:2300,15.48,50.1,0.0,0.0,0.0,352.2,0.9,304.0,74510.0
20130731:0000,14.46,56.25,0.0,-0.0,0.0,351.2,0.76,285.0,74620.0
20130731:0100,13.94,59.9,0.0,-0.0,0.0,348.05,0.41,246.0,74722.0
20130731:0200,13.69,63.25,0.0,-0.0,0.0,357.8,0.41,148.0,74759.0
20130731:0300,12.98,68.85,0.0,-0.0,0.0,343.8,0.55,110.0,74788.0
20130731:0400,12.8,66.75,0.0,-0.0,0.0,353.2,0.55,103.0,74796.0
20130731:0500,12.43,67.1,0.0,-0.0,0.0,350.8,0.62,108.0,74788.0
20130731:0600,12.13,67.85,0.0,-0.0,0.0,348.0,0.83,109.0,74752.0
20130731:0700,12.03,68.5,0.0,-0.0,0.0,365.0,0.97,127.0,74700.0
20130731:0800,11.96,68.6,0.0,-0.0,0.0,371.0,0.97,127.0,74693.0
20130731:0900,11.93,69.0,0.0,-0.0,0.0,373.4,1.1,117.0,74686.0
20130731:1000,11.91,69.8,0.0,-0.0,0.0,374.2,0.9,119.0,74730.0
20130731:1100,11.88,70.55,0.0,0.0,0.0,375.0,0.55,132.0,74744.0
20130731:1200,11.95,71.35,213.0,625.22,51.0,375.2,0.48,143.0,74810.0
20130731:1300,12.47,69.65,465.0,814.77,67.0,373.8,0.83,133.0,74774.0
20130731:1400,13.71,64.7,693.0,897.54,77.0,372.6,1.03,138.0,74766.0
20130731:1500,15.81,54.05,873.0,940.25,84.0,357.4,1.59,139.0,74679.0
20130731:1600,20.3,32.99,988.0,961.0,88.0,367.85,0.72,150.0,74532.0
20130731:1700,19.66,36.11,454.0,46.3,409.0,366.15,0.74,153.0,74481.0
20130731:1800,19.02,39.22,635.0,134.72,508.0,364.45,0.75,259.0,74378.0
20130731:1900,18.38,42.33,882.0,938.84,83.0,362.76,0.77,116.0,74319.0
20130731:2000,17.74,45.44,708.0,898.8,76.0,361.06,0.78,356.0,74254.0
20130731:2100,17.1,48.55,106.0,0.0,106.0,359.37,0.8,315.0,74254.0
20130731:2200,16.46,51.66,87.0,0.0,87.0,357.67,0.81,311.0,74297.0
20130731:2300,15.82,54.77,0.0,0.0,0.0,355.98,0.83,311.0,74400.0
20060801:0000,15.18,57.88,0.0,-0.0,0.0,354.28,0.84,95.0,74591.0
20060801:0100,14.54,60.99,0.0,-0.0,0.0,352.58,0.86,98.0,74671.0
20060801:0200,13.9,64.1,0.0,-0.0,0.0,350.89,0.87,105.0,74796.0
20060801:0300,13.26,67.21,0.0,-0.0,0.0,349.19,0.89,108.0,74840.0
20060801:0400,12.62,70.32,0.0,-0.0,0.0,347.5,0.9,106.0,74884.0
20060801:0500,11.98,73.43,0.0,-0.0,0.0,345.8,0.92,116.0,74862.0
20060801:0600,11.34,76.54,0.0,-0.0,0.0,344.11,0.94,121.0,74825.0
20060801:0700,10.7,79.66,0.0,-0.0,0.0,342.41,0.95,99.0,74788.0
20060801:0800,11.0,72.85,0.0,-0.0,0.0,341.6,0.97,98.0,74752.0
20060801:0900,10.85,73.8,0.0,-0.0,0.0,349.0,1.03,92.0,74737.0
20060801:1000,10.57,75.4,0.0,-0.0,0.0,346.4,1.17,95.0,74788.0
20060801:1100,10.25,76.75,0.0,0.0,0.0,338.8,1.1,98.0,74810.0
20060801:1200,10.8,73.4,210.0,601.6,54.0,340.8,1.17,99.0,74854.0
20060801:1300,12.36,65.3,198.0,28.63,184.0,353.8,1.38,108.0,74862.0
20060801:1400,14.38,56.45,307.0,34.93,283.0,346.0,1.38,125.0,74840.0
20060801:1500,16.0,49.8,495.0,84.52,424.0,362.0,1.86,134.0,74730.0
20060801:1600,17.36,43.35,254.0,18.13,237.0,372.2,2.55,131.0,74620.0
20060801:1700,18.94,37.4,531.0,78.12,455.0,369.4,2.07,134.0,74547.0
20060801:1800,19.68,35.4,186.0,13.78,173.0,359.2,1.66,152.0,74539.0
20060801:1900,19.15,36.55,608.0,190.19,446.0,372.4,1.66,157.0,74459.0
20060801:2000,18.95,36.25,708.0,886.82,84.0,357.6,1.38,169.0,74444.0
20060801:2100,18.77,35.95,348.0,245.45,223.0,377.0,1.1,175.0,74437.0
20060801:2200,17.88,38.2,68.0,0.0,68.0,346.6,0.76,185.0,74378.0
20060801:2300,16.32,45.4,0.0,0.0,0.0,327.0,0.48,211.0,74510.0
20060802:0000,15.11,51.45,0.0,-0.0,0.0,340.6,0.83,140.0,74627.0
20060802:0100,13.89,56.9,0.0,-0.0,0.0,334.25,0.97,118.0,74708.0
20060802:0200,13.28,60.55,0.0,-0.0,0.0,354.8,0.83,120.0,74825.0
20060802:0300,12.58,63.95,0.0,-0.0,0.0,341.6,0.97,125.0,74869.0
20060802:0400,12.36,64.85,0.0,-0.0,0.0,354.6,1.03,122.0,74876.0
20060802:0500,12.05,66.2,0.0,-0.0,0.0,354.4,0.97,123.0,74884.0
20060802:0600,11.78,67.05,0.0,-0.0,0.0,357.0,0.83,131.0,74862.0
20060802:0700,11.43,65.1,0.0,-0.0,0.0,358.2,1.1,128.0,74796.0
20060802:0800,11.49,65.35,0.0,-0.0,0.0,370.8,1.1,125.0,74752.0
20060802:0900,11.51,65.8,0.0,-0.0,0.0,370.0,0.97,131.0,74722.0
20060802:1000,11.59,65.95,0.0,-0.0,0.0,373.4,0.9,138.0,74744.0
20060802:1100,11.57,66.75,0.0,0.0,0.0,372.0,0.97,140.0,74774.0
20060802:1200,11.86,66.55,89.0,11.56,86.0,374.0,1.03,144.0,74803.0
20060802:1300,12.57,64.35,212.0,36.77,194.0,374.4,1.31,140.0,74832.0
20060802:1400,13.64,59.0,695.0,886.81,85.0,369.0,1.93,134.0,74818.0
20060802:1500,15.49,48.5,877.0,933.39,92.0,365.6,2.55,137.0,74722.0
20060802:1600,16.32,43.15,494.0,50.08,447.0,370.8,2.55,139.0,74657.0
20060802:1700,17.57,37.65,1036.0,963.17,98.0,373.8,2.62,138.0,74613.0
20060802:1800,18.69,33.1,1000.0,956.05,97.0,344.6,2.55,136.0,74525.0
20060802:1900,18.3,33.75,386.0,32.84,358.0,372.2,2.28,135.0,74451.0
20060802:2000,18.44,32.1,430.0,120.72,345.0,370.8,2.21,140.0,74393.0
20060802:2100,17.72,32.55,262.0,78.52,222.0,369.6,1.59,147.0,74400.0
20060802:2200,16.97,34.0,48.0,0.0,48.0,376.0,0.97,164.0,74400.0
20060802:2300,15.77,38.8,0.0,0.0,0.0,338.2,0.41,216.0,74517.0
20060803:0000,14.65,46.0,0.0,-0.0,0.0,340.0,0.34,113.0,74649.0
20060803:0100,13.24,53.8,0.0,-0.0,0.0,325.45,0.83,95.0,74708.0
20060803:0200,12.15,58.15,0.0,-0.0,0.0,320.2,0.9,103.0,74781.0
20060803:0300,11.83,59.35,0.0,-0.0,0.0,339.8,0.9,106.0,74862.0
20060803:0400,11.54,61.0,0.0,-0.0,0.0,339.8,0.97,110.0,74862.0
20060803:0500,10.67,65.05,0.0,-0.0,0.0,326.0,1.03,108.0,74847.0
20060803:0600,10.67,65.05,0.0,-0.0,0.0,355.2,1.03,104.0,74847.0
20060803:0700,9.9,69.15,0.0,-0.0,0.0,351.4,1.24,113.0,74818.0
20060803:0800,9.55,70.3,0.0,-0.0,0.0,362.0,1.38,113.0,74774.0
20060803:0900,9.3,71.55,0.0,-0.0,0.0,350.6,1.45,108.0,74781.0
20060803:1000,8.82,73.8,0.0,-0.0,0.0,343.8,1.38,102.0,74803.0
20060803:1100,8.57,73.85,0.0,0.0,0.0,348.2,1.38,101.0,74796.0
20060803:1200,9.37,69.55,216.0,619.67,55.0,336.2,1.38,104.0,74854.0
20060803:1300,11.44,60.05,472.0,812.08,74.0,353.4,1.31,109.0,74832.0
20060803:1400,14.35,49.15,459.0,165.54,345.0,337.6,1.03,137.0,74766.0
20060803:1500,16.92,39.0,169.0,11.88,159.0,335.0,2.83,132.0,74715.0
20060803:1600,18.18,33.15,603.0,108.56,501.0,344.0,2.07,146.0,74569.0
20060803:1700,19.23,30.05,654.0,168.22,490.0,334.0,1.72,156.0,74437.0
20060803:1800,20.59,25.95,217.0,21.15,197.0,351.8,1.86,143.0,74371.0
20060803:1900,20.67,27.05,317.0,21.1,299.0,340.6,1.59,149.0,74283.0
20060803:2000,20.39,27.35,450.0,144.78,348.0,337.0,0.83,174.0,74254.0
20060803:2100,19.79,28.45,490.0,818.46,73.0,329.6,0.62,260.0,74246.0
20060803:2200,18.21,34.35,241.0,675.08,51.0,337.4,0.9,318.0,74297.0
20060803:2300,16.34,43.4,0.0,0.0,0.0,326.0,0.9,334.0,74393.0
20060804:0000,14.82,51.65,0.0,-0.0,0.0,318.8,0.41,27.0,74495.0
20060804:0100,13.33,59.95,0.0,-0.0,0.0,312.85,0.83,85.0,74583.0
20060804:0200,12.12,64.85,0.0,-0.0,0.0,314.4,1.03,95.0,74649.0
20060804:0300,11.78,66.6,0.0,-0.0,0.0,331.0,1.1,98.0,74715.0
20060804:0400,11.76,66.5,0.0,-0.0,0.0,344.6,1.1,100.0,74752.0
20060804:0500,11.71,66.15,0.0,-0.0,0.0,349.8,1.24,102.0,74722.0
20060804:0600,11.68,65.15,0.0,-0.0,0.0,354.6,1.24,107.0,74730.0
20060804:0700,10.96,63.55,0.0,-0.0,0.0,347.6,1.1,117.0,74686.0
20060804:0800,10.59,64.9,0.0,-0.0,0.0,346.6,1.17,113.0,74664.0
20060804:0900,10.23,66.5,0.0,-0.0,0.0,350.4,1.17,107.0,74664.0
20060804:1000,9.83,68.55,0.0,-0.0,0.0,334.6,1.24,103.0,74700.0
20060804:1100,9.42,70.95,0.0,0.0,0.0,335.8,1.24,102.0,74679.0
20060804:1200,10.31,67.5,94.0,19.22,89.0,331.6,1.17,101.0,74752.0
20060804:1300,12.0,59.5,58.0,0.0,58.0,348.6,1.1,111.0,74744.0
20060804:1400,14.22,51.5,125.0,5.8,121.0,348.6,0.97,144.0,74686.0
20060804:1500,16.47,42.75,328.0,28.47,304.0,354.6,2.34,138.0,74591.0
20060804:1600,17.75,37.1,344.0,22.32,323.0,355.0,1.93,148.0,74488.0
20060804:1700,19.35,31.4,407.0,25.62,382.0,343.0,2.28,143.0,74415.0
20060804:1800,20.37,28.3,305.0,19.02,287.0,355.6,1.79,143.0,74341.0
20060804:1900,19.84,32.35,550.0,124.14,444.0,344.0,1.66,139.0,74261.0
20060804:2000,20.0,30.9,315.0,35.47,290.0,364.4,0.55,193.0,74180.0
20060804:2100,19.23,33.15,487.0,812.5,73.0,347.6,0.76,260.0,74195.0
20060804:2200,17.49,40.15,239.0,665.17,52.0,342.4,0.9,283.0,74180.0
20060804:2300,15.78,49.15,0.0,0.0,0.0,331.6,0.76,303.0,74297.0
20060805:0000,14.49,57.1,0.0,-0.0,0.0,326.0,0.55,301.0,74400.0
20060805:0100,13.44,72.2,0.0,-0.0,0.0,329.65,0.28,233.0,74488.0
20060805:0200,12.5,74.5,0.0,-0.0,0.0,330.4,0.41,154.0,74591.0
20060805:0300,12.3,69.1,0.0,-0.0,0.0,347.4,0.62,122.0,74642.0
20060805:0400,12.27,69.1,0.0,-0.0,0.0,354.8,0.69,129.0,74679.0
20060805:0500,12.1,69.65,0.0,-0.0,0.0,354.0,0.83,117.0,74635.0
20060805:0600,11.86,70.5,0.0,-0.0,0.0,350.8,0.97,109.0,74561.0
20060805:0700,11.63,63.55,0.0,-0.0,0.0,358.0,0.83,115.0,74517.0
20060805:0800,11.55,64.1,0.0,-0.0,0.0,358.2,0.76,112.0,74488.0
20060805:0900,11.59,64.2,0.0,-0.0,0.0,364.0,0.9,98.0,74510.0
20060805:1000,11.52,64.8,0.0,-0.0,0.0,363.2,0.76,89.0,74583.0
20060805:1100,11.48,65.6,0.0,0.0,0.0,364.6,0.9,91.0,74576.0
20060805:1200,11.86,64.9,82.0,7.68,80.0,358.4,0.83,102.0,74591.0
20060805:1300,12.74,61.15,90.0,0.0,90.0,348.0,0.83,122.0,74613.0
20060805:1400,14.28,54.65,389.0,82.56,332.0,354.8,0.9,142.0,74576.0
20060805:1500,15.88,47.85,877.0,928.92,93.0,354.6,0.97,142.0,74517.0
20060805:1600,17.59,40.9,993.0,950.39,98.0,368.0,0.76,158.0,74371.0
20060805:1700,19.32,34.1,822.0,332.68,497.0,364.4,1.17,152.0,74254.0
20060805:1800,20.47,29.95,812.0,354.75,476.0,354.8,1.1,154.0,74166.0
20060805:1900,20.61,29.35,887.0,929.21,93.0,345.2,0.62,182.0,74070.0
20060805:2000,20.71,29.2,144.0,5.67,140.0,338.6,0.41,294.0,74078.0
20060805:2100,19.83,33.0,487.0,812.5,73.0,339.6,1.38,304.0,74100.0
20060805:2200,17.68,43.4,238.0,662.48,52.0,330.8,1.31,304.0,74136.0
20060805:2300,15.97,52.1,0.0,0.0,0.0,323.8,0.83,303.0,74246.0
20060806:0000,14.75,58.65,0.0,-0.0,0.0,315.8,0.07,325.0,74349.0
20060806:0100,13.76,64.4,0.0,-0.0,0.0,327.25,0.76,113.0,74437.0
20060806:0200,12.77,68.5,0.0,-0.0,0.0,325.0,0.9,110.0,74488.0
20060806:0300,12.54,70.3,0.0,-0.0,0.0,341.4,0.9,105.0,74554.0
20060806:0400,12.48,70.65,0.0,-0.0,0.0,353.0,0.9,103.0,74605.0
20060806:0500,12.21,71.3,0.0,-0.0,0.0,351.8,0.83,100.0,74598.0
20060806:0600,12.03,71.9,0.0,-0.0,0.0,354.6,0.83,102.0,74569.0
20060806:0700,12.11,68.5,0.0,-0.0,0.0,369.2,1.03,120.0,74539.0
20060806:0800,11.84,68.4,0.0,-0.0,0.0,360.2,1.1,123.0,74510.0
20060806:0900,11.68,68.3,0.0,-0.0,0.0,364.0,1.03,117.0,74517.0
20060806:1000,11.37,69.65,0.0,-0.0,0.0,356.2,1.03,110.0,74525.0
20060806:1100,11.1,71.25,0.0,0.0,0.0,346.4,1.03,107.0,74532.0
20060806:1200,11.59,69.1,214.0,609.52,55.0,343.6,1.24,109.0,74569.0
20060806:1300,12.96,61.5,469.0,800.77,75.0,359.6,1.24,119.0,74547.0
20060806:1400,14.85,53.8,287.0,27.49,268.0,359.2,1.1,139.0,74503.0
20060806:1500,16.95,44.8,496.0,81.66,427.0,340.2,1.72,136.0,74459.0
20060806:1600,19.02,36.9,287.0,19.09,269.0,361.0,1.72,140.0,74334.0
20060806:1700,20.01,33.0,209.0,16.36,193.0,369.4,1.03,167.0,74217.0
20060806:1800,20.29,33.4,741.0,246.83,507.0,361.2,0.69,260.0,74136.0
20060806:1900,20.86,31.35,626.0,208.16,448.0,358.8,0.41,243.0,74078.0
20060806:2000,20.3,32.75,269.0,21.26,254.0,350.6,0.76,316.0,74063.0
20060806:2100,19.38,39.05,486.0,810.6,73.0,343.8,1.72,310.0,74085.0
20060806:2200,17.66,48.35,237.0,659.9,52.0,338.6,1.52,311.0,74166.0
20060806:2300,16.15,55.7,0.0,0.0,0.0,348.4,1.03,312.0,74239.0
20060807:0000,15.14,61.15,0.0,-0.0,0.0,347.6,0.62,298.0,74349.0
20060807:0100,14.23,66.15,0.0,-0.0,0.0,351.25,0.34,252.0,74444.0
20060807:0200,13.49,74.95,0.0,-0.0,0.0,338.8,0.14,182.0,74517.0
20060807:0300,13.16,73.4,0.0,-0.0,0.0,349.8,0.34,93.0,74569.0
20060807:0400,12.82,73.65,0.0,-0.0,0.0,350.4,0.55,95.0,74605.0
20060807:0500,12.45,75.45,0.0,-0.0,0.0,349.6,0.69,108.0,74576.0
20060807:0600,11.93,77.85,0.0,-0.0,0.0,338.8,0.83,112.0,74488.0
20060807:0700,12.25,70.7,0.0,-0.0,0.0,362.4,0.97,115.0,74451.0
20060807:0800,12.0,70.8,0.0,-0.0,0.0,366.0,0.9,117.0,74415.0
20060807:0900,11.65,72.05,0.0,-0.0,0.0,352.8,0.83,105.0,74437.0
20060807:1000,11.65,71.75,0.0,-0.0,0.0,367.6,0.9,114.0,74473.0
20060807:1100,11.67,71.1,0.0,0.0,0.0,369.6,0.9,115.0,74488.0
20060807:1200,12.27,68.1,9.0,0.0,9.0,373.0,0.97,112.0,74517.0
20060807:1300,13.48,61.9,84.0,0.0,84.0,364.8,1.03,128.0,74517.0
20060807:1400,14.82,56.05,546.0,316.39,327.0,358.2,0.76,145.0,74554.0
20060807:1500,16.2,49.25,649.0,244.66,442.0,363.8,1.03,132.0,74495.0
20060807:1600,18.51,40.25,627.0,123.96,510.0,361.8,0.69,144.0,74415.0
20060807:1700,18.83,39.8,495.0,41.88,454.0,373.8,0.48,284.0,74378.0
20060807:1800,19.24,40.95,445.0,34.78,412.0,378.4,1.24,308.0,74246.0
20060807:1900,19.5,40.2,176.0,11.69,166.0,363.2,0.62,279.0,74144.0
20060807:2000,19.46,40.7,490.0,199.77,349.0,367.8,0.83,292.0,74100.0
20060807:2100,18.55,45.3,482.0,802.89,73.0,360.8,1.17,292.0,74100.0
20060807:2200,17.13,51.85,234.0,650.28,52.0,365.6,1.17,305.0,74100.0
20060807:2300,15.82,59.65,0.0,0.0,0.0,366.0,1.03,294.0,74224.0
20060808:0000,14.82,65.95,0.0,-0.0,0.0,364.2,0.62,295.0,74334.0
20060808:0100,14.49,67.55,0.0,-0.0,0.0,370.25,0.07,359.0,74378.0
20060808:0200,14.18,69.6,0.0,-0.0,0.0,362.8,0.69,89.0,74473.0
20060808:0300,13.79,72.25,0.0,-0.0,0.0,361.8,0.76,91.0,74517.0
20060808:0400,13.62,73.45,0.0,-0.0,0.0,368.2,0.69,83.0,74547.0
20060808:0500,13.15,75.8,0.0,-0.0,0.0,358.4,0.55,71.0,74532.0
20060808:0600,12.26,80.1,0.0,-0.0,0.0,342.6,0.41,69.0,74517.0
20060808:0700,12.07,74.25,0.0,-0.0,0.0,363.2,0.83,123.0,74503.0
20060808:0800,12.0,74.05,0.0,-0.0,0.0,368.2,0.83,126.0,74451.0
20060808:0900,11.91,74.25,0.0,-0.0,0.0,365.2,0.83,125.0,74437.0
20060808:1000,11.96,73.8,0.0,-0.0,0.0,371.8,0.76,124.0,74459.0
20060808:1100,11.85,74.25,0.0,0.0,0.0,362.8,0.69,134.0,74451.0
20060808:1200,12.13,73.35,57.0,0.0,57.0,358.0,0.76,141.0,74488.0
20060808:1300,13.26,67.35,87.0,0.0,87.0,354.2,0.76,139.0,74503.0
20060808:1400,14.94,58.0,249.0,18.76,236.0,328.6,0.69,135.0,74466.0
20060808:1500,16.78,48.8,287.0,20.07,270.0,361.8,0.62,142.0,74400.0
20060808:1600,18.56,41.65,238.0,16.93,222.0,352.4,0.41,171.0,74363.0
20060808:1700,19.3,39.05,645.0,116.34,531.0,368.4,0.41,203.0,74283.0
20060808:1800,19.43,39.2,469.0,41.07,430.0,360.2,0.48,236.0,74239.0
20060808:1900,19.92,36.8,441.0,51.39,397.0,373.8,0.55,203.0,74151.0
20060808:2000,20.04,36.2,338.0,45.32,306.0,374.2,0.62,279.0,74063.0
20060808:2100,18.69,42.35,131.0,0.0,131.0,364.8,1.38,300.0,74085.0
20060808:2200,17.05,51.95,234.0,651.48,52.0,360.4,1.45,297.0,74107.0
20060808:2300,15.44,61.1,0.0,0.0,0.0,340.8,0.83,277.0,74246.0
20060809:0000,14.48,66.5,0.0,-0.0,0.0,334.0,0.48,267.0,74349.0
20060809:0100,13.8,70.15,0.0,-0.0,0.0,330.85,0.14,1.0,74437.0
20060809:0200,13.33,78.45,0.0,-0.0,0.0,345.8,0.34,86.0,74525.0
20060809:0300,12.92,77.1,0.0,-0.0,0.0,344.6,0.48,90.0,74598.0
20060809:0400,12.67,77.35,0.0,-0.0,0.0,348.4,0.76,91.0,74635.0
20060809:0500,12.39,78.6,0.0,-0.0,0.0,350.4,0.83,92.0,74613.0
20060809:0600,12.13,78.3,0.0,-0.0,0.0,355.0,0.9,96.0,74576.0
20060809:0700,11.93,74.45,0.0,-0.0,0.0,357.2,0.97,114.0,74598.0
20060809:0800,11.84,74.4,0.0,-0.0,0.0,359.8,0.97,127.0,74569.0
20060809:0900,11.78,73.9,0.0,-0.0,0.0,364.2,0.9,130.0,74554.0
20060809:1000,11.26,76.35,0.0,-0.0,0.0,336.8,0.83,126.0,74525.0
20060809:1100,10.73,78.7,0.0,0.0,0.0,337.2,1.03,118.0,74554.0
20060809:1200,11.57,73.2,101.0,30.51,93.0,339.2,0.97,111.0,74554.0
20060809:1300,13.89,60.15,318.0,184.12,227.0,335.0,0.76,128.0,74532.0
20060809:1400,16.19,49.65,518.0,253.56,342.0,331.4,0.48,163.0,74488.0
20060809:1500,17.98,42.95,533.0,108.47,441.0,333.2,0.55,160.0,74444.0
20060809:1600,20.11,35.0,231.0,17.97,214.0,345.6,1.1,132.0,74349.0
20060809:1700,21.11,32.6,468.0,35.68,433.0,351.8,0.41,224.0,74254.0
20060809:1800,21.56,32.75,829.0,354.57,492.0,358.0,1.03,267.0,74246.0
20060809:1900,20.88,34.6,729.0,387.5,397.0,340.4,1.1,274.0,74151.0
20060809:2000,20.41,37.4,712.0,884.98,87.0,351.0,1.1,293.0,74107.0
20060809:2100,19.24,42.65,485.0,807.32,74.0,349.8,1.59,302.0,74070.0
20060809:2200,17.89,49.4,235.0,656.39,52.0,347.4,1.45,306.0,74144.0
20060809:2300,16.49,57.8,0.0,0.0,0.0,351.4,0.9,323.0,74180.0
20060810:0000,15.31,66.9,0.0,-0.0,0.0,328.0,0.76,339.0,74268.0
20060810:0100,14.26,77.0,0.0,-0.0,0.0,339.65,0.69,327.0,74363.0
20060810:0200,13.38,79.75,0.0,-0.0,0.0,373.2,0.83,79.0,74532.0
20060810:0300,13.26,79.05,0.0,-0.0,0.0,362.2,1.1,88.0,74620.0
20060810:0400,13.29,78.35,0.0,-0.0,0.0,368.2,0.76,76.0,74591.0
20060810:0500,13.13,79.25,0.0,-0.0,0.0,363.6,0.9,90.0,74591.0
20060810:0600,12.91,79.75,0.0,-0.0,0.0,359.8,0.97,96.0,74547.0
20060810:0700,12.1,87.3,0.0,-0.0,0.0,361.8,0.62,85.0,74532.0
20060810:0800,11.94,86.45,0.0,-0.0,0.0,345.8,0.76,91.0,74503.0
20060810:0900,11.88,85.55,0.0,-0.0,0.0,349.2,0.69,94.0,74532.0
20060810:1000,11.64,87.65,0.0,-0.0,0.0,360.6,0.69,99.0,74481.0
20060810:1100,11.54,86.5,0.0,0.0,0.0,350.2,0.9,112.0,74459.0
20060810:1200,11.97,83.6,215.0,605.08,56.0,346.2,1.03,115.0,74481.0
20060810:1300,14.11,68.15,297.0,139.38,228.0,336.2,0.97,124.0,74539.0
20060810:1400,16.5,53.35,137.0,7.19,132.0,340.8,1.1,141.0,74481.0
20060810:1500,18.17,44.95,372.0,29.44,347.0,348.2,1.1,142.0,74422.0
20060810:1600,19.88,38.1,373.0,23.23,351.0,348.0,0.83,143.0,74297.0
20060810:1700,21.08,33.15,746.0,210.82,539.0,343.6,0.62,188.0,74188.0
20060810:1800,22.25,29.15,304.0,18.92,286.0,358.2,0.55,220.0,74078.0
20060810:1900,22.15,30.7,352.0,25.66,330.0,364.6,0.62,258.0,74019.0
20060810:2000,21.89,30.5,456.0,148.65,351.0,356.2,0.83,321.0,73960.0
20060810:2100,20.79,35.45,487.0,809.64,75.0,351.6,1.31,319.0,73990.0
20060810:2200,19.05,43.95,209.0,474.51,77.0,350.2,1.17,335.0,74026.0
20060810:2300,17.3,51.4,0.0,0.0,0.0,362.0,0.62,2.0,74070.0
20060811:0000,16.05,58.0,0.0,-0.0,0.0,352.0,0.62,37.0,74254.0
20060811:0100,15.22,62.85,0.0,-0.0,0.0,363.45,0.34,35.0,74378.0
20060811:0200,14.72,65.5,0.0,-0.0,0.0,367.0,0.28,72.0,74407.0
20060811:0300,14.19,67.55,0.0,-0.0,0.0,364.0,0.76,83.0,74503.0
20060811:0400,13.79,68.45,0.0,-0.0,0.0,366.2,0.34,100.0,74532.0
20060811:0500,13.38,71.2,0.0,-0.0,0.0,371.8,0.48,146.0,74525.0
20060811:0600,13.23,68.0,0.0,-0.0,0.0,372.4,0.62,144.0,74495.0
20060811:0700,13.33,61.65,0.0,-0.0,0.0,377.2,0.83,124.0,74429.0
20060811:0800,12.74,64.25,0.0,-0.0,0.0,345.6,0.48,118.0,74407.0
20060811:0900,12.8,64.3,0.0,-0.0,0.0,363.2,0.41,117.0,74422.0
20060811:1000,12.73,64.35,0.0,-0.0,0.0,363.0,0.55,138.0,74437.0
20060811:1100,12.79,64.4,0.0,0.0,0.0,369.8,0.9,125.0,74444.0
20060811:1200,13.06,64.35,43.0,0.0,43.0,364.8,1.1,120.0,74429.0
20060811:1300,14.28,59.2,165.0,12.1,159.0,367.4,1.1,141.0,74444.0
20060811:1400,15.93,52.05,249.0,18.68,236.0,362.2,1.93,138.0,74451.0
20060811:1500,16.8,47.15,520.0,96.43,438.0,369.8,2.07,133.0,74407.0
20060811:1600,17.51,43.4,558.0,74.88,487.0,383.8,2.21,131.0,74393.0
20060811:1700,18.65,39.1,568.0,68.17,501.0,377.6,2.34,137.0,74371.0
20060811:1800,19.8,34.95,707.0,198.54,518.0,375.0,2.28,139.0,74268.0
20060811:1900,19.56,36.1,649.0,235.51,447.0,373.4,2.28,153.0,74188.0
20060811:2000,19.59,34.25,445.0,134.47,350.0,370.6,1.59,143.0,74078.0
20060811:2100,18.98,35.3,210.0,29.49,195.0,369.8,0.41,194.0,74151.0
20060811:2200,17.68,40.05,12.0,0.0,12.0,366.0,0.76,256.0,74202.0
20060811:2300,16.06,48.8,0.0,0.0,0.0,356.0,0.62,211.0,74305.0
20060812:0000,15.28,52.0,0.0,-0.0,0.0,350.8,0.55,145.0,74407.0
20060812:0100,14.89,53.2,0.0,-0.0,0.0,360.45,0.62,139.0,74451.0
20060812:0200,14.07,59.95,0.0,-0.0,0.0,347.2,0.48,138.0,74525.0
20060812:0300,13.24,62.35,0.0,-0.0,0.0,339.2,0.62,113.0,74576.0
20060812:0400,12.65,64.35,0.0,-0.0,0.0,337.2,0.69,107.0,74583.0
20060812:0500,12.28,65.4,0.0,-0.0,0.0,339.4,0.76,108.0,74591.0
20060812:0600,11.94,66.6,0.0,-0.0,0.0,337.8,0.9,110.0,74554.0
20060812:0700,11.55,66.7,0.0,-0.0,0.0,350.8,0.76,118.0,74510.0
20060812:0800,11.51,66.8,0.0,-0.0,0.0,370.0,0.97,108.0,74503.0
20060812:0900,11.29,67.45,0.0,-0.0,0.0,365.2,1.17,103.0,74510.0
20060812:1000,11.15,67.7,0.0,-0.0,0.0,357.6,1.24,102.0,74547.0
20060812:1100,10.73,69.75,0.0,0.0,0.0,347.4,1.24,103.0,74554.0
20060812:1200,11.2,67.7,214.0,598.61,56.0,358.4,1.31,104.0,74576.0
20060812:1300,12.8,60.55,468.0,789.13,76.0,343.4,1.31,109.0,74554.0
20060812:1400,14.67,52.7,219.0,15.78,208.0,355.2,1.31,124.0,74539.0
20060812:1500,17.16,42.05,413.0,39.93,379.0,352.8,2.55,132.0,74481.0
20060812:1600,19.05,34.15,167.0,12.64,155.0,353.8,2.21,140.0,74341.0
20060812:1700,20.61,28.95,229.0,17.28,212.0,357.0,1.86,139.0,74254.0
20060812:1800,21.85,26.0,245.0,17.84,228.0,366.4,1.45,146.0,74151.0
20060812:1900,21.27,27.95,671.0,268.02,441.0,365.0,1.24,152.0,74078.0
20060812:2000,20.86,28.65,314.0,33.97,290.0,366.8,0.41,182.0,74056.0
20060812:2100,20.13,30.7,294.0,127.89,229.0,352.0,0.69,313.0,74085.0
20060812:2200,18.43,38.05,72.0,0.0,72.0,354.2,1.24,341.0,74114.0
20060812:2300,16.84,46.5,0.0,0.0,0.0,337.6,1.03,349.0,74217.0
20060813:0000,15.58,53.95,0.0,-0.0,0.0,340.4,0.41,2.0,74334.0
20060813:0100,14.7,59.2,0.0,-0.0,0.0,341.65,0.34,66.0,74415.0
20060813:0200,14.12,62.5,0.0,-0.0,0.0,350.8,0.69,86.0,74525.0
20060813:0300,13.88,63.75,0.0,-0.0,0.0,362.8,0.62,103.0,74598.0
20060813:0400,13.38,65.7,0.0,-0.0,0.0,352.4,0.83,104.0,74635.0
20060813:0500,13.14,65.9,0.0,-0.0,0.0,361.4,0.97,117.0,74613.0
20060813:0600,12.78,65.9,0.0,-0.0,0.0,357.2,0.97,122.0,74569.0
20060813:0700,12.69,61.05,0.0,-0.0,0.0,367.4,0.76,127.0,74547.0
20060813:0800,12.59,61.3,0.0,-0.0,0.0,366.2,0.76,132.0,74539.0
20060813:0900,12.36,62.35,0.0,-0.0,0.0,352.2,0.69,123.0,74547.0
20060813:1000,12.1,63.85,0.0,-0.0,0.0,355.4,0.76,108.0,74569.0
20060813:1100,11.3,68.1,0.0,0.0,0.0,331.8,0.97,99.0,74583.0
20060813:1200,11.86,66.75,102.0,30.24,94.0,353.4,1.03,107.0,74598.0
20060813:1300,14.1,57.2,412.0,486.29,170.0,356.2,1.1,123.0,74583.0
20060813:1400,16.2,49.55,330.0,41.54,301.0,345.8,1.03,155.0,74532.0
20060813:1500,18.51,40.9,285.0,18.77,269.0,351.0,2.0,133.0,74415.0
20060813:1600,20.84,32.85,242.0,17.89,225.0,359.2,1.93,134.0,74319.0
20060813:1700,21.56,31.0,410.0,35.54,375.0,358.0,1.38,146.0,74261.0
20060813:1800,22.18,30.6,383.0,24.12,360.0,363.0,1.59,138.0,74232.0
20060813:1900,21.27,32.45,536.0,108.33,443.0,370.2,1.66,140.0,74173.0
20060813:2000,21.43,30.35,152.0,7.08,147.0,367.4,0.9,139.0,74136.0
20060813:2100,20.11,31.95,486.0,815.13,72.0,366.8,0.28,275.0,74144.0
20060813:2200,18.41,38.7,67.0,0.0,67.0,351.0,0.76,294.0,74144.0
20060813:2300,16.88,46.95,0.0,0.0,0.0,347.0,0.9,302.0,74224.0
20060814:0000,15.66,55.75,0.0,-0.0,0.0,346.0,0.69,299.0,74327.0
20060814:0100,14.89,60.3,0.0,-0.0,0.0,341.45,0.34,241.0,74393.0
20060814:0200,13.83,71.05,0.0,-0.0,0.0,334.2,0.28,113.0,74488.0
20060814:0300,13.3,68.15,0.0,-0.0,0.0,342.0,0.69,103.0,74569.0
20060814:0400,12.76,70.45,0.0,-0.0,0.0,337.4,0.9,100.0,74620.0
20060814:0500,12.68,70.5,0.0,-0.0,0.0,361.4,0.97,103.0,74613.0
20060814:0600,12.48,70.95,0.0,-0.0,0.0,363.2,0.97,110.0,74598.0
20060814:0700,11.99,67.6,0.0,-0.0,0.0,356.0,1.1,125.0,74576.0
20060814:0800,11.81,67.15,0.0,-0.0,0.0,365.8,1.17,127.0,74554.0
20060814:0900,11.39,68.1,0.0,-0.0,0.0,350.6,1.24,114.0,74569.0
20060814:1000,11.26,67.4,0.0,-0.0,0.0,353.4,1.38,110.0,74591.0
20060814:1100,11.01,67.6,0.0,0.0,0.0,350.8,1.45,108.0,74605.0
20060814:1200,11.53,65.2,218.0,614.51,55.0,348.6,1.38,106.0,74605.0
20060814:1300,14.16,53.8,241.0,58.17,212.0,338.8,1.1,118.0,74554.0
20060814:1400,16.3,45.75,706.0,886.63,86.0,355.8,0.69,164.0,74503.0
20060814:1500,18.43,39.6,608.0,230.75,411.0,351.2,0.9,148.0,74466.0
20060814:1600,21.05,31.2,674.0,159.76,522.0,350.2,1.52,130.0,74371.0
20060814:1700,21.71,28.55,687.0,146.1,543.0,372.6,0.62,154.0,74217.0
20060814:1800,22.34,26.6,275.0,18.87,257.0,358.6,0.28,275.0,74166.0
20060814:1900,22.61,26.75,740.0,395.86,400.0,356.0,0.07,306.0,74085.0
20060814:2000,22.29,26.45,711.0,885.99,85.0,355.8,0.76,324.0,73997.0
20060814:2100,21.28,31.2,483.0,809.9,72.0,344.0,1.66,316.0,73990.0
20060814:2200,19.09,42.7,232.0,661.35,50.0,343.4,1.52,319.0,74085.0
20060814:2300,17.15,52.5,0.0,0.0,0.0,331.2,0.83,322.0,74180.0
20060815:0000,15.93,59.2,0.0,-0.0,0.0,325.4,0.41,319.0,74305.0
20060815:0100,15.17,63.45,0.0,-0.0,0.0,331.85,0.14,48.0,74371.0
20060815:0200,14.35,70.2,0.0,-0.0,0.0,343.2,0.48,88.0,74451.0
20060815:0300,14.14,69.2,0.0,-0.0,0.0,358.6,0.62,88.0,74539.0
20060815:0400,13.54,72.1,0.0,-0.0,0.0,345.8,0.62,75.0,74583.0
20060815:0500,13.06,74.05,0.0,-0.0,0.0,344.0,0.76,87.0,74576.0
20060815:0600,12.94,73.95,0.0,-0.0,0.0,355.6,0.69,84.0,74547.0
20060815:0700,12.65,73.85,0.0,-0.0,0.0,359.2,0.97,107.0,74481.0
20060815:0800,12.75,71.85,0.0,-0.0,0.0,364.0,0.9,114.0,74481.0
20060815:0900,12.63,70.5,0.0,-0.0,0.0,359.2,0.83,124.0,74466.0
20060815:1000,12.57,68.55,0.0,-0.0,0.0,359.4,0.83,121.0,74473.0
20060815:1100,12.3,68.55,0.0,0.0,0.0,353.8,0.9,124.0,74481.0
20060815:1200,12.76,65.9,69.0,0.0,69.0,352.6,0.83,120.0,74517.0
20060815:1300,14.11,58.5,192.0,22.02,181.0,353.2,0.76,139.0,74525.0
20060815:1400,16.04,49.95,512.0,231.31,350.0,352.4,0.62,169.0,74539.0
20060815:1500,17.97,42.05,372.0,29.24,347.0,356.6,1.03,139.0,74466.0
20060815:1600,19.96,35.55,376.0,23.1,354.0,363.6,1.31,121.0,74356.0
20060815:1700,20.97,32.35,674.0,134.82,541.0,373.6,0.76,104.0,74268.0
20060815:1800,21.91,30.05,703.0,190.63,521.0,367.2,0.62,347.0,74195.0
20060815:1900,20.84,34.1,305.0,19.79,288.0,383.8,0.69,285.0,74136.0
20060815:2000,20.19,36.35,302.0,31.14,280.0,371.0,1.17,316.0,74092.0
20060815:2100,18.82,44.35,273.0,94.67,225.0,363.6,1.66,308.0,74151.0
20060815:2200,17.71,49.9,211.0,510.35,71.0,355.8,1.1,293.0,74195.0
20060815:2300,16.27,56.85,0.0,0.0,0.0,349.8,0.97,285.0,74297.0
20060816:0000,15.06,64.75,0.0,-0.0,0.0,339.8,0.41,348.0,74385.0
20060816:0100,14.89,66.85,0.0,-0.0,0.0,350.85,0.41,39.0,74444.0
20060816:0200,14.2,71.15,0.0,-0.0,0.0,350.6,0.41,30.0,74547.0
20060816:0300,13.94,72.55,0.0,-0.0,0.0,364.6,0.34,5.0,74605.0
20060816:0400,13.5,74.95,0.0,-0.0,0.0,357.6,0.28,65.0,74598.0
20060816:0500,13.09,76.75,0.0,-0.0,0.0,350.4,0.48,94.0,74583.0
20060816:0600,12.81,77.55,0.0,-0.0,0.0,357.4,0.28,120.0,74532.0
20060816:0700,12.77,71.9,0.0,-0.0,0.0,358.0,0.41,104.0,74495.0
20060816:0800,12.74,71.65,0.0,-0.0,0.0,363.0,0.55,129.0,74437.0
20060816:0900,12.69,71.35,0.0,-0.0,0.0,366.4,0.41,166.0,74451.0
20060816:1000,12.52,71.75,0.0,-0.0,0.0,362.6,0.41,145.0,74488.0
20060816:1100,12.62,71.2,0.0,0.0,0.0,368.8,0.69,102.0,74510.0
20060816:1200,13.06,69.35,94.0,15.0,90.0,364.2,0.55,103.0,74547.0
20060816:1300,13.67,65.85,277.0,99.91,227.0,371.8,0.34,146.0,74569.0
20060816:1400,14.22,63.4,312.0,32.79,289.0,377.0,0.21,178.0,74613.0
20060816:1500,14.68,61.75,242.0,17.52,227.0,380.2,0.21,168.0,74591.0
20060816:1600,15.9,55.9,547.0,67.12,483.0,379.6,0.48,130.0,74532.0
20060816:1700,16.56,51.8,542.0,55.7,487.0,373.4,0.62,171.0,74451.0
20060816:1800,17.21,48.85,469.0,38.73,432.0,375.4,0.76,195.0,74349.0
20060816:1900,19.38,40.65,620.0,193.14,454.0,361.0,0.97,197.0,74202.0
20060816:2000,18.8,43.2,548.0,304.37,333.0,377.0,0.97,261.0,74166.0
20060816:2100,17.73,48.25,216.0,33.57,199.0,370.4,0.83,277.0,74144.0
20060816:2200,16.99,51.1,228.0,651.07,50.0,362.2,0.55,273.0,74195.0
20060816:2300,15.86,56.25,0.0,0.0,0.0,346.2,0.9,304.0,74254.0
20060817:0000,14.89,63.25,0.0,-0.0,0.0,347.0,0.62,307.0,74378.0
20060817:0100,14.21,67.75,0.0,-0.0,0.0,350.25,0.41,279.0,74459.0
20060817:0200,13.62,71.3,0.0,-0.0,0.0,351.2,0.21,189.0,74547.0
20060817:0300,12.88,74.65,0.0,-0.0,0.0,357.4,0.9,134.0,74605.0
20060817:0400,12.4,75.75,0.0,-0.0,0.0,344.6,0.83,114.0,74649.0
20060817:0500,12.02,77.05,0.0,-0.0,0.0,363.6,0.83,110.0,74598.0
20060817:0600,11.94,75.9,0.0,-0.0,0.0,360.4,0.76,113.0,74561.0
20060817:0700,12.29,73.65,0.0,-0.0,0.0,374.6,0.83,126.0,74503.0
20060817:0800,12.1,73.95,0.0,-0.0,0.0,367.2,0.83,124.0,74481.0
20060817:0900,11.88,74.05,0.0,-0.0,0.0,372.4,0.83,130.0,74495.0
20060817:1000,11.81,73.05,0.0,-0.0,0.0,372.2,0.9,117.0,74525.0
20060817:1100,11.63,73.15,0.0,0.0,0.0,360.0,0.69,111.0,74532.0
20060817:1200,12.08,70.35,79.0,0.0,79.0,355.4,0.62,116.0,74598.0
20060817:1300,13.29,63.0,254.0,69.8,219.0,354.8,0.62,139.0,74620.0
20060817:1400,14.68,56.0,571.0,358.67,319.0,354.2,0.48,173.0,74605.0
20060817:1500,16.09,48.5,733.0,367.5,418.0,358.8,0.69,149.0,74547.0
20060817:1600,17.67,41.7,494.0,45.05,451.0,367.8,0.62,148.0,74466.0
20060817:1700,18.65,37.4,577.0,69.82,508.0,369.6,0.62,167.0,74400.0
20060817:1800,19.74,34.3,499.0,48.12,453.0,377.6,0.48,228.0,74290.0
20060817:1900,18.87,40.95,536.0,107.01,444.0,361.2,0.9,272.0,74151.0
20060817:2000,19.03,41.7,425.0,111.86,346.0,365.8,1.1,294.0,74070.0
20060817:2100,18.0,47.1,411.0,450.68,183.0,365.4,1.38,272.0,74136.0
20060817:2200,15.89,56.55,207.0,495.56,72.0,372.6,1.1,246.0,74210.0
20060817:2300,14.88,61.5,0.0,0.0,0.0,361.0,0.9,235.0,74232.0
20060818:0000,14.41,63.95,0.0,-0.0,0.0,361.2,0.9,255.0,74385.0
20060818:0100,13.72,68.95,0.0,-0.0,0.0,362.25,0.62,265.0,74466.0
20060818:0200,13.13,72.65,0.0,-0.0,0.0,353.2,0.21,90.0,74576.0
20060818:0300,12.7,75.4,0.0,-0.0,0.0,347.6,0.69,77.0,74635.0
20060818:0400,12.51,76.75,0.0,-0.0,0.0,361.0,0.55,104.0,74671.0
20060818:0500,12.05,78.95,0.0,-0.0,0.0,342.4,0.48,122.0,74620.0
20060818:0600,11.86,79.65,0.0,-0.0,0.0,362.2,0.62,121.0,74569.0
20060818:0700,12.4,73.85,0.0,-0.0,0.0,369.8,0.55,132.0,74525.0
20060818:0800,12.36,73.55,0.0,-0.0,0.0,372.4,0.34,160.0,74466.0
20060818:0900,12.3,73.5,0.0,-0.0,0.0,369.6,0.41,147.0,74481.0
20060818:1000,12.17,73.8,0.0,-0.0,0.0,363.6,0.48,129.0,74510.0
20060818:1100,12.13,73.8,0.0,0.0,0.0,368.2,0.28,133.0,74561.0
20060818:1200,12.24,73.35,126.0,82.01,104.0,363.8,0.34,152.0,74613.0
20060818:1300,12.96,68.6,161.0,11.94,155.0,367.8,0.55,141.0,74649.0
20060818:1400,14.27,60.85,261.0,21.32,246.0,358.8,0.69,147.0,74671.0
20060818:1500,15.5,54.2,469.0,60.59,417.0,376.8,0.55,161.0,74591.0
20060818:1600,16.27,49.65,440.0,45.0,397.0,377.6,0.34,225.0,74510.0
20060818:1700,16.92,47.25,671.0,129.41,543.0,374.0,0.62,241.0,74451.0
20060818:1800,17.19,47.9,186.0,13.59,173.0,375.8,0.69,237.0,74378.0
20060818:1900,18.27,40.85,395.0,33.72,366.0,364.2,0.76,208.0,74239.0
20060818:2000,17.4,43.9,230.0,14.16,220.0,365.0,1.1,287.0,74151.0
20060818:2100,16.34,52.45,18.0,0.0,18.0,354.4,1.38,305.0,74195.0
20060818:2200,14.95,60.85,10.0,0.0,10.0,353.2,1.24,302.0,74261.0
20060818:2300,13.9,68.0,0.0,0.0,0.0,353.6,1.03,292.0,74341.0
20060819:0000,13.09,74.35,0.0,-0.0,0.0,339.0,0.76,292.0,74473.0
20060819:0100,12.83,77.25,0.0,-0.0,0.0,353.65,0.55,279.0,74554.0
20060819:0200,12.37,80.65,0.0,-0.0,0.0,343.0,0.34,242.0,74657.0
20060819:0300,12.12,82.35,0.0,-0.0,0.0,353.0,0.21,157.0,74671.0
20060819:0400,11.91,82.55,0.0,-0.0,0.0,347.6,0.62,112.0,74671.0
20060819:0500,11.8,81.95,0.0,-0.0,0.0,355.4,0.55,119.0,74649.0
20060819:0600,11.75,81.45,0.0,-0.0,0.0,365.2,0.48,140.0,74591.0
20060819:0700,11.86,76.5,0.0,-0.0,0.0,369.8,0.41,143.0,74569.0
20060819:0800,11.7,76.8,0.0,-0.0,0.0,359.4,0.41,170.0,74539.0
20060819:0900,11.59,76.55,0.0,-0.0,0.0,367.8,0.55,168.0,74532.0
20060819:1000,11.45,76.05,0.0,-0.0,0.0,358.2,0.55,138.0,74591.0
20060819:1100,11.09,77.9,0.0,0.0,0.0,342.6,0.62,101.0,74583.0
20060819:1200,11.74,74.2,222.0,616.87,56.0,358.2,0.76,115.0,74627.0
20060819:1300,13.27,63.95,128.0,3.97,126.0,357.8,0.83,141.0,74627.0
20060819:1400,15.12,53.3,462.0,148.96,357.0,347.0,0.83,147.0,74613.0
20060819:1500,16.56,46.55,470.0,60.51,418.0,362.2,0.83,154.0,74525.0
20060819:1600,17.32,42.8,482.0,41.81,442.0,374.4,0.55,176.0,74444.0
20060819:1700,18.46,39.05,317.0,20.2,297.0,370.0,0.41,184.0,74363.0
20060819:1800,19.75,34.9,218.0,16.72,202.0,365.4,0.48,232.0,74290.0
20060819:1900,19.75,35.45,565.0,131.39,452.0,374.8,0.48,202.0,74217.0
20060819:2000,19.25,36.4,297.0,28.34,277.0,372.0,0.48,248.0,74107.0
20060819:2100,18.94,37.2,480.0,806.56,73.0,362.4,0.21,322.0,74107.0
20060819:2200,17.93,41.35,181.0,329.24,92.0,359.6,0.97,316.0,74114.0
20060819:2300,16.31,50.35,0.0,0.0,0.0,350.2,0.9,325.0,74261.0
20060820:0000,14.84,59.7,0.0,-0.0,0.0,344.2,0.14,7.0,74356.0
20060820:0100,14.37,61.8,0.0,-0.0,0.0,353.85,0.07,79.0,74473.0
20060820:0200,13.78,64.7,0.0,-0.0,0.0,364.8,0.21,170.0,74547.0
20060820:0300,13.63,64.95,0.0,-0.0,0.0,383.2,0.55,159.0,74613.0
20060820:0400,13.5,64.2,0.0,-0.0,0.0,380.8,0.41,150.0,74649.0
20060820:0500,13.25,65.25,0.0,-0.0,0.0,373.4,0.21,199.0,74627.0
20060820:0600,13.02,66.55,0.0,-0.0,0.0,372.4,0.28,208.0,74583.0
20060820:0700,12.67,61.3,0.0,-0.0,0.0,375.2,0.55,185.0,74561.0
20060820:0800,12.28,63.25,0.0,-0.0,0.0,361.0,0.41,184.0,74517.0
20060820:0900,12.15,63.75,0.0,-0.0,0.0,370.4,0.48,160.0,74539.0
20060820:1000,12.15,63.95,0.0,-0.0,0.0,370.6,0.69,125.0,74539.0
20060820:1100,12.08,64.65,6.0,0.0,6.0,361.6,0.97,109.0,74561.0
20060820:1200,12.58,63.45,222.0,614.91,56.0,359.0,1.03,107.0,74598.0
20060820:1300,13.85,58.2,480.0,800.67,76.0,356.2,1.1,124.0,74620.0
20060820:1400,15.59,50.8,712.0,883.83,88.0,353.4,1.31,136.0,74576.0
20060820:1500,17.71,40.65,684.0,275.4,447.0,366.4,2.55,131.0,74459.0
20060820:1600,19.38,33.35,388.0,24.02,365.0,369.6,2.55,136.0,74371.0
20060820:1700,21.04,27.65,324.0,20.19,304.0,374.2,2.48,126.0,74261.0
20060820:1800,21.32,26.8,1007.0,948.35,99.0,359.2,1.72,126.0,74195.0
20060820:1900,21.38,27.15,667.0,256.93,446.0,360.0,0.55,138.0,74122.0
20060820:2000,21.43,26.25,191.0,9.92,184.0,362.6,0.76,13.0,74070.0
20060820:2100,20.42,29.7,273.0,97.24,224.0,373.8,1.38,347.0,74078.0
20060820:2200,18.6,38.45,161.0,215.46,103.0,347.6,1.59,342.0,74129.0
20060820:2300,16.58,50.4,0.0,0.0,0.0,349.6,1.03,357.0,74217.0
20060821:0000,15.53,56.0,0.0,-0.0,0.0,342.8,0.97,41.0,74378.0
20060821:0100,14.73,59.35,0.0,-0.0,0.0,343.05,0.76,66.0,74481.0
20060821:0200,14.45,60.3,0.0,-0.0,0.0,362.4,0.76,90.0,74576.0
20060821:0300,14.16,60.95,0.0,-0.0,0.0,370.6,0.62,114.0,74664.0
20060821:0400,13.61,62.95,0.0,-0.0,0.0,370.2,0.62,143.0,74686.0
20060821:0500,13.49,61.3,0.0,-0.0,0.0,370.2,0.76,145.0,74693.0
20060821:0600,13.19,61.15,0.0,-0.0,0.0,370.4,0.76,145.0,74657.0
20060821:0700,12.08,64.6,0.0,-0.0,0.0,361.2,0.34,153.0,74649.0
20060821:0800,11.91,65.55,0.0,-0.0,0.0,354.6,0.69,115.0,74605.0
20060821:0900,11.92,65.45,0.0,-0.0,0.0,351.2,0.97,110.0,74613.0
20060821:1000,12.0,65.1,0.0,-0.0,0.0,357.0,0.83,118.0,74627.0
20060821:1100,11.96,65.55,1.0,0.0,1.0,358.2,0.83,122.0,74642.0
20060821:1200,12.39,64.65,38.0,0.0,38.0,366.2,0.9,124.0,74686.0
20060821:1300,13.46,59.8,42.0,0.0,42.0,360.0,1.17,142.0,74722.0
20060821:1400,14.51,55.5,232.0,19.8,218.0,368.8,1.31,141.0,74730.0
20060821:1500,16.27,46.5,529.0,96.32,446.0,373.4,2.62,130.0,74722.0
20060821:1600,17.28,41.0,795.0,318.15,490.0,373.2,2.48,140.0,74627.0
20060821:1700,18.28,36.0,796.0,246.1,552.0,369.8,2.83,140.0,74569.0
20060821:1800,19.62,31.2,570.0,79.34,494.0,357.2,2.34,145.0,74407.0
20060821:1900,19.13,32.95,723.0,370.83,404.0,375.2,2.0,149.0,74283.0
20060821:2000,19.05,31.55,483.0,187.2,351.0,363.2,1.31,146.0,74224.0
20060821:2100,18.95,30.4,479.0,804.98,74.0,357.4,0.62,170.0,74217.0
20060821:2200,17.85,32.9,158.0,205.21,103.0,357.0,0.28,239.0,74239.0
20060821:2300,16.63,37.65,0.0,0.0,0.0,346.6,0.55,333.0,74341.0
20060822:0000,15.25,43.75,0.0,-0.0,0.0,324.2,0.41,26.0,74451.0
20060822:0100,13.98,57.05,0.0,-0.0,0.0,325.85,0.48,73.0,74547.0
20060822:0200,12.97,54.1,0.0,-0.0,0.0,323.4,0.9,87.0,74686.0
20060822:0300,12.52,55.8,0.0,-0.0,0.0,335.0,0.97,98.0,74766.0
20060822:0400,11.77,58.55,0.0,-0.0,0.0,321.8,1.03,104.0,74803.0
20060822:0500,11.94,57.4,0.0,-0.0,0.0,347.0,1.1,107.0,74796.0
20060822:0600,12.2,55.75,0.0,-0.0,0.0,362.2,1.1,104.0,74781.0
20060822:0700,11.66,56.4,0.0,-0.0,0.0,350.8,0.97,109.0,74708.0
20060822:0800,11.65,56.3,0.0,-0.0,0.0,357.0,0.83,101.0,74700.0
20060822:0900,11.12,58.45,0.0,-0.0,0.0,343.4,0.69,104.0,74700.0
20060822:1000,10.99,58.85,0.0,-0.0,0.0,352.6,0.76,110.0,74708.0
20060822:1100,10.64,60.1,1.0,0.0,1.0,355.8,0.9,110.0,74752.0
20060822:1200,11.27,57.35,225.0,618.19,57.0,350.6,1.1,113.0,74788.0
20060822:1300,13.09,49.5,278.0,94.72,230.0,353.0,1.1,117.0,74796.0
20060822:1400,15.33,42.8,452.0,132.7,358.0,350.0,0.9,136.0,74752.0
20060822:1500,17.24,37.9,726.0,356.97,418.0,354.4,1.03,151.0,74700.0
20060822:1600,19.33,32.0,724.0,205.28,527.0,355.0,1.1,140.0,74561.0
20060822:1700,21.48,25.45,846.0,334.6,514.0,352.4,1.03,148.0,74393.0
20060822:1800,23.07,20.3,812.0,467.49,364.0,352.0,0.69,135.0,74297.0
20060822:1900,22.15,23.15,748.0,499.85,318.0,347.0,0.48,177.0,74232.0
20060822:2000,21.71,23.75,712.0,886.89,87.0,345.8,0.55,323.0,74158.0
20060822:2100,20.71,26.8,479.0,806.3,74.0,339.0,1.31,327.0,74173.0
20060822:2200,18.69,36.45,223.0,644.69,51.0,339.4,1.45,326.0,74202.0
20060822:2300,16.65,48.05,0.0,0.0,0.0,329.6,1.1,318.0,74305.0
20060823:0000,15.34,56.4,0.0,-0.0,0.0,333.8,0.62,306.0,74422.0
20060823:0100,14.27,63.4,0.0,-0.0,0.0,326.05,0.14,323.0,74510.0
20060823:0200,13.77,66.6,0.0,-0.0,0.0,351.4,0.34,67.0,74591.0
20060823:0300,13.32,68.25,0.0,-0.0,0.0,348.8,0.48,73.0,74693.0
20060823:0400,12.98,69.95,0.0,-0.0,0.0,347.8,0.34,71.0,74708.0
20060823:0500,12.68,71.05,0.0,-0.0,0.0,355.2,0.21,111.0,74708.0
20060823:0600,12.37,71.4,0.0,-0.0,0.0,352.0,0.28,145.0,74649.0
20060823:0700,12.45,64.2,0.0,-0.0,0.0,358.0,0.62,159.0,74613.0
20060823:0800,12.42,61.55,0.0,-0.0,0.0,365.0,0.69,153.0,74591.0
20060823:0900,12.21,61.05,0.0,-0.0,0.0,355.0,0.76,142.0,74598.0
20060823:1000,12.06,61.05,0.0,-0.0,0.0,353.8,0.83,124.0,74613.0
20060823:1100,11.62,63.5,6.0,0.0,6.0,339.8,0.83,112.0,74605.0
20060823:1200,12.25,60.95,226.0,619.72,57.0,340.8,0.97,116.0,74627.0
20060823:1300,14.46,51.15,486.0,805.34,77.0,335.4,0.83,160.0,74627.0
20060823:1400,16.45,44.45,720.0,889.33,89.0,329.2,0.9,220.0,74613.0
20060823:1500,17.57,40.75,902.0,932.93,96.0,351.0,0.76,192.0,74539.0
20060823:1600,18.93,35.05,1016.0,952.52,101.0,365.8,0.62,180.0,74422.0
20060823:1700,19.67,32.6,477.0,49.35,428.0,362.6,0.83,260.0,74297.0
20060823:1800,20.67,29.6,299.0,18.78,281.0,343.2,0.55,254.0,74239.0
20060823:1900,21.6,28.7,169.0,11.62,159.0,356.0,0.69,256.0,74107.0
20060823:2000,21.25,31.05,74.0,0.0,74.0,372.6,1.45,287.0,74070.0
20060823:2100,20.07,36.7,477.0,803.71,74.0,353.6,1.72,297.0,74114.0
20060823:2200,18.15,45.6,221.0,640.25,51.0,353.4,1.59,296.0,74158.0
20060823:2300,16.5,53.5,0.0,0.0,0.0,339.8,1.24,283.0,74232.0
20060824:0000,15.37,59.0,0.0,-0.0,0.0,334.6,0.83,273.0,74341.0
20060824:0100,14.64,62.85,0.0,-0.0,0.0,336.85,0.69,283.0,74415.0
20060824:0200,13.77,68.15,0.0,-0.0,0.0,342.8,0.34,296.0,74517.0
20060824:0300,13.06,73.0,0.0,-0.0,0.0,353.2,0.41,352.0,74591.0
20060824:0400,12.86,76.0,0.0,-0.0,0.0,366.4,0.41,12.0,74598.0
20060824:0500,12.6,77.8,0.0,-0.0,0.0,370.2,0.41,59.0,74576.0
20060824:0600,12.43,79.0,0.0,-0.0,0.0,366.4,0.41,79.0,74569.0
20060824:0700,12.73,67.9,0.0,-0.0,0.0,379.0,0.48,182.0,74532.0
20060824:0800,12.55,67.9,0.0,-0.0,0.0,371.4,0.55,162.0,74510.0
20060824:0900,12.53,67.1,0.0,-0.0,0.0,380.4,0.48,161.0,74517.0
20060824:1000,12.27,67.85,0.0,-0.0,0.0,365.6,0.21,202.0,74554.0
20060824:1100,11.88,69.95,1.0,0.0,1.0,353.6,0.21,174.0,74576.0
20060824:1200,12.18,68.2,74.0,0.0,74.0,353.6,0.62,128.0,74598.0
20060824:1300,13.77,59.2,256.0,64.83,223.0,353.6,0.69,150.0,74620.0
20060824:1400,15.9,49.55,545.0,272.97,351.0,340.0,0.55,198.0,74583.0
20060824:1500,18.17,39.45,506.0,77.45,439.0,353.2,0.55,174.0,74488.0
20060824:1600,18.75,36.45,186.0,14.56,172.0,370.0,0.34,242.0,74437.0
20060824:1700,20.0,33.25,132.0,6.04,126.0,349.4,0.62,268.0,74319.0
20060824:1800,20.78,32.05,220.0,16.68,204.0,350.8,0.97,277.0,74224.0
20060824:1900,20.21,35.75,683.0,281.34,441.0,374.4,0.9,266.0,74107.0
20060824:2000,19.64,38.65,189.0,9.95,182.0,365.2,1.17,277.0,74085.0
20060824:2100,18.36,45.7,117.0,0.0,117.0,367.2,1.66,287.0,74107.0
20060824:2200,16.48,54.85,206.0,537.47,64.0,363.4,1.38,290.0,74217.0
20060824:2300,15.35,61.35,0.0,0.0,0.0,357.8,1.1,292.0,74290.0
20060825:0000,14.43,67.95,0.0,-0.0,0.0,355.0,0.69,284.0,74371.0
20060825:0100,13.84,72.4,0.0,-0.0,0.0,355.25,0.21,211.0,74415.0
20060825:0200,13.25,75.35,0.0,-0.0,0.0,353.0,0.48,89.0,74503.0
20060825:0300,12.85,77.25,0.0,-0.0,0.0,348.0,0.62,90.0,74561.0
20060825:0400,12.68,78.45,0.0,-0.0,0.0,366.8,0.41,110.0,74620.0
20060825:0500,12.49,79.25,0.0,-0.0,0.0,373.2,0.41,142.0,74569.0
20060825:0600,12.16,80.15,0.0,-0.0,0.0,360.6,0.28,138.0,74547.0
20060825:0700,12.3,74.15,0.0,-0.0,0.0,363.4,0.55,184.0,74495.0
20060825:0800,12.27,73.0,0.0,-0.0,0.0,368.2,0.55,164.0,74466.0
20060825:0900,12.16,72.6,0.0,-0.0,0.0,364.6,0.55,128.0,74466.0
20060825:1000,12.19,71.9,0.0,-0.0,0.0,365.2,0.83,107.0,74495.0
20060825:1100,12.01,72.95,3.0,0.0,3.0,353.4,0.34,105.0,74481.0
20060825:1200,12.39,71.35,225.0,611.67,57.0,353.4,0.41,121.0,74525.0
20060825:1300,13.65,63.25,197.0,23.52,185.0,366.4,0.69,163.0,74539.0
20060825:1400,15.17,54.9,330.0,37.93,303.0,356.6,0.69,166.0,74554.0
20060825:1500,16.55,48.65,272.0,18.47,256.0,356.6,0.48,196.0,74503.0
20060825:1600,17.32,44.95,324.0,19.74,305.0,377.4,0.48,200.0,74466.0
20060825:1700,18.28,41.1,211.0,16.09,195.0,360.8,0.48,235.0,74466.0
20060825:1800,19.27,37.95,320.0,19.81,301.0,354.2,0.62,252.0,74334.0
20060825:1900,18.73,44.6,402.0,36.04,371.0,355.2,0.83,225.0,74166.0
20060825:2000,18.68,44.3,192.0,9.95,185.0,368.4,0.9,273.0,74048.0
20060825:2100,17.56,49.55,62.0,0.0,62.0,375.0,1.45,290.0,74085.0
20060825:2200,16.11,57.5,97.0,3.8,96.0,372.8,1.24,294.0,74144.0
20060825:2300,14.39,68.6,0.0,0.0,0.0,356.8,0.97,289.0,74297.0
20060826:0000,13.62,73.45,0.0,-0.0,0.0,365.4,0.97,290.0,74429.0
20060826:0100,13.06,79.25,0.0,-0.0,0.0,369.85,0.69,297.0,74554.0
20060826:0200,12.49,85.35,0.0,-0.0,0.0,373.6,0.34,302.0,74598.0
20060826:0300,11.98,88.6,0.0,-0.0,0.0,374.4,0.21,53.0,74679.0
20060826:0400,11.57,90.65,0.0,-0.0,0.0,365.2,0.34,96.0,74657.0
20060826:0500,10.98,95.5,0.0,-0.0,0.0,362.8,0.48,98.0,74635.0
20060826:0600,10.98,95.95,0.0,-0.0,0.0,363.6,0.76,102.0,74591.0
20060826:0700,11.03,95.8,0.0,-0.0,0.0,370.8,0.48,106.0,74525.0
20060826:0800,11.17,95.35,0.0,-0.0,0.0,374.2,0.41,112.0,74488.0
20060826:0900,10.83,89.65,0.0,-0.0,0.0,367.8,0.41,106.0,74473.0
20060826:1000,10.99,93.05,0.0,-0.0,0.0,370.0,0.41,102.0,74539.0
20060826:1100,10.81,93.35,0.0,0.0,0.0,351.6,0.48,102.0,74554.0
20060826:1200,11.28,90.6,67.0,0.0,67.0,357.4,0.69,114.0,74598.0
20060826:1300,12.31,82.55,190.0,19.56,180.0,350.8,0.83,118.0,74613.0
20060826:1400,14.58,64.7,567.0,312.73,344.0,352.0,0.76,139.0,74635.0
20060826:1500,15.92,55.55,590.0,144.13,465.0,357.8,0.69,168.0,74554.0
20060826:1600,17.73,46.25,761.0,244.97,525.0,347.4,0.9,171.0,74466.0
20060826:1700,18.56,41.85,627.0,94.48,533.0,367.4,1.1,182.0,74371.0
20060826:1800,18.67,41.0,673.0,153.19,526.0,370.0,0.76,197.0,74297.0
20060826:1900,18.0,49.15,535.0,104.66,445.0,358.6,0.62,225.0,74210.0
20060826:2000,17.63,50.6,488.0,196.4,350.0,375.0,0.34,294.0,74166.0
20060826:2100,16.51,56.1,437.0,605.81,135.0,364.8,0.69,307.0,74166.0
20060826:2200,15.57,62.1,103.0,15.3,99.0,367.8,1.03,296.0,74173.0
20060826:2300,13.96,71.6,0.0,0.0,0.0,351.8,0.69,310.0,74297.0
20060827:0000,13.17,75.5,0.0,-0.0,0.0,344.6,0.62,319.0,74407.0
20060827:0100,12.8,80.3,0.0,-0.0,0.0,355.05,0.28,306.0,74517.0
20060827:0200,12.39,84.5,0.0,-0.0,0.0,357.8,0.28,38.0,74576.0
20060827:0300,12.25,85.3,0.0,-0.0,0.0,351.2,0.21,105.0,74613.0
20060827:0400,12.11,86.05,0.0,-0.0,0.0,361.4,0.21,108.0,74642.0
20060827:0500,11.88,86.75,0.0,-0.0,0.0,353.6,0.21,88.0,74598.0
20060827:0600,11.67,88.35,0.0,-0.0,0.0,359.0,0.21,80.0,74591.0
20060827:0700,11.57,79.2,0.0,-0.0,0.0,362.6,0.76,92.0,74525.0
20060827:0800,11.4,78.25,0.0,-0.0,0.0,353.0,0.55,108.0,74525.0
20060827:0900,11.21,78.45,0.0,-0.0,0.0,349.0,0.76,82.0,74525.0
20060827:1000,10.62,81.0,0.0,-0.0,0.0,345.8,0.55,68.0,74532.0
20060827:1100,10.25,82.5,7.0,0.0,7.0,340.2,0.76,84.0,74576.0
20060827:1200,10.71,80.65,82.0,0.0,82.0,328.2,0.62,96.0,74613.0
20060827:1300,13.11,65.65,256.0,68.3,221.0,337.6,0.34,125.0,74627.0
20060827:1400,15.5,52.05,420.0,93.81,353.0,350.2,0.41,222.0,74620.0
20060827:1500,17.57,41.3,915.0,940.86,98.0,338.0,0.76,133.0,74561.0
20060827:1600,19.53,33.25,700.0,173.19,533.0,344.6,0.34,83.0,74437.0
20060827:1700,20.18,30.05,419.0,26.12,393.0,350.4,0.48,13.0,74363.0
20060827:1800,20.69,28.6,403.0,26.05,378.0,356.8,0.97,338.0,74254.0
20060827:1900,20.21,32.6,514.0,89.57,437.0,353.4,0.9,341.0,74195.0
20060827:2000,19.43,38.75,314.0,35.61,289.0,358.0,1.72,337.0,74129.0
20060827:2100,17.96,48.45,476.0,806.13,75.0,338.2,1.31,328.0,74122.0
20060827:2200,16.47,58.65,193.0,465.44,72.0,345.2,1.31,308.0,74166.0
20060827:2300,14.24,72.45,0.0,0.0,0.0,339.2,0.9,296.0,74334.0
20060828:0000,12.84,83.65,0.0,-0.0,0.0,340.6,0.41,284.0,74466.0
20060828:0100,11.85,86.45,0.0,-0.0,0.0,329.25,0.34,303.0,74554.0
20060828:0200,11.8,95.2,0.0,-0.0,0.0,347.2,0.28,37.0,74605.0
20060828:0300,11.43,97.9,0.0,-0.0,0.0,353.2,0.41,90.0,74693.0
20060828:0400,11.25,97.1,0.0,-0.0,0.0,339.6,0.21,59.0,74708.0
20060828:0500,10.38,98.3,0.0,-0.0,0.0,325.4,0.41,100.0,74693.0
20060828:0600,10.65,94.55,0.0,-0.0,0.0,354.8,0.14,314.0,74671.0
20060828:0700,10.8,97.2,0.0,-0.0,0.0,347.4,0.21,101.0,74613.0
20060828:0800,10.62,95.3,0.0,-0.0,0.0,352.4,0.41,85.0,74605.0
20060828:0900,10.49,95.15,0.0,-0.0,0.0,341.4,0.69,69.0,74635.0
20060828:1000,10.14,95.8,0.0,-0.0,0.0,339.4,0.76,74.0,74627.0
20060828:1100,9.86,95.4,0.0,0.0,0.0,342.4,0.9,81.0,74620.0
20060828:1200,10.58,91.75,90.0,7.2,88.0,346.2,0.83,87.0,74700.0
20060828:1300,12.27,86.6,488.0,788.53,83.0,355.6,0.34,121.0,74715.0
20060828:1400,14.68,63.7,722.0,873.61,97.0,342.6,0.14,172.0,74664.0
20060828:1500,15.85,56.35,443.0,46.01,403.0,353.0,0.21,198.0,74605.0
20060828:1600,17.57,48.7,1019.0,941.84,110.0,348.2,0.07,255.0,74510.0
20060828:1700,18.17,45.65,799.0,256.02,544.0,363.6,0.41,311.0,74429.0
20060828:1800,18.61,45.5,291.0,18.75,273.0,357.8,0.62,304.0,74341.0
20060828:1900,18.42,44.2,771.0,415.39,414.0,367.4,0.76,293.0,74268.0
20060828:2000,18.15,44.8,484.0,191.07,350.0,371.0,0.69,295.0,74217.0
20060828:2100,17.46,49.05,263.0,88.65,219.0,352.8,1.1,294.0,74202.0
20060828:2200,16.4,56.6,120.0,65.77,103.0,357.4,1.17,289.0,74246.0
20060828:2300,15.03,66.0,0.0,0.0,0.0,333.4,0.9,293.0,74334.0
20060829:0000,14.11,73.3,0.0,-0.0,0.0,335.0,0.41,305.0,74429.0
20060829:0100,13.53,77.65,0.0,-0.0,0.0,342.65,0.21,23.0,74503.0
20060829:0200,13.22,80.2,0.0,-0.0,0.0,352.6,0.48,41.0,74554.0
20060829:0300,12.93,81.95,0.0,-0.0,0.0,355.2,0.55,51.0,74627.0
20060829:0400,12.4,83.8,0.0,-0.0,0.0,351.4,0.62,85.0,74657.0
20060829:0500,11.99,84.45,0.0,-0.0,0.0,345.6,0.62,99.0,74642.0
20060829:0600,11.8,83.3,0.0,-0.0,0.0,352.2,0.76,102.0,74591.0
20060829:0700,11.8,81.0,0.0,-0.0,0.0,349.0,0.62,109.0,74583.0
20060829:0800,11.57,80.3,0.0,-0.0,0.0,347.6,0.69,115.0,74554.0
20060829:0900,11.27,80.1,0.0,-0.0,0.0,348.2,0.76,106.0,74561.0
20060829:1000,10.9,80.6,0.0,-0.0,0.0,337.0,0.9,108.0,74598.0
20060829:1100,10.91,79.3,7.0,0.0,7.0,347.8,0.97,98.0,74620.0
20060829:1200,11.63,74.45,154.0,154.22,111.0,347.2,1.1,104.0,74671.0
20060829:1300,13.41,64.9,490.0,788.67,84.0,353.8,1.03,114.0,74649.0
20060829:1400,15.89,50.9,724.0,874.97,97.0,342.6,0.83,133.0,74605.0
20060829:1500,18.03,43.1,372.0,27.57,348.0,345.6,1.03,130.0,74510.0
20060829:1600,19.73,36.05,423.0,27.95,396.0,360.8,1.45,124.0,74407.0
20060829:1700,20.4,33.05,245.0,18.06,227.0,374.4,1.03,118.0,74283.0
20060829:1800,20.16,33.0,597.0,92.7,508.0,374.4,0.48,328.0,74210.0
20060829:1900,20.03,32.45,549.0,116.39,449.0,370.4,0.34,282.0,74166.0
20060829:2000,20.09,33.65,377.0,71.37,327.0,363.0,1.17,309.0,74107.0
20060829:2100,18.86,40.75,353.0,284.76,212.0,351.6,1.31,307.0,74144.0
20060829:2200,16.9,51.15,209.0,595.5,56.0,344.8,0.9,298.0,74136.0
20060829:2300,15.67,57.05,0.0,0.0,0.0,339.0,0.62,326.0,74202.0
20060830:0000,14.91,62.15,0.0,-0.0,0.0,342.0,0.34,33.0,74349.0
20060830:0100,14.04,66.7,0.0,-0.0,0.0,340.25,0.69,84.0,74444.0
20060830:0200,13.66,69.1,0.0,-0.0,0.0,352.8,0.69,84.0,74569.0
20060830:0300,13.3,70.25,0.0,-0.0,0.0,359.2,0.76,98.0,74664.0
20060830:0400,13.1,70.05,0.0,-0.0,0.0,370.8,0.69,110.0,74686.0
20060830:0500,12.64,71.4,0.0,-0.0,0.0,352.0,0.41,107.0,74671.0
20060830:0600,12.36,71.05,0.0,-0.0,0.0,356.0,0.62,128.0,74620.0
20060830:0700,11.94,67.35,0.0,-0.0,0.0,360.6,0.83,125.0,74576.0
20060830:0800,11.78,67.6,0.0,-0.0,0.0,356.8,0.97,117.0,74532.0
20060830:0900,11.34,69.9,0.0,-0.0,0.0,340.6,1.03,108.0,74547.0
20060830:1000,10.68,73.1,0.0,-0.0,0.0,321.2,1.03,103.0,74525.0
20060830:1100,10.43,75.15,4.0,0.0,4.0,331.8,1.03,96.0,74561.0
20060830:1200,11.63,70.3,231.0,603.76,62.0,350.4,1.03,98.0,74649.0
20060830:1300,13.25,60.55,492.0,790.73,84.0,364.4,1.03,109.0,74657.0
20060830:1400,15.17,52.0,727.0,876.33,98.0,355.0,0.97,126.0,74620.0
20060830:1500,16.37,45.65,910.0,922.53,106.0,366.6,1.79,130.0,74525.0
20060830:1600,17.4,40.7,775.0,363.07,424.0,386.0,1.52,132.0,74451.0
20060830:1700,18.9,36.35,701.0,147.44,554.0,374.8,1.93,138.0,74385.0
20060830:1800,20.32,32.75,846.0,355.14,505.0,361.4,1.45,143.0,74276.0
20060830:1900,19.39,36.5,739.0,393.57,401.0,362.6,0.69,155.0,74173.0
20060830:2000,19.08,37.4,705.0,868.85,97.0,375.0,0.55,256.0,74144.0
20060830:2100,18.52,39.4,467.0,779.43,82.0,352.2,0.41,296.0,74151.0
20060830:2200,17.5,43.75,209.0,599.2,56.0,360.8,0.76,299.0,74180.0
20060830:2300,16.04,50.75,0.0,0.0,0.0,343.0,0.48,338.0,74254.0
20060831:0000,14.78,58.2,0.0,-0.0,0.0,329.2,0.41,32.0,74378.0
20060831:0100,13.71,64.6,0.0,-0.0,0.0,334.65,0.48,75.0,74473.0
20060831:0200,12.53,70.9,0.0,-0.0,0.0,337.6,0.97,97.0,74576.0
20060831:0300,12.12,74.2,0.0,-0.0,0.0,355.6,0.97,100.0,74627.0
20060831:0400,11.67,76.35,0.0,-0.0,0.0,353.6,1.1,101.0,74642.0
20060831:0500,11.24,78.15,0.0,-0.0,0.0,350.2,1.1,100.0,74657.0
20060831:0600,10.92,78.95,0.0,-0.0,0.0,354.6,1.1,106.0,74627.0
20060831:0700,10.82,77.6,0.0,-0.0,0.0,357.2,1.1,111.0,74561.0
20060831:0800,10.75,76.9,0.0,-0.0,0.0,362.6,1.1,110.0,74576.0
20060831:0900,10.61,75.55,0.0,-0.0,0.0,368.6,1.03,108.0,74591.0
20060831:1000,10.52,74.3,0.0,-0.0,0.0,362.2,1.03,99.0,74635.0
20060831:1100,10.29,73.9,8.0,0.0,8.0,353.6,1.03,100.0,74679.0
20060831:1200,10.98,69.8,233.0,604.95,63.0,358.2,1.1,107.0,74671.0
20060831:1300,13.47,56.8,495.0,792.78,85.0,340.8,0.83,110.0,74635.0
20060831:1400,15.77,45.85,731.0,880.48,98.0,341.8,0.55,123.0,74598.0
20060831:1500,17.73,40.25,914.0,924.89,107.0,346.2,0.48,135.0,74561.0
20060831:1600,22.09,26.35,1028.0,946.74,112.0,352.74,0.97,122.0,74422.0
20060831:1700,21.28,29.51,1064.0,953.44,113.0,351.81,0.94,86.0,74312.0
20060831:1800,20.48,32.66,142.0,7.29,135.0,350.88,0.91,314.0,74202.0
20060831:1900,19.68,35.82,292.0,18.64,276.0,349.95,0.88,274.0,74114.0
20060831:2000,18.88,38.97,706.0,871.32,97.0,349.03,0.85,326.0,74107.0
20060831:2100,18.08,42.13,468.0,783.45,82.0,348.1,0.82,321.0,74129.0
20060831:2200,17.27,45.28,209.0,603.04,56.0,347.17,0.78,305.0,74144.0
20060831:2300,16.47,48.44,0.0,-0.0,0.0,346.24,0.75,285.0,74246.0
20120901:0000,15.67,51.59,0.0,-0.0,0.0,345.31,0.72,226.0,74576.0
20120901:0100,14.87,54.74,0.0,-0.0,0.0,344.39,0.69,206.0,74649.0
20120901:0200,14.07,57.9,0.0,-0.0,0.0,343.46,0.66,179.0,74708.0
20120901:0300,13.27,61.05,0.0,-0.0,0.0,342.53,0.63,155.0,74752.0
20120901:0400,12.46,64.21,0.0,-0.0,0.0,341.6,0.6,153.0,74766.0
20120901:0500,11.66,67.36,0.0,-0.0,0.0,340.67,0.56,164.0,74744.0
20120901:0600,10.86,70.52,0.0,-0.0,0.0,339.75,0.53,141.0,74700.0
20120901:0700,10.06,73.67,0.0,-0.0,0.0,338.82,0.5,144.0,74664.0
20120901:0800,10.69,65.45,0.0,-0.0,0.0,331.4,0.83,127.0,74620.0
20120901:0900,10.76,63.95,0.0,-0.0,0.0,343.6,0.9,124.0,74605.0
20120901:1000,10.42,64.5,0.0,-0.0,0.0,329.8,0.9,114.0,74642.0
20120901:1100,10.46,63.95,9.0,0.0,9.0,341.2,0.97,109.0,74679.0
20120901:1200,11.64,57.75,240.0,642.53,58.0,347.6,1.03,116.0,74715.0
20120901:1300,13.35,49.95,287.0,94.31,238.0,344.2,1.1,132.0,74766.0
20120901:1400,15.29,43.85,269.0,23.57,252.0,352.6,1.24,146.0,74752.0
20120901:1500,17.58,35.3,481.0,76.61,414.0,343.6,2.21,138.0,74708.0
20120901:1600,19.07,29.9,540.0,79.46,463.0,364.6,1.45,157.0,74554.0
20120901:1700,20.52,25.0,359.0,22.04,337.0,346.2,1.1,160.0,74407.0
20120901:1800,21.81,21.9,233.0,16.66,217.0,343.4,0.48,153.0,74305.0
20120901:1900,21.23,24.0,276.0,17.49,261.0,349.8,1.24,153.0,74217.0
20120901:2000,21.09,23.4,292.0,27.25,273.0,358.0,0.28,236.0,74217.0
20120901:2100,20.07,26.5,472.0,818.29,71.0,340.2,1.03,280.0,74210.0
20120901:2200,17.88,36.3,212.0,659.08,47.0,322.2,1.24,281.0,74297.0
20120901:2300,15.81,45.15,0.0,-0.0,0.0,314.8,0.97,288.0,74356.0
20120902:0000,14.55,51.35,0.0,-0.0,0.0,329.6,0.69,271.0,74495.0
20120902:0100,13.58,57.15,0.0,-0.0,0.0,312.05,0.48,218.0,74591.0
20120902:0200,12.3,65.9,0.0,-0.0,0.0,306.2,0.62,122.0,74671.0
20120902:0300,11.65,65.3,0.0,-0.0,0.0,311.6,0.9,112.0,74693.0
20120902:0400,10.99,68.65,0.0,-0.0,0.0,312.6,0.97,109.0,74752.0
20120902:0500,10.72,69.55,0.0,-0.0,0.0,322.4,0.97,110.0,74730.0
20120902:0600,10.52,69.75,0.0,-0.0,0.0,322.6,1.1,117.0,74686.0
20120902:0700,10.78,67.95,0.0,-0.0,0.0,339.8,1.03,118.0,74627.0
20120902:0800,10.83,67.4,0.0,-0.0,0.0,352.8,1.1,115.0,74591.0
20120902:0900,10.71,67.25,0.0,-0.0,0.0,360.8,1.1,111.0,74598.0
20120902:1000,10.71,66.3,0.0,-0.0,0.0,359.8,1.17,109.0,74620.0
20120902:1100,10.95,63.95,2.0,0.0,2.0,363.8,1.17,111.0,74657.0
20120902:1200,11.81,58.95,50.0,0.0,50.0,361.6,1.1,118.0,74715.0
20120902:1300,13.48,50.9,142.0,7.68,138.0,356.4,1.1,137.0,74759.0
20120902:1400,14.49,47.4,459.0,125.98,368.0,353.8,1.03,150.0,74774.0
20120902:1500,16.06,43.15,179.0,13.71,167.0,370.0,1.45,150.0,74730.0
20120902:1600,17.98,38.1,598.0,86.63,514.0,354.8,2.14,138.0,74679.0
20120902:1700,19.53,33.95,498.0,39.06,459.0,367.8,2.48,133.0,74598.0
20120902:1800,20.92,30.1,240.0,17.71,223.0,369.4,2.07,138.0,74481.0
20120902:1900,19.02,37.45,595.0,162.21,456.0,376.4,2.28,139.0,74319.0
20120902:2000,19.5,35.35,145.0,4.31,142.0,367.0,2.0,141.0,74246.0
20120902:2100,19.22,34.15,469.0,814.47,71.0,355.2,1.45,139.0,74254.0
20120902:2200,18.53,34.3,6.0,0.0,6.0,358.6,0.76,144.0,74246.0
20120902:2300,16.92,38.6,0.0,-0.0,0.0,340.8,0.48,257.0,74363.0
20120903:0000,15.26,45.6,0.0,-0.0,0.0,335.0,0.28,298.0,74481.0
20120903:0100,14.21,50.25,0.0,-0.0,0.0,327.45,0.14,81.0,74591.0
20120903:0200,13.59,52.65,0.0,-0.0,0.0,356.2,0.55,112.0,74671.0
20120903:0300,13.11,54.85,0.0,-0.0,0.0,357.0,0.83,111.0,74744.0
20120903:0400,12.46,58.05,0.0,-0.0,0.0,349.8,0.97,112.0,74774.0
20120903:0500,12.16,59.95,0.0,-0.0,0.0,350.0,1.03,116.0,74774.0
20120903:0600,11.88,61.65,0.0,-0.0,0.0,348.6,0.97,119.0,74759.0
20120903:0700,11.78,64.2,0.0,-0.0,0.0,370.4,1.03,117.0,74722.0
20120903:0800,11.87,63.55,0.0,-0.0,0.0,369.8,1.03,114.0,74649.0
20120903:0900,11.97,62.6,0.0,-0.0,0.0,369.2,0.97,116.0,74657.0
20120903:1000,11.83,62.95,0.0,-0.0,0.0,359.0,0.83,110.0,74642.0
20120903:1100,11.82,63.0,0.0,0.0,0.0,361.0,0.83,113.0,74708.0
20120903:1200,12.25,61.55,240.0,637.39,58.0,368.8,0.83,130.0,74796.0
20120903:1300,13.29,57.4,175.0,13.41,168.0,371.0,1.17,131.0,74840.0
20120903:1400,14.35,52.4,411.0,80.17,353.0,369.2,1.93,123.0,74854.0
20120903:1500,16.09,45.15,628.0,175.72,474.0,369.6,2.28,131.0,74854.0
20120903:1600,18.02,38.15,471.0,50.5,422.0,362.2,2.76,139.0,74803.0
20120903:1700,19.71,33.1,1068.0,969.17,100.0,370.8,2.97,143.0,74700.0
20120903:1800,20.01,31.7,786.0,286.48,511.0,377.4,2.48,149.0,74576.0
20120903:1900,18.12,41.25,528.0,99.26,443.0,371.2,2.14,147.0,74429.0
20120903:2000,18.5,39.1,706.0,893.37,85.0,371.6,1.66,143.0,74305.0
20120903:2100,18.53,37.5,467.0,812.76,71.0,354.6,1.38,133.0,74305.0
20120903:2200,18.15,37.0,207.0,648.2,47.0,348.4,0.76,149.0,74363.0
20120903:2300,16.59,41.9,0.0,-0.0,0.0,347.4,0.62,215.0,74422.0
20120904:0000,15.38,47.4,0.0,-0.0,0.0,340.6,0.34,178.0,74547.0
20120904:0100,14.64,51.15,0.0,-0.0,0.0,347.45,0.48,138.0,74620.0
20120904:0200,13.85,56.5,0.0,-0.0,0.0,344.2,0.55,98.0,74708.0
20120904:0300,13.41,58.0,0.0,-0.0,0.0,349.2,0.55,100.0,74766.0
20120904:0400,13.35,56.45,0.0,-0.0,0.0,359.4,0.62,121.0,74840.0
20120904:0500,13.09,57.45,0.0,-0.0,0.0,359.8,0.83,138.0,74810.0
20120904:0600,12.91,58.35,0.0,-0.0,0.0,367.8,0.83,142.0,74774.0
20120904:0700,12.48,59.15,0.0,-0.0,0.0,367.4,0.9,113.0,74686.0
20120904:0800,12.39,59.5,0.0,-0.0,0.0,369.0,0.83,123.0,74664.0
20120904:0900,11.96,61.15,0.0,-0.0,0.0,349.4,0.48,152.0,74664.0
20120904:1000,11.53,63.35,0.0,-0.0,0.0,344.6,0.28,188.0,74664.0
20120904:1100,11.28,65.15,9.0,0.0,9.0,349.4,0.34,140.0,74700.0
20120904:1200,11.92,62.75,239.0,634.83,57.0,341.8,0.62,121.0,74693.0
20120904:1300,13.33,56.35,88.0,0.0,88.0,355.6,0.83,129.0,74759.0
20120904:1400,14.96,50.35,116.0,5.52,112.0,354.8,1.03,141.0,74737.0
20120904:1500,17.33,41.7,113.0,3.42,110.0,355.0,2.14,137.0,74737.0
20120904:1600,19.64,33.05,433.0,28.84,405.0,358.4,2.55,134.0,74635.0
20120904:1700,19.59,31.9,597.0,75.07,522.0,374.4,2.07,140.0,74554.0
20120904:1800,20.68,29.45,149.0,9.38,140.0,382.8,1.59,147.0,74495.0
20120904:1900,19.73,33.2,420.0,42.07,384.0,362.6,1.59,144.0,74334.0
20120904:2000,20.1,30.95,184.0,8.64,178.0,354.4,1.03,150.0,74254.0
20120904:2100,19.89,30.5,172.0,10.29,167.0,362.0,0.34,246.0,74246.0
20120904:2200,18.57,34.25,204.0,644.82,46.0,353.4,0.97,296.0,74224.0
20120904:2300,16.25,44.6,0.0,-0.0,0.0,322.8,0.76,299.0,74385.0
20120905:0000,15.03,50.75,0.0,-0.0,0.0,321.4,0.34,329.0,74495.0
20120905:0100,14.45,53.3,0.0,-0.0,0.0,332.85,0.14,156.0,74605.0
20120905:0200,13.47,60.65,0.0,-0.0,0.0,334.4,0.55,112.0,74693.0
20120905:0300,12.81,61.35,0.0,-0.0,0.0,331.8,0.69,114.0,74744.0
20120905:0400,12.61,61.35,0.0,-0.0,0.0,345.0,0.76,120.0,74781.0
20120905:0500,12.48,61.2,0.0,-0.0,0.0,353.2,0.69,129.0,74774.0
20120905:0600,12.27,61.55,0.0,-0.0,0.0,353.4,0.76,143.0,74737.0
20120905:0700,11.88,60.15,0.0,-0.0,0.0,359.0,0.62,144.0,74693.0
20120905:0800,11.96,59.95,0.0,-0.0,0.0,371.6,0.69,127.0,74657.0
20120905:0900,11.74,60.85,0.0,-0.0,0.0,366.2,0.69,134.0,74649.0
20120905:1000,11.48,61.9,0.0,-0.0,0.0,361.2,0.62,147.0,74700.0
20120905:1100,11.22,63.05,5.0,0.0,5.0,355.6,0.69,134.0,74715.0
20120905:1200,11.63,62.1,242.0,639.22,58.0,358.4,0.83,124.0,74737.0
20120905:1300,13.23,55.55,328.0,154.5,247.0,352.8,0.83,130.0,74744.0
20120905:1400,15.06,49.15,481.0,177.78,352.0,344.6,0.62,153.0,74700.0
20120905:1500,16.9,43.45,459.0,50.1,415.0,353.2,0.83,141.0,74693.0
20120905:1600,18.3,38.05,439.0,29.85,410.0,370.0,1.24,134.0,74598.0
20120905:1700,19.55,34.8,826.0,295.23,531.0,370.8,0.9,158.0,74495.0
20120905:1800,19.96,33.7,830.0,355.39,489.0,375.4,0.9,184.0,74393.0
20120905:1900,19.32,33.55,631.0,207.01,454.0,365.6,0.48,206.0,74334.0
20120905:2000,19.04,34.35,293.0,28.86,273.0,370.0,0.69,286.0,74268.0
20120905:2100,18.52,36.35,462.0,807.44,71.0,360.4,0.83,290.0,74283.0
20120905:2200,17.38,40.7,202.0,641.47,46.0,355.8,0.55,298.0,74363.0
20120905:2300,16.01,45.1,0.0,-0.0,0.0,335.0,0.41,339.0,74393.0
20120906:0000,15.02,49.9,0.0,-0.0,0.0,333.8,0.41,349.0,74525.0
20120906:0100,14.04,55.7,0.0,-0.0,0.0,338.05,0.41,353.0,74642.0
20120906:0200,13.38,61.9,0.0,-0.0,0.0,330.4,0.28,143.0,74722.0
20120906:0300,12.87,62.75,0.0,-0.0,0.0,339.6,0.76,122.0,74810.0
20120906:0400,12.43,64.8,0.0,-0.0,0.0,337.8,0.83,111.0,74810.0
20120906:0500,12.32,65.35,0.0,-0.0,0.0,350.8,0.69,120.0,74810.0
20120906:0600,12.05,66.4,0.0,-0.0,0.0,348.2,0.62,117.0,74774.0
20120906:0700,11.25,66.3,0.0,-0.0,0.0,362.6,0.97,122.0,74759.0
20120906:0800,11.26,66.35,0.0,-0.0,0.0,370.6,1.03,118.0,74744.0
20120906:0900,11.18,66.75,0.0,-0.0,0.0,365.0,1.03,113.0,74766.0
20120906:1000,11.2,66.5,0.0,-0.0,0.0,367.6,0.97,115.0,74737.0
20120906:1100,11.1,66.85,10.0,0.0,10.0,357.0,0.97,119.0,74752.0
20120906:1200,11.62,64.85,243.0,640.12,58.0,347.4,0.9,127.0,74774.0
20120906:1300,13.0,58.45,508.0,822.14,76.0,354.6,0.97,139.0,74803.0
20120906:1400,15.01,49.75,252.0,17.89,239.0,339.6,1.17,145.0,74818.0
20120906:1500,17.34,41.3,194.0,14.79,181.0,361.6,1.86,133.0,74722.0
20120906:1600,19.39,33.9,623.0,100.82,525.0,358.2,2.07,142.0,74649.0
20120906:1700,20.99,29.3,786.0,328.21,458.0,360.4,2.14,149.0,74525.0
20120906:1800,21.71,26.6,426.0,38.57,389.0,369.8,2.07,150.0,74415.0
20120906:1900,20.76,31.05,169.0,10.53,160.0,383.0,1.24,178.0,74290.0
20120906:2000,20.71,30.45,705.0,896.24,85.0,362.2,0.62,216.0,74254.0
20120906:2100,19.77,32.55,226.0,49.72,202.0,347.4,0.48,292.0,74268.0
20120906:2200,18.46,35.35,102.0,33.15,94.0,353.2,0.55,296.0,74290.0
20120906:2300,16.46,43.65,0.0,-0.0,0.0,328.6,0.76,306.0,74385.0
20120907:0000,15.19,50.3,0.0,-0.0,0.0,329.2,0.28,314.0,74510.0
20120907:0100,14.55,57.25,0.0,-0.0,0.0,330.45,0.14,21.0,74598.0
20120907:0200,13.42,59.75,0.0,-0.0,0.0,324.4,0.69,94.0,74700.0
20120907:0300,12.88,61.4,0.0,-0.0,0.0,336.0,0.76,100.0,74752.0
20120907:0400,12.46,63.0,0.0,-0.0,0.0,350.4,0.76,103.0,74781.0
20120907:0500,12.13,64.65,0.0,-0.0,0.0,341.4,0.97,113.0,74752.0
20120907:0600,11.96,65.3,0.0,-0.0,0.0,347.8,1.03,111.0,74722.0
20120907:0700,11.83,64.8,0.0,-0.0,0.0,370.0,0.97,114.0,74686.0
20120907:0800,11.55,65.85,0.0,-0.0,0.0,356.2,1.03,122.0,74635.0
20120907:0900,11.51,65.4,0.0,-0.0,0.0,364.2,1.03,136.0,74635.0
20120907:1000,11.17,65.3,0.0,-0.0,0.0,363.6,1.1,126.0,74679.0
20120907:1100,10.72,66.75,10.0,0.0,10.0,344.0,1.31,114.0,74679.0
20120907:1200,11.81,61.3,248.0,651.34,59.0,345.6,1.31,111.0,74722.0
20120907:1300,14.68,48.1,515.0,831.73,77.0,323.4,0.97,128.0,74664.0
20120907:1400,16.81,40.05,753.0,913.8,88.0,334.2,0.83,149.0,74627.0
20120907:1500,19.05,33.1,936.0,955.89,95.0,353.2,1.17,145.0,74554.0
20120907:1600,20.48,28.55,1048.0,975.84,99.0,367.4,0.97,158.0,74481.0
20120907:1700,21.74,24.3,297.0,20.01,277.0,359.0,0.9,160.0,74363.0
20120907:1800,22.44,21.85,733.0,214.83,527.0,349.8,0.55,211.0,74254.0
20120907:1900,21.87,24.6,305.0,19.92,288.0,359.8,0.62,133.0,74136.0
20120907:2000,22.33,22.7,526.0,278.03,334.0,358.8,0.28,104.0,74114.0
20120907:2100,21.57,23.3,315.0,205.77,216.0,356.2,0.55,313.0,74100.0
20120907:2200,19.85,28.55,201.0,647.39,46.0,342.4,1.1,309.0,74144.0
20120907:2300,17.55,39.95,0.0,-0.0,0.0,332.4,1.03,315.0,74276.0
20120908:0000,15.71,51.45,0.0,-0.0,0.0,334.2,0.76,313.0,74393.0
20120908:0100,14.31,60.85,0.0,-0.0,0.0,334.65,0.48,16.0,74510.0
20120908:0200,13.78,63.9,0.0,-0.0,0.0,342.2,0.69,72.0,74576.0
20120908:0300,13.38,66.2,0.0,-0.0,0.0,348.6,0.9,71.0,74679.0
20120908:0400,13.3,67.05,0.0,-0.0,0.0,369.0,0.76,76.0,74715.0
20120908:0500,13.16,67.15,0.0,-0.0,0.0,364.4,0.69,91.0,74700.0
20120908:0600,12.88,67.65,0.0,-0.0,0.0,356.0,0.76,95.0,74679.0
20120908:0700,12.45,65.25,0.0,-0.0,0.0,355.0,0.69,116.0,74627.0
20120908:0800,12.03,66.35,0.0,-0.0,0.0,339.6,0.76,103.0,74591.0
20120908:0900,11.82,67.0,0.0,-0.0,0.0,344.4,0.76,94.0,74620.0
20120908:1000,11.82,66.25,0.0,-0.0,0.0,352.8,0.69,95.0,74635.0
20120908:1100,11.65,66.9,3.0,0.0,3.0,343.6,0.69,97.0,74657.0
20120908:1200,12.51,60.65,88.0,0.0,88.0,330.4,0.76,111.0,74737.0
20120908:1300,14.2,49.4,455.0,557.07,161.0,338.0,0.97,143.0,74671.0
20120908:1400,16.65,40.9,339.0,38.42,311.0,328.8,0.97,153.0,74657.0
20120908:1500,18.64,34.5,365.0,24.98,343.0,330.4,1.52,145.0,74561.0
20120908:1600,21.11,27.25,246.0,18.5,228.0,351.8,2.28,135.0,74510.0
20120908:1700,22.11,25.4,746.0,259.12,487.0,365.6,2.14,144.0,74393.0
20120908:1800,22.22,25.05,1027.0,969.2,98.0,353.6,1.86,137.0,74246.0
20120908:1900,21.1,30.0,341.0,23.45,321.0,369.0,1.45,125.0,74180.0
20120908:2000,20.98,29.3,258.0,18.86,245.0,371.8,1.24,107.0,74122.0
20120908:2100,20.55,29.35,304.0,183.53,216.0,366.8,0.83,73.0,74136.0
20120908:2200,19.07,32.85,150.0,269.48,86.0,366.8,0.76,353.0,74180.0
20120908:2300,17.21,39.7,0.0,-0.0,0.0,345.6,0.69,325.0,74371.0
20120909:0000,15.98,45.35,0.0,-0.0,0.0,339.8,0.62,44.0,74488.0
20120909:0100,15.23,48.15,0.0,-0.0,0.0,347.05,1.1,78.0,74583.0
20120909:0200,14.62,50.9,0.0,-0.0,0.0,343.6,0.97,84.0,74693.0
20120909:0300,14.25,52.65,0.0,-0.0,0.0,352.2,0.9,87.0,74774.0
20120909:0400,13.84,54.45,0.0,-0.0,0.0,351.4,0.69,98.0,74788.0
20120909:0500,13.63,55.45,0.0,-0.0,0.0,357.6,0.62,118.0,74744.0
20120909:0600,13.28,56.75,0.0,-0.0,0.0,361.4,0.76,116.0,74700.0
20120909:0700,12.1,58.45,0.0,-0.0,0.0,341.2,0.9,115.0,74657.0
20120909:0800,11.56,60.0,0.0,-0.0,0.0,349.8,0.9,114.0,74664.0
20120909:0900,11.13,61.3,0.0,-0.0,0.0,347.6,1.03,114.0,74679.0
20120909:1000,10.69,62.55,0.0,-0.0,0.0,335.6,1.1,108.0,74730.0
20120909:1100,10.41,63.45,11.0,0.0,11.0,345.6,1.17,104.0,74730.0
20120909:1200,11.23,60.4,253.0,663.26,59.0,342.8,1.24,104.0,74781.0
20120909:1300,13.44,52.3,522.0,841.38,77.0,352.6,1.03,116.0,74752.0
20120909:1400,16.49,39.95,759.0,918.14,89.0,328.2,2.41,128.0,74752.0
20120909:1500,18.51,31.7,298.0,19.29,281.0,336.6,2.55,132.0,74635.0
20120909:1600,19.78,26.5,576.0,71.92,506.0,363.0,3.1,127.0,74539.0
20120909:1700,20.54,24.8,194.0,15.01,179.0,363.6,2.83,130.0,74444.0
20120909:1800,20.6,24.65,340.0,20.87,320.0,365.2,2.48,130.0,74341.0
20120909:1900,20.73,24.3,332.0,22.3,313.0,358.0,2.28,134.0,74261.0
20120909:2000,20.75,23.05,707.0,904.01,85.0,350.2,1.38,141.0,74224.0
20120909:2100,20.39,22.95,162.0,8.37,158.0,356.6,0.34,155.0,74217.0
20120909:2200,19.34,24.2,200.0,658.05,45.0,342.4,0.41,24.0,74195.0
20120909:2300,17.7,27.65,0.0,-0.0,0.0,341.4,0.62,356.0,74334.0
20120910:0000,16.27,33.0,0.0,-0.0,0.0,325.4,0.55,23.0,74459.0
20120910:0100,15.17,40.15,0.0,-0.0,0.0,327.85,0.48,63.0,74591.0
20120910:0200,14.06,41.55,0.0,-0.0,0.0,325.0,0.83,88.0,74686.0
20120910:0300,13.29,44.45,0.0,-0.0,0.0,325.6,1.03,91.0,74752.0
20120910:0400,12.3,48.75,0.0,-0.0,0.0,315.2,0.97,95.0,74737.0
20120910:0500,11.79,51.0,0.0,-0.0,0.0,321.2,0.97,102.0,74737.0
20120910:0600,11.06,54.3,0.0,-0.0,0.0,315.4,0.9,95.0,74700.0
20120910:0700,11.0,55.15,0.0,-0.0,0.0,329.2,0.83,104.0,74635.0
20120910:0800,10.61,56.35,0.0,-0.0,0.0,342.8,0.97,107.0,74569.0
20120910:0900,10.02,58.3,0.0,-0.0,0.0,339.2,1.1,103.0,74561.0
20120910:1000,9.71,59.45,0.0,-0.0,0.0,334.0,1.1,100.0,74620.0
20120910:1100,9.21,61.5,11.0,0.0,11.0,331.6,1.17,98.0,74679.0
20120910:1200,10.78,56.7,252.0,657.24,59.0,333.6,1.03,101.0,74737.0
20120910:1300,13.59,45.45,251.0,49.06,225.0,324.4,0.9,114.0,74722.0
20120910:1400,16.64,36.0,191.0,13.69,181.0,330.8,0.83,131.0,74730.0
20120910:1500,19.34,28.65,704.0,345.79,399.0,332.0,2.28,119.0,74642.0
20120910:1600,21.19,23.6,777.0,248.53,535.0,338.2,2.0,118.0,74466.0
20120910:1700,22.4,20.2,454.0,42.02,412.0,343.0,1.17,116.0,74371.0
20120910:1800,23.13,18.1,447.0,32.37,416.0,340.6,0.48,68.0,74232.0
20120910:1900,22.23,19.9,895.0,942.49,93.0,344.2,0.83,68.0,74202.0
20120910:2000,22.02,20.3,700.0,895.57,85.0,345.6,0.83,346.0,74180.0
20120910:2100,20.76,24.45,175.0,12.6,169.0,355.2,1.52,318.0,74195.0
20120910:2200,18.57,34.4,195.0,642.21,45.0,323.6,1.52,314.0,74224.0
20120910:2300,16.29,45.7,0.0,-0.0,0.0,323.0,1.03,309.0,74385.0
20120911:0000,15.05,52.35,0.0,-0.0,0.0,317.6,0.55,313.0,74517.0
20120911:0100,14.35,65.75,0.0,-0.0,0.0,321.85,0.21,0.0,74561.0
20120911:0200,13.51,62.3,0.0,-0.0,0.0,323.8,0.55,72.0,74635.0
20120911:0300,12.86,64.15,0.0,-0.0,0.0,325.4,0.69,83.0,74657.0
20120911:0400,12.11,66.75,0.0,-0.0,0.0,318.6,0.83,89.0,74671.0
20120911:0500,11.64,68.95,0.0,-0.0,0.0,324.6,0.76,91.0,74657.0
20120911:0600,11.45,69.85,0.0,-0.0,0.0,332.4,0.62,92.0,74613.0
20120911:0700,12.09,62.05,0.0,-0.0,0.0,356.6,0.62,111.0,74605.0
20120911:0800,12.02,61.4,0.0,-0.0,0.0,353.6,0.9,118.0,74576.0
20120911:0900,11.86,60.3,0.0,-0.0,0.0,347.4,0.97,131.0,74598.0
20120911:1000,11.6,59.85,0.0,-0.0,0.0,342.0,0.9,139.0,74591.0
20120911:1100,11.35,59.85,11.0,0.0,11.0,339.0,0.97,138.0,74613.0
20120911:1200,12.22,55.7,250.0,647.89,59.0,325.6,1.03,138.0,74679.0
20120911:1300,14.19,47.75,257.0,54.6,228.0,350.2,0.76,157.0,74642.0
20120911:1400,16.05,41.75,164.0,10.93,156.0,350.2,0.62,191.0,74649.0
20120911:1500,16.99,39.35,202.0,14.73,189.0,370.6,0.55,190.0,74613.0
20120911:1600,19.43,33.5,530.0,52.36,479.0,361.0,1.03,138.0,74532.0
20120911:1700,20.74,30.9,401.0,24.01,377.0,366.2,0.62,164.0,74371.0
20120911:1800,20.74,31.2,301.0,19.85,282.0,377.6,0.41,250.0,74254.0
20120911:1900,20.03,32.25,389.0,32.94,361.0,364.2,0.69,194.0,74188.0
20120911:2000,19.87,32.75,234.0,16.05,223.0,370.2,0.55,263.0,74092.0
20120911:2100,19.07,35.5,452.0,805.2,70.0,362.4,0.97,291.0,74144.0
20120911:2200,17.45,43.55,85.0,0.0,85.0,346.6,1.31,292.0,74210.0
20120911:2300,15.57,53.1,0.0,-0.0,0.0,336.8,0.97,296.0,74297.0
20120912:0000,14.6,58.45,0.0,-0.0,0.0,331.4,0.69,295.0,74429.0
20120912:0100,14.06,61.5,0.0,-0.0,0.0,335.65,0.28,287.0,74503.0
20120912:0200,13.63,67.95,0.0,-0.0,0.0,339.6,0.34,118.0,74547.0
20120912:0300,13.47,64.1,0.0,-0.0,0.0,350.6,0.69,120.0,74598.0
20120912:0400,12.67,70.35,0.0,-0.0,0.0,332.0,0.48,121.0,74620.0
20120912:0500,12.16,69.6,0.0,-0.0,0.0,334.0,0.55,120.0,74561.0
20120912:0600,11.77,70.65,0.0,-0.0,0.0,337.2,0.69,113.0,74525.0
20120912:0700,12.3,59.75,0.0,-0.0,0.0,372.6,0.97,120.0,74466.0
20120912:0800,12.38,58.8,0.0,-0.0,0.0,370.0,1.03,121.0,74429.0
20120912:0900,12.22,59.05,0.0,-0.0,0.0,355.6,0.83,123.0,74429.0
20120912:1000,12.04,59.55,0.0,-0.0,0.0,350.4,0.69,127.0,74466.0
20120912:1100,11.86,60.45,11.0,0.0,11.0,347.8,0.76,119.0,74466.0
20120912:1200,12.54,58.3,77.0,0.0,77.0,335.4,0.83,119.0,74547.0
20120912:1300,14.38,51.55,209.0,24.43,196.0,341.4,0.83,150.0,74576.0
20120912:1400,15.81,46.85,559.0,256.64,371.0,362.4,0.83,158.0,74598.0
20120912:1500,17.61,39.3,328.0,21.51,309.0,359.2,1.52,143.0,74561.0
20120912:1600,19.09,33.7,729.0,189.87,544.0,370.2,1.52,144.0,74437.0
20120912:1700,20.72,28.7,661.0,111.08,550.0,370.2,1.17,145.0,74232.0
20120912:1800,21.55,26.6,752.0,238.36,524.0,371.0,0.76,164.0,74158.0
20120912:1900,21.25,29.55,693.0,306.25,433.0,379.2,1.52,161.0,74092.0
20120912:2000,21.23,28.35,230.0,14.62,220.0,372.6,1.03,190.0,74041.0
20120912:2100,20.11,30.8,193.0,25.39,181.0,372.8,0.69,232.0,74078.0
20120912:2200,18.36,36.55,61.0,0.0,61.0,365.8,0.83,283.0,74078.0
20120912:2300,16.57,44.9,0.0,-0.0,0.0,340.2,0.69,295.0,74210.0
20120913:0000,15.48,50.65,0.0,-0.0,0.0,336.0,0.34,271.0,74319.0
20120913:0100,14.73,54.45,0.0,-0.0,0.0,339.05,0.21,98.0,74422.0
20120913:0200,14.48,55.25,0.0,-0.0,0.0,354.6,0.76,115.0,74495.0
20120913:0300,14.21,56.2,0.0,-0.0,0.0,360.6,0.83,121.0,74539.0
20120913:0400,13.75,57.7,0.0,-0.0,0.0,353.2,0.76,126.0,74583.0
20120913:0500,13.46,58.5,0.0,-0.0,0.0,358.4,0.9,145.0,74539.0
20120913:0600,13.29,58.8,0.0,-0.0,0.0,365.6,1.03,144.0,74503.0
20120913:0700,13.01,59.2,0.0,-0.0,0.0,376.4,0.97,127.0,74415.0
20120913:0800,12.97,59.4,0.0,-0.0,0.0,370.6,0.76,142.0,74393.0
20120913:0900,12.98,59.45,0.0,-0.0,0.0,372.8,0.69,157.0,74422.0
20120913:1000,12.88,60.0,0.0,-0.0,0.0,373.2,0.62,164.0,74415.0
20120913:1100,12.86,60.55,3.0,0.0,3.0,376.4,0.69,166.0,74503.0
20120913:1200,13.07,60.4,66.0,0.0,66.0,373.4,0.69,159.0,74569.0
20120913:1300,13.75,58.6,129.0,3.75,127.0,374.4,0.83,158.0,74598.0
20120913:1400,14.12,58.15,178.0,12.27,169.0,378.2,0.97,155.0,74642.0
20120913:1500,15.77,51.05,276.0,18.1,260.0,372.4,2.14,134.0,74642.0
20120913:1600,17.33,44.55,229.0,17.44,212.0,373.2,2.55,141.0,74613.0
20120913:1700,18.32,40.85,141.0,8.01,133.0,378.6,2.48,151.0,74583.0
20120913:1800,19.55,36.45,227.0,16.74,211.0,368.4,2.48,152.0,74517.0
20120913:1900,16.25,49.35,214.0,14.15,202.0,373.2,2.34,151.0,74407.0
20120913:2000,17.09,42.9,244.0,17.58,232.0,363.6,2.41,149.0,74290.0
20120913:2100,18.12,36.7,391.0,486.32,162.0,352.4,2.28,157.0,74246.0
20120913:2200,17.51,37.0,124.0,149.44,90.0,332.2,1.45,191.0,74239.0
20120913:2300,15.67,44.6,0.0,-0.0,0.0,330.8,0.69,219.0,74312.0
20120914:0000,14.43,50.95,0.0,-0.0,0.0,325.6,0.28,241.0,74422.0
20120914:0100,13.66,62.75,0.0,-0.0,0.0,331.65,0.28,215.0,74554.0
20120914:0200,13.15,60.55,0.0,-0.0,0.0,340.0,0.48,162.0,74627.0
20120914:0300,12.95,59.7,0.0,-0.0,0.0,348.0,0.48,140.0,74715.0
20120914:0400,12.66,59.95,0.0,-0.0,0.0,346.4,0.55,134.0,74759.0
20120914:0500,12.67,57.85,0.0,-0.0,0.0,360.0,0.76,146.0,74744.0
20120914:0600,12.43,57.95,0.0,-0.0,0.0,360.4,0.76,172.0,74708.0
20120914:0700,11.33,54.85,0.0,-0.0,0.0,345.0,0.83,156.0,74627.0
20120914:0800,11.2,55.35,0.0,-0.0,0.0,346.0,0.83,149.0,74613.0
20120914:0900,10.96,56.35,0.0,-0.0,0.0,338.8,0.97,127.0,74569.0
20120914:1000,10.79,57.25,0.0,-0.0,0.0,338.2,1.03,112.0,74591.0
20120914:1100,10.31,60.1,18.0,142.52,12.0,321.2,0.9,106.0,74657.0
20120914:1200,11.7,55.7,256.0,657.27,60.0,332.8,0.97,118.0,74686.0
20120914:1300,13.73,49.3,284.0,78.61,242.0,345.0,0.76,150.0,74686.0
20120914:1400,15.75,43.95,764.0,919.3,89.0,349.4,0.97,160.0,74657.0
20120914:1500,19.19,33.05,675.0,221.59,479.0,344.8,2.34,144.0,74547.0
20120914:1600,20.93,27.95,583.0,74.89,510.0,347.0,2.14,156.0,74429.0
20120914:1700,22.47,23.9,676.0,122.13,554.0,341.6,2.0,154.0,74305.0
20120914:1800,23.0,22.3,457.0,35.59,423.0,355.8,1.66,151.0,74210.0
20120914:1900,22.47,23.75,137.0,5.9,132.0,348.2,2.21,143.0,74188.0
20120914:2000,22.1,23.4,344.0,54.33,307.0,347.2,1.45,157.0,74166.0
20120914:2100,21.09,24.55,79.0,0.0,79.0,351.6,0.97,195.0,74188.0
20120914:2200,19.55,27.25,190.0,647.53,44.0,337.6,0.76,230.0,74224.0
20120914:2300,17.27,35.7,0.0,-0.0,0.0,343.0,0.69,257.0,74341.0
20120915:0000,15.63,44.1,0.0,-0.0,0.0,332.4,0.48,256.0,74495.0
20120915:0100,14.74,49.35,0.0,-0.0,0.0,339.05,0.28,216.0,74605.0
20120915:0200,14.18,51.55,0.0,-0.0,0.0,341.8,0.55,150.0,74693.0
20120915:0300,13.86,51.75,0.0,-0.0,0.0,355.4,0.69,137.0,74722.0
20120915:0400,13.55,52.5,0.0,-0.0,0.0,359.2,0.9,125.0,74766.0
20120915:0500,12.99,54.45,0.0,-0.0,0.0,345.0,0.83,132.0,74715.0
20120915:0600,12.52,56.25,0.0,-0.0,0.0,342.2,0.97,138.0,74686.0
20120915:0700,12.15,53.5,0.0,-0.0,0.0,370.6,0.97,129.0,74627.0
20120915:0800,12.19,53.3,0.0,-0.0,0.0,371.6,0.9,129.0,74613.0
20120915:0900,12.22,53.45,0.0,-0.0,0.0,370.4,0.76,130.0,74635.0
20120915:1000,12.09,54.25,0.0,-0.0,0.0,360.2,0.69,130.0,74591.0
20120915:1100,11.94,55.6,0.0,0.0,0.0,348.2,0.62,138.0,74657.0
20120915:1200,12.6,54.0,15.0,0.0,15.0,346.6,0.83,130.0,74722.0
20120915:1300,14.37,48.45,126.0,3.74,124.0,339.6,1.1,127.0,74774.0
20120915:1400,16.6,42.0,198.0,13.6,188.0,347.2,1.38,131.0,74781.0
20120915:1500,19.27,32.8,428.0,37.29,395.0,359.2,2.76,129.0,74730.0
20120915:1600,20.81,28.0,186.0,14.36,172.0,361.8,2.41,131.0,74591.0
20120915:1700,21.7,26.6,302.0,20.03,282.0,356.0,1.93,138.0,74429.0
20120915:1800,21.85,26.4,174.0,11.52,163.0,363.2,1.52,145.0,74305.0
20120915:1900,20.83,30.95,231.0,15.37,218.0,369.8,2.0,125.0,74239.0
20120915:2000,20.86,30.3,181.0,8.83,175.0,364.6,1.59,123.0,74188.0
20120915:2100,20.6,30.15,159.0,6.42,156.0,363.0,0.55,130.0,74188.0
20120915:2200,19.5,31.85,187.0,640.09,44.0,365.0,0.14,56.0,74239.0
20120915:2300,17.72,36.75,0.0,-0.0,0.0,353.2,0.48,304.0,74341.0
20120916:0000,16.25,43.65,0.0,-0.0,0.0,345.8,0.48,308.0,74459.0
20120916:0100,15.09,49.4,0.0,-0.0,0.0,325.85,0.34,9.0,74532.0
20120916:0200,14.18,53.7,0.0,-0.0,0.0,336.8,0.55,68.0,74605.0
20120916:0300,13.25,57.95,0.0,-0.0,0.0,326.0,0.69,98.0,74664.0
20120916:0400,12.59,59.75,0.0,-0.0,0.0,352.6,0.9,105.0,74679.0
20120916:0500,11.99,62.4,0.0,-0.0,0.0,339.2,0.97,107.0,74642.0
20120916:0600,11.62,64.0,0.0,-0.0,0.0,348.0,0.97,105.0,74627.0
20120916:0700,11.54,60.15,0.0,-0.0,0.0,362.0,1.17,116.0,74583.0
20120916:0800,11.13,62.45,0.0,-0.0,0.0,353.2,1.31,110.0,74576.0
20120916:0900,11.06,63.05,0.0,-0.0,0.0,364.0,1.31,113.0,74613.0
20120916:1000,10.72,64.25,0.0,-0.0,0.0,362.0,1.38,112.0,74649.0
20120916:1100,10.66,64.35,19.0,135.49,13.0,361.0,1.45,108.0,74671.0
20120916:1200,11.29,61.8,142.0,76.56,119.0,350.2,1.38,108.0,74708.0
20120916:1300,13.77,51.55,217.0,26.11,203.0,346.4,1.17,117.0,74693.0
20120916:1400,16.53,41.8,431.0,88.33,366.0,348.6,1.03,135.0,74657.0
20120916:1500,18.39,33.65,125.0,5.65,120.0,355.8,1.93,132.0,74569.0
20120916:1600,20.33,25.9,655.0,120.0,538.0,361.8,1.93,133.0,74415.0
20120916:1700,22.43,20.3,622.0,86.15,536.0,344.4,1.93,136.0,74334.0
20120916:1800,22.96,18.3,461.0,36.69,426.0,363.8,1.38,145.0,74268.0
20120916:1900,21.79,21.3,630.0,214.32,449.0,357.2,1.03,137.0,74180.0
20120916:2000,21.44,21.05,493.0,233.05,335.0,351.6,0.41,214.0,74180.0
20120916:2100,20.64,22.3,259.0,107.44,209.0,351.2,0.62,289.0,74232.0
20120916:2200,18.67,30.4,162.0,447.3,63.0,339.6,1.31,314.0,74217.0
20120916:2300,16.52,41.45,0.0,-0.0,0.0,316.6,1.17,333.0,74327.0
20120917:0000,15.34,48.15,0.0,-0.0,0.0,313.8,0.62,350.0,74415.0
20120917:0100,14.42,59.55,0.0,-0.0,0.0,319.65,0.41,68.0,74503.0
20120917:0200,13.5,57.05,0.0,-0.0,0.0,318.6,0.76,90.0,74605.0
20120917:0300,12.82,59.65,0.0,-0.0,0.0,322.8,0.9,91.0,74664.0
20120917:0400,12.52,61.05,0.0,-0.0,0.0,334.8,0.9,96.0,74664.0
20120917:0500,12.2,62.5,0.0,-0.0,0.0,335.4,0.9,93.0,74642.0
20120917:0600,11.86,64.2,0.0,-0.0,0.0,332.8,0.9,91.0,74605.0
20120917:0700,11.23,58.45,0.0,-0.0,0.0,337.4,0.76,100.0,74591.0
20120917:0800,10.69,60.55,0.0,-0.0,0.0,343.4,0.97,101.0,74561.0
20120917:0900,10.3,62.5,0.0,-0.0,0.0,337.2,1.17,106.0,74561.0
20120917:1000,10.0,64.15,0.0,-0.0,0.0,338.4,1.24,105.0,74598.0
20120917:1100,10.38,63.4,3.0,0.0,3.0,349.2,1.1,111.0,74627.0
20120917:1200,11.78,58.4,81.0,0.0,81.0,357.2,0.9,122.0,74708.0
20120917:1300,13.69,47.15,232.0,33.5,214.0,357.4,0.9,154.0,74752.0
20120917:1400,15.71,40.35,421.0,80.1,362.0,349.6,0.69,186.0,74759.0
20120917:1500,17.48,35.95,491.0,59.83,438.0,343.0,0.62,198.0,74708.0
20120917:1600,19.64,30.95,735.0,193.84,546.0,343.4,0.55,152.0,74591.0
20120917:1700,21.42,26.15,803.0,250.51,553.0,361.6,0.48,120.0,74473.0
20120917:1800,22.08,24.45,309.0,19.94,290.0,353.6,0.55,292.0,74341.0
20120917:1900,20.0,31.7,520.0,98.42,437.0,363.0,0.62,214.0,74276.0
20120917:2000,19.06,34.95,353.0,62.1,311.0,363.6,0.83,264.0,74261.0
20120917:2100,18.23,38.35,236.0,73.35,202.0,354.8,0.83,291.0,74268.0
20120917:2200,17.07,43.0,167.0,510.85,55.0,357.2,1.03,317.0,74261.0
20120917:2300,15.67,49.25,0.0,-0.0,0.0,345.4,0.76,301.0,74356.0
20120918:0000,14.64,54.5,0.0,-0.0,0.0,333.2,0.48,321.0,74488.0
20120918:0100,14.07,58.45,0.0,-0.0,0.0,343.45,0.34,327.0,74605.0
20120918:0200,13.62,61.2,0.0,-0.0,0.0,347.8,0.34,1.0,74679.0
20120918:0300,13.11,64.4,0.0,-0.0,0.0,340.6,0.28,348.0,74737.0
20120918:0400,12.75,67.15,0.0,-0.0,0.0,343.4,0.28,238.0,74730.0
20120918:0500,11.84,74.5,0.0,-0.0,0.0,328.2,0.21,226.0,74737.0
20120918:0600,11.47,73.45,0.0,-0.0,0.0,355.2,0.0,184.0,74700.0
20120918:0700,11.53,75.55,0.0,-0.0,0.0,355.0,0.14,183.0,74657.0
20120918:0800,11.22,76.25,0.0,-0.0,0.0,343.8,0.41,122.0,74642.0
20120918:0900,11.31,74.95,0.0,-0.0,0.0,359.0,0.55,127.0,74664.0
20120918:1000,11.35,73.5,0.0,-0.0,0.0,360.0,0.41,128.0,74693.0
20120918:1100,11.09,74.4,3.0,0.0,3.0,343.0,0.34,83.0,74737.0
20120918:1200,11.97,70.45,6.0,0.0,6.0,355.8,0.28,80.0,74774.0
20120918:1300,13.44,62.4,353.0,180.24,256.0,351.6,0.07,78.0,74810.0
20120918:1400,15.4,52.5,338.0,35.27,312.0,357.4,0.0,161.0,74810.0
20120918:1500,17.47,43.25,317.0,21.44,298.0,361.2,0.55,175.0,74737.0
20120918:1600,17.8,41.05,469.0,34.87,435.0,369.2,0.41,231.0,74657.0
20120918:1700,17.98,41.45,192.0,21.05,171.0,374.8,0.62,287.0,74569.0
20120918:1800,18.73,40.3,781.0,275.16,519.0,357.4,0.62,295.0,74437.0
20120918:1900,19.66,35.25,458.0,60.56,407.0,363.2,0.55,241.0,74341.0
20120918:2000,19.15,36.45,285.0,28.16,266.0,368.4,0.69,282.0,74283.0
20120918:2100,18.59,38.75,441.0,803.72,70.0,360.6,0.69,298.0,74268.0
20120918:2200,17.19,45.95,179.0,626.3,43.0,358.4,1.03,307.0,74349.0
20120918:2300,15.39,59.15,0.0,-0.0,0.0,349.0,1.17,313.0,74444.0
20120919:0000,13.13,75.25,0.0,-0.0,0.0,356.2,0.76,323.0,74569.0
20120919:0100,11.62,93.05,0.0,-0.0,0.0,361.85,0.55,31.0,74649.0
20120919:0200,11.43,94.65,0.0,-0.0,0.0,352.4,0.83,69.0,74730.0
20120919:0300,11.23,94.75,0.0,-0.0,0.0,356.4,0.76,79.0,74759.0
20120919:0400,10.89,94.95,0.0,-0.0,0.0,354.0,0.76,80.0,74744.0
20120919:0500,10.51,96.0,0.0,-0.0,0.0,353.6,0.69,86.0,74708.0
20120919:0600,10.34,95.0,0.0,-0.0,0.0,349.4,0.62,78.0,74671.0
20120919:0700,11.06,80.25,0.0,-0.0,0.0,330.8,0.55,80.0,74642.0
20120919:0800,10.63,83.25,0.0,-0.0,0.0,329.0,0.62,84.0,74620.0
20120919:0900,10.57,82.35,0.0,-0.0,0.0,333.2,0.55,74.0,74635.0
20120919:1000,10.66,81.0,0.0,-0.0,0.0,342.4,0.62,63.0,74664.0
20120919:1100,10.7,79.25,16.0,0.0,16.0,340.8,0.69,69.0,74722.0
20120919:1200,11.52,73.75,140.0,0.0,140.0,340.0,0.76,98.0,74759.0
20120919:1300,13.38,61.2,258.0,0.0,258.0,338.8,0.69,120.0,74766.0
20120919:1400,15.86,48.2,764.0,0.0,764.0,335.8,0.48,147.0,74744.0
20120919:1500,18.17,40.3,944.0,0.0,944.0,350.0,0.14,177.0,74671.0
20120919:1600,19.97,35.5,1053.0,0.0,1053.0,351.8,0.07,347.0,74525.0
20120919:1700,20.89,33.4,574.0,0.0,574.0,359.6,0.62,305.0,74400.0
20120919:1800,21.29,33.85,431.0,0.0,431.0,360.0,1.1,291.0,74276.0
20120919:1900,19.38,45.1,635.0,0.0,635.0,359.4,1.52,288.0,74254.0
20120919:2000,16.66,56.85,690.0,0.0,690.0,355.4,1.1,318.0,74290.0
20120919:2100,15.7,62.2,443.0,0.0,443.0,365.8,0.97,145.0,74261.0
20120919:2200,15.46,61.25,171.0,0.0,171.0,366.2,0.48,97.0,74371.0
20120919:2300,14.95,63.6,0.0,-0.0,0.0,364.4,0.21,39.0,74407.0
20120920:0000,14.29,66.3,0.0,-0.0,0.0,355.4,0.62,96.0,74459.0
20120920:0100,14.03,68.1,0.0,-0.0,0.0,372.85,0.83,75.0,74488.0
20120920:0200,13.46,70.95,0.0,-0.0,0.0,346.0,0.76,74.0,74554.0
20120920:0300,12.82,74.25,0.0,-0.0,0.0,354.0,0.9,86.0,74569.0
20120920:0400,12.27,77.4,0.0,-0.0,0.0,345.2,0.83,92.0,74569.0
20120920:0500,11.57,80.4,0.0,-0.0,0.0,342.8,0.69,108.0,74576.0
20120920:0600,10.81,83.05,0.0,-0.0,0.0,356.0,0.62,104.0,74525.0
20120920:0700,10.66,83.85,0.0,-0.0,0.0,348.2,0.83,113.0,74510.0
20120920:0800,10.62,83.3,0.0,-0.0,0.0,351.2,0.97,123.0,74451.0
20120920:0900,10.75,81.65,0.0,-0.0,0.0,359.2,0.9,116.0,74495.0
20120920:1000,10.55,81.55,0.0,-0.0,0.0,353.4,1.1,108.0,74532.0
20120920:1100,10.81,80.25,8.0,0.0,8.0,365.8,1.45,102.0,74539.0
20120920:1200,11.82,76.95,143.0,0.0,143.0,347.6,1.38,98.0,74576.0
20120920:1300,14.42,62.25,528.0,0.0,528.0,341.4,0.76,101.0,74539.0
20120920:1400,16.4,51.5,426.0,0.0,426.0,339.0,0.14,175.0,74561.0
20120920:1500,18.05,43.25,622.0,0.0,622.0,343.2,0.28,184.0,74517.0
20120920:1600,18.61,40.25,802.0,0.0,802.0,361.4,0.69,186.0,74415.0
20120920:1700,20.37,35.85,579.0,0.0,579.0,357.0,1.03,232.0,74224.0
20120920:1800,20.23,37.05,535.0,0.0,535.0,372.0,0.83,260.0,74085.0
20120920:1900,20.63,36.5,891.0,0.0,891.0,362.6,0.97,273.0,74048.0
20120920:2000,18.06,49.05,690.0,0.0,690.0,360.8,0.97,311.0,74056.0
20120920:2100,17.56,48.65,245.0,0.0,245.0,349.8,0.83,272.0,74078.0
20120920:2200,16.61,53.15,5.0,0.0,5.0,341.6,0.97,232.0,74151.0
20120920:2300,15.68,57.65,0.0,-0.0,0.0,349.8,0.69,247.0,74232.0
20120921:0000,14.93,62.75,0.0,-0.0,0.0,347.8,0.48,266.0,74319.0
20120921:0100,14.02,69.7,0.0,-0.0,0.0,342.65,0.62,344.0,74407.0
20120921:0200,13.19,75.3,0.0,-0.0,0.0,340.4,0.62,49.0,74466.0
20120921:0300,12.77,77.95,0.0,-0.0,0.0,359.6,1.03,92.0,74510.0
20120921:0400,12.33,80.85,0.0,-0.0,0.0,348.4,0.83,101.0,74525.0
20120921:0500,12.0,84.0,0.0,-0.0,0.0,356.8,0.76,95.0,74495.0
20120921:0600,11.83,88.55,0.0,-0.0,0.0,371.2,0.69,97.0,74437.0
20120921:0700,11.93,85.6,0.0,-0.0,0.0,363.2,0.97,98.0,74400.0
20120921:0800,11.48,86.05,0.0,-0.0,0.0,347.0,1.03,97.0,74371.0
20120921:0900,11.21,85.7,0.0,-0.0,0.0,342.2,0.97,93.0,74407.0
20120921:1000,11.06,84.8,0.0,-0.0,0.0,346.8,0.97,98.0,74459.0
20120921:1100,10.78,84.4,22.0,0.0,22.0,337.2,0.97,93.0,74503.0
20120921:1200,11.52,80.9,264.0,0.0,264.0,346.6,0.83,96.0,74547.0
20120921:1300,13.56,68.5,533.0,0.0,533.0,340.6,0.62,117.0,74561.0
20120921:1400,15.99,54.7,770.0,0.0,770.0,352.0,0.48,172.0,74510.0
20120921:1500,17.93,44.3,403.0,0.0,403.0,341.4,0.76,159.0,74429.0
20120921:1600,19.64,39.45,779.0,0.0,779.0,350.8,0.76,215.0,74341.0
20120921:1700,20.21,38.55,337.0,0.0,337.0,371.2,0.76,233.0,74217.0
20120921:1800,20.34,38.3,737.0,0.0,737.0,372.0,1.03,254.0,74114.0
20120921:1900,20.42,38.9,316.0,0.0,316.0,380.2,0.9,262.0,74004.0
20120921:2000,19.43,42.05,348.0,0.0,348.0,364.4,0.69,280.0,73938.0
20120921:2100,18.68,45.05,7.0,0.0,7.0,365.4,0.41,286.0,73909.0
20120921:2200,17.77,48.0,23.0,0.0,23.0,354.0,0.41,306.0,74019.0
20120921:2300,15.69,58.85,0.0,-0.0,0.0,349.4,0.9,330.0,74158.0
20120922:0000,14.15,71.1,0.0,-0.0,0.0,359.8,0.76,345.0,74305.0
20120922:0100,13.47,77.1,0.0,-0.0,0.0,359.85,0.48,44.0,74393.0
20120922:0200,13.44,79.2,0.0,-0.0,0.0,381.0,0.55,72.0,74451.0
20120922:0300,13.39,79.4,0.0,-0.0,0.0,375.4,0.55,86.0,74488.0
20120922:0400,13.27,78.15,0.0,-0.0,0.0,363.2,0.62,87.0,74525.0
20120922:0500,13.05,78.15,0.0,-0.0,0.0,361.2,0.48,74.0,74510.0
20120922:0600,12.81,78.45,0.0,-0.0,0.0,363.0,0.62,87.0,74503.0
20120922:0700,12.34,78.9,0.0,-0.0,0.0,356.8,0.76,94.0,74473.0
20120922:0800,11.98,79.15,0.0,-0.0,0.0,357.8,0.62,107.0,74451.0
20120922:0900,11.84,78.6,0.0,-0.0,0.0,365.0,0.97,100.0,74473.0
20120922:1000,11.55,78.4,0.0,-0.0,0.0,355.0,1.03,97.0,74539.0
20120922:1100,11.12,79.1,9.0,0.0,9.0,341.6,1.03,99.0,74583.0
20120922:1200,12.06,74.7,262.0,0.0,262.0,349.8,0.76,102.0,74642.0
20120922:1300,14.05,62.85,528.0,0.0,528.0,356.0,0.41,145.0,74598.0
20120922:1400,15.8,52.6,176.0,0.0,176.0,344.4,0.62,184.0,74547.0
20120922:1500,17.91,40.75,237.0,0.0,237.0,347.4,1.03,144.0,74444.0
20120922:1600,20.22,32.3,122.0,0.0,122.0,354.6,1.59,122.0,74378.0
20120922:1700,21.59,27.3,201.0,0.0,201.0,358.2,1.59,138.0,74283.0
20120922:1800,22.1,25.25,804.0,0.0,804.0,363.4,0.76,183.0,74202.0
20120922:1900,20.6,30.8,407.0,0.0,407.0,373.8,1.24,130.0,74092.0
20120922:2000,20.77,29.6,214.0,0.0,214.0,351.6,0.62,109.0,74056.0
20120922:2100,19.64,31.7,434.0,0.0,434.0,356.2,0.69,337.0,74107.0
20120922:2200,17.49,41.95,172.0,0.0,172.0,367.2,1.38,316.0,74100.0
20120922:2300,15.19,57.85,0.0,-0.0,0.0,338.4,1.31,315.0,74261.0
20120923:0000,13.99,68.2,0.0,-0.0,0.0,336.0,0.76,323.0,74415.0
20120923:0100,13.34,72.0,0.0,-0.0,0.0,352.65,0.48,357.0,74510.0
20120923:0200,13.18,72.0,0.0,-0.0,0.0,355.8,0.34,110.0,74554.0
20120923:0300,12.9,72.3,0.0,-0.0,0.0,346.4,0.21,102.0,74620.0
20120923:0400,12.33,75.55,0.0,-0.0,0.0,353.8,0.21,48.0,74642.0
20120923:0500,12.21,75.75,0.0,-0.0,0.0,353.4,0.55,72.0,74627.0
20120923:0600,12.23,73.5,0.0,-0.0,0.0,354.2,0.83,90.0,74591.0
20120923:0700,12.31,73.0,0.0,-0.0,0.0,372.8,0.69,99.0,74554.0
20120923:0800,12.25,71.4,0.0,-0.0,0.0,369.4,0.76,93.0,74525.0
20120923:0900,12.11,70.65,0.0,-0.0,0.0,360.4,0.9,98.0,74532.0
20120923:1000,12.15,69.5,0.0,-0.0,0.0,372.2,0.97,79.0,74532.0
20120923:1100,11.93,70.3,23.0,0.0,23.0,361.6,0.83,95.0,74620.0
20120923:1200,12.17,68.6,160.0,0.0,160.0,367.0,0.76,114.0,74686.0
20120923:1300,13.6,61.3,380.0,0.0,380.0,362.0,0.69,119.0,74708.0
20120923:1400,14.97,54.3,347.0,0.0,347.0,354.4,0.55,156.0,74686.0
20120923:1500,16.64,45.85,370.0,0.0,370.0,348.6,0.9,141.0,74657.0
20120923:1600,17.95,39.65,726.0,0.0,726.0,359.6,0.62,137.0,74591.0
20120923:1700,18.85,35.85,732.0,0.0,732.0,369.8,0.21,293.0,74451.0
20120923:1800,19.82,35.75,140.0,0.0,140.0,362.0,1.45,300.0,74356.0
20120923:1900,18.88,40.45,306.0,0.0,306.0,364.0,0.34,269.0,74232.0
20120923:2000,18.52,41.0,452.0,0.0,452.0,378.0,0.83,301.0,74166.0
20120923:2100,17.87,44.3,316.0,0.0,316.0,355.0,0.83,284.0,74180.0
20120923:2200,16.43,51.6,124.0,0.0,124.0,350.6,0.97,290.0,74254.0
20120923:2300,15.1,59.8,0.0,-0.0,0.0,349.2,0.83,292.0,74385.0
20120924:0000,14.33,65.3,0.0,-0.0,0.0,358.4,0.55,304.0,74481.0
20120924:0100,13.88,67.85,0.0,-0.0,0.0,374.05,0.07,276.0,74554.0
20120924:0200,13.52,67.95,0.0,-0.0,0.0,376.8,0.34,85.0,74620.0
20120924:0300,13.29,69.0,0.0,-0.0,0.0,368.0,0.76,117.0,74642.0
20120924:0400,13.0,69.75,0.0,-0.0,0.0,359.4,0.48,140.0,74620.0
20120924:0500,12.21,73.6,0.0,-0.0,0.0,354.8,0.14,225.0,74583.0
20120924:0600,11.87,75.05,0.0,-0.0,0.0,359.6,0.34,137.0,74532.0
20120924:0700,12.12,72.65,0.0,-0.0,0.0,362.8,0.28,126.0,74503.0
20120924:0800,11.94,72.95,0.0,-0.0,0.0,362.0,0.69,109.0,74466.0
20120924:0900,12.01,71.85,0.0,-0.0,0.0,369.4,0.69,126.0,74466.0
20120924:1000,12.03,71.1,0.0,-0.0,0.0,372.8,0.48,144.0,74466.0
20120924:1100,11.75,72.25,24.0,0.0,24.0,359.0,0.21,119.0,74525.0
20120924:1200,12.07,70.75,264.0,0.0,264.0,373.0,0.34,153.0,74591.0
20120924:1300,13.11,65.5,530.0,0.0,530.0,365.8,0.48,136.0,74598.0
20120924:1400,14.0,65.95,765.0,0.0,765.0,353.8,0.07,235.0,74561.0
20120924:1500,14.78,62.95,746.0,0.0,746.0,370.6,0.28,243.0,74495.0
20120924:1600,16.35,55.95,764.0,0.0,764.0,361.8,0.55,199.0,74363.0
20120924:1700,17.29,50.15,681.0,0.0,681.0,363.6,0.62,212.0,74283.0
20120924:1800,17.91,46.9,791.0,0.0,791.0,366.4,0.69,248.0,74202.0
20120924:1900,18.38,45.35,83.0,0.0,83.0,379.8,0.55,281.0,74100.0
20120924:2000,18.07,47.65,64.0,0.0,64.0,354.8,0.9,298.0,74114.0
20120924:2100,16.43,55.3,6.0,0.0,6.0,353.8,1.03,300.0,74188.0
20120924:2200,14.03,73.4,2.0,0.0,2.0,369.2,0.41,311.0,74297.0
20120924:2300,12.66,84.4,0.0,-0.0,0.0,364.8,0.14,137.0,74371.0
20120925:0000,12.11,91.65,0.0,-0.0,0.0,369.4,0.69,83.0,74444.0
20120925:0100,11.78,98.85,0.0,-0.0,0.0,367.85,0.83,98.0,74517.0
20120925:0200,11.73,99.2,0.0,-0.0,0.0,369.4,0.76,103.0,74569.0
20120925:0300,11.71,99.3,0.0,-0.0,0.0,370.2,0.69,103.0,74642.0
20120925:0400,11.46,99.15,0.0,-0.0,0.0,362.2,0.48,94.0,74627.0
20120925:0500,11.04,98.9,0.0,-0.0,0.0,356.8,0.41,100.0,74635.0
20120925:0600,10.71,98.5,0.0,-0.0,0.0,366.8,0.55,131.0,74583.0
20120925:0700,10.53,99.45,0.0,-0.0,0.0,359.8,0.9,100.0,74517.0
20120925:0800,10.44,99.8,0.0,-0.0,0.0,363.2,0.83,95.0,74495.0
20120925:0900,10.27,99.7,0.0,-0.0,0.0,359.4,0.9,99.0,74510.0
20120925:1000,10.17,99.8,0.0,-0.0,0.0,363.4,0.9,102.0,74539.0
20120925:1100,9.94,99.55,24.0,0.0,24.0,356.4,1.03,103.0,74561.0
20120925:1200,10.37,99.25,265.0,0.0,265.0,362.0,1.03,103.0,74664.0
20120925:1300,11.44,91.65,291.0,0.0,291.0,361.8,1.03,104.0,74715.0
20120925:1400,12.66,81.25,431.0,0.0,431.0,361.8,0.9,108.0,74744.0
20120925:1500,14.07,68.15,545.0,0.0,545.0,376.8,0.76,123.0,74700.0
20120925:1600,15.13,60.75,318.0,0.0,318.0,367.4,1.1,133.0,74627.0
20120925:1700,16.86,50.8,596.0,0.0,596.0,361.0,1.59,140.0,74495.0
20120925:1800,17.14,48.15,254.0,0.0,254.0,369.4,1.17,143.0,74393.0
20120925:1900,17.42,52.95,485.0,0.0,485.0,366.8,0.69,236.0,74276.0
20120925:2000,16.61,57.3,399.0,0.0,399.0,363.4,0.48,309.0,74217.0
20120925:2100,16.26,58.05,428.0,0.0,428.0,366.4,0.83,332.0,74173.0
20120925:2200,15.14,63.35,112.0,0.0,112.0,345.0,0.83,298.0,74246.0
20120925:2300,13.36,75.25,0.0,-0.0,0.0,337.2,0.76,344.0,74363.0
20120926:0000,12.32,82.85,0.0,-0.0,0.0,347.2,0.21,52.0,74473.0
20120926:0100,11.41,96.1,0.0,-0.0,0.0,353.25,0.55,132.0,74547.0
20120926:0200,10.62,96.1,0.0,-0.0,0.0,345.0,0.83,118.0,74635.0
20120926:0300,10.69,96.15,0.0,-0.0,0.0,357.6,0.76,104.0,74671.0
20120926:0400,10.42,97.3,0.0,-0.0,0.0,345.4,0.76,98.0,74657.0
20120926:0500,10.6,96.55,0.0,-0.0,0.0,362.8,0.83,96.0,74664.0
20120926:0600,10.57,96.05,0.0,-0.0,0.0,358.4,0.83,92.0,74635.0
20120926:0700,11.49,78.25,0.0,-0.0,0.0,363.8,0.9,103.0,74598.0
20120926:0800,11.44,76.6,0.0,-0.0,0.0,365.4,0.76,100.0,74569.0
20120926:0900,11.2,76.55,0.0,-0.0,0.0,348.4,0.83,98.0,74583.0
20120926:1000,11.09,76.7,0.0,-0.0,0.0,351.0,0.76,95.0,74598.0
20120926:1100,11.13,76.55,25.0,0.0,25.0,359.2,0.76,90.0,74620.0
20120926:1200,11.54,73.4,268.0,0.0,268.0,356.8,0.9,105.0,74686.0
20120926:1300,13.11,64.7,535.0,0.0,535.0,345.0,0.83,120.0,74693.0
20120926:1400,14.92,56.6,341.0,0.0,341.0,345.6,0.62,147.0,74657.0
20120926:1500,16.63,48.45,712.0,0.0,712.0,353.4,0.97,135.0,74649.0
20120926:1600,18.8,40.75,635.0,0.0,635.0,368.4,0.9,136.0,74539.0
20120926:1700,20.04,36.35,220.0,0.0,220.0,362.4,0.41,123.0,74407.0
20120926:1800,20.18,35.85,457.0,0.0,457.0,366.2,0.62,301.0,74297.0
20120926:1900,19.74,38.05,875.0,0.0,875.0,368.0,0.48,198.0,74180.0
20120926:2000,19.32,39.7,673.0,0.0,673.0,373.8,0.97,301.0,74136.0
20120926:2100,18.25,46.65,322.0,0.0,322.0,358.4,1.52,315.0,74173.0
20120926:2200,16.84,55.15,163.0,0.0,163.0,344.8,1.1,329.0,74202.0
20120926:2300,15.52,63.05,0.0,-0.0,0.0,345.8,0.76,353.0,74305.0
20120927:0000,14.27,69.75,0.0,-0.0,0.0,339.6,0.28,352.0,74429.0
20120927:0100,12.75,79.05,0.0,-0.0,0.0,372.85,0.69,61.0,74620.0
20120927:0200,12.48,86.95,0.0,-0.0,0.0,372.6,0.62,93.0,74693.0
20120927:0300,12.5,88.8,0.0,-0.0,0.0,368.8,0.69,100.0,74715.0
20120927:0400,12.43,89.05,0.0,-0.0,0.0,375.0,0.55,92.0,74730.0
20120927:0500,12.22,90.4,0.0,-0.0,0.0,364.2,0.41,85.0,74686.0
20120927:0600,12.11,91.55,0.0,-0.0,0.0,366.8,0.34,104.0,74642.0
20120927:0700,12.07,80.05,0.0,-0.0,0.0,374.4,0.41,108.0,74613.0
20120927:0800,12.09,78.15,0.0,-0.0,0.0,369.0,0.76,124.0,74561.0
20120927:0900,12.08,76.1,0.0,-0.0,0.0,368.0,0.69,114.0,74613.0
20120927:1000,12.0,75.25,0.0,-0.0,0.0,365.2,0.76,104.0,74613.0
20120927:1100,11.98,74.95,3.0,0.0,3.0,366.8,0.76,99.0,74671.0
20120927:1200,12.44,71.7,97.0,0.0,97.0,376.6,0.69,121.0,74737.0
20120927:1300,13.53,65.25,312.0,0.0,312.0,361.6,0.69,151.0,74766.0
20120927:1400,15.22,57.05,586.0,0.0,586.0,353.6,0.97,146.0,74788.0
20120927:1500,16.95,48.9,793.0,0.0,793.0,370.2,1.17,141.0,74774.0
20120927:1600,18.51,42.3,513.0,0.0,513.0,372.0,1.1,140.0,74708.0
20120927:1700,19.67,38.45,787.0,0.0,787.0,376.0,0.83,193.0,74583.0
20120927:1800,19.93,38.0,707.0,0.0,707.0,364.8,0.97,237.0,74444.0
20120927:1900,18.67,41.8,666.0,0.0,666.0,365.6,1.72,204.0,74312.0
20120927:2000,18.1,44.25,576.0,0.0,576.0,355.4,1.45,213.0,74290.0
20120927:2100,17.41,47.25,282.0,0.0,282.0,341.6,1.1,221.0,74283.0
20120927:2200,16.26,52.95,162.0,0.0,162.0,361.0,0.97,232.0,74385.0
20120927:2300,14.88,60.75,0.0,-0.0,0.0,345.4,0.83,230.0,74444.0
20120928:0000,14.03,66.7,0.0,-0.0,0.0,344.2,0.62,216.0,74569.0
20120928:0100,13.57,71.3,0.0,-0.0,0.0,356.45,0.69,229.0,74627.0
20120928:0200,12.81,77.85,0.0,-0.0,0.0,354.2,0.48,199.0,74693.0
20120928:0300,12.52,80.7,0.0,-0.0,0.0,355.8,0.48,181.0,74722.0
20120928:0400,12.24,82.4,0.0,-0.0,0.0,353.8,0.69,156.0,74722.0
20120928:0500,11.78,84.7,0.0,-0.0,0.0,355.4,0.83,150.0,74693.0
20120928:0600,11.42,86.2,0.0,-0.0,0.0,358.0,0.83,143.0,74649.0
20120928:0700,10.9,83.4,0.0,-0.0,0.0,352.2,0.97,114.0,74627.0
20120928:0800,11.05,81.5,0.0,-0.0,0.0,367.0,0.97,114.0,74598.0
20120928:0900,11.21,79.4,0.0,-0.0,0.0,368.6,0.97,120.0,74605.0
20120928:1000,11.3,78.05,0.0,-0.0,0.0,368.2,1.03,116.0,74605.0
20120928:1100,11.2,78.2,19.0,0.0,19.0,352.6,0.97,107.0,74649.0
20120928:1200,11.97,74.6,194.0,0.0,194.0,357.2,0.83,111.0,74700.0
20120928:1300,13.2,67.55,407.0,0.0,407.0,350.6,0.62,143.0,74730.0
20120928:1400,14.98,58.25,601.0,0.0,601.0,361.0,0.48,154.0,74730.0
20120928:1500,16.19,51.4,703.0,0.0,703.0,359.6,0.9,136.0,74686.0
20120928:1600,17.17,46.75,543.0,0.0,543.0,372.6,0.97,139.0,74547.0
20120928:1700,18.82,41.35,723.0,0.0,723.0,375.6,0.76,154.0,74371.0
20120928:1800,19.25,41.3,343.0,0.0,343.0,358.6,0.9,239.0,74268.0
20120928:1900,18.62,46.9,304.0,0.0,304.0,375.0,1.03,258.0,74239.0
20120928:2000,17.25,53.5,250.0,0.0,250.0,370.8,0.9,259.0,74290.0
20120928:2100,16.29,57.35,312.0,0.0,312.0,364.6,0.14,294.0,74305.0
20120928:2200,15.69,59.55,118.0,0.0,118.0,354.0,0.41,69.0,74341.0
20120928:2300,14.71,63.45,0.0,-0.0,0.0,353.8,0.34,50.0,74451.0
20120929:0000,14.11,67.25,0.0,-0.0,0.0,359.6,0.69,100.0,74517.0
20120929:0100,13.45,71.4,0.0,-0.0,0.0,359.25,1.17,106.0,74583.0
20120929:0200,12.92,75.35,0.0,-0.0,0.0,348.2,1.1,101.0,74649.0
20120929:0300,13.0,75.55,0.0,-0.0,0.0,372.8,0.97,106.0,74679.0
20120929:0400,12.69,77.35,0.0,-0.0,0.0,359.6,1.03,105.0,74671.0
20120929:0500,12.3,79.35,0.0,-0.0,0.0,351.6,1.1,107.0,74627.0
20120929:0600,12.17,79.55,0.0,-0.0,0.0,360.4,1.03,105.0,74598.0
20120929:0700,11.85,81.7,0.0,-0.0,0.0,353.6,0.97,107.0,74547.0
20120929:0800,11.63,80.55,0.0,-0.0,0.0,357.2,1.1,102.0,74539.0
20120929:0900,11.47,79.75,0.0,-0.0,0.0,347.6,0.97,98.0,74576.0
20120929:1000,11.39,80.25,0.0,-0.0,0.0,349.4,0.97,98.0,74598.0
20120929:1100,11.59,79.15,27.0,0.0,27.0,365.6,1.03,106.0,74671.0
20120929:1200,12.24,75.4,45.0,0.0,45.0,347.0,1.03,112.0,74722.0
20120929:1300,13.96,63.6,192.0,0.0,192.0,357.6,1.24,126.0,74766.0
20120929:1400,15.07,56.6,366.0,0.0,366.0,365.0,1.66,132.0,74700.0
20120929:1500,16.21,50.95,692.0,0.0,692.0,377.8,2.0,130.0,74642.0
20120929:1600,17.84,44.25,681.0,0.0,681.0,385.4,2.14,142.0,74554.0
20120929:1700,18.75,40.6,556.0,0.0,556.0,366.6,1.72,155.0,74422.0
20120929:1800,19.99,36.4,717.0,0.0,717.0,359.0,1.45,154.0,74297.0
20120929:1900,19.68,35.65,704.0,0.0,704.0,376.8,1.72,143.0,74239.0
20120929:2000,20.0,32.8,672.0,0.0,672.0,368.6,1.52,140.0,74195.0
20120929:2100,19.54,32.55,421.0,0.0,421.0,347.4,0.97,157.0,74173.0
20120929:2200,18.11,35.6,159.0,0.0,159.0,350.8,0.07,58.0,74114.0
20120929:2300,16.45,41.75,0.0,-0.0,0.0,333.8,0.41,352.0,74261.0
20120930:0000,15.07,48.5,0.0,-0.0,0.0,332.4,0.76,68.0,74437.0
20120930:0100,14.03,53.4,0.0,-0.0,0.0,342.65,0.9,86.0,74532.0
20120930:0200,13.58,56.2,0.0,-0.0,0.0,356.8,0.97,92.0,74620.0
20120930:0300,13.23,58.4,0.0,-0.0,0.0,357.8,0.97,95.0,74671.0
20120930:0400,13.04,59.45,0.0,-0.0,0.0,364.8,0.97,107.0,74679.0
20120930:0500,13.0,59.0,0.0,-0.0,0.0,374.6,1.03,119.0,74642.0
20120930:0600,12.86,59.15,0.0,-0.0,0.0,374.0,1.03,127.0,74576.0
20120930:0700,12.42,63.85,0.0,-0.0,0.0,363.4,0.97,112.0,74554.0
20120930:0800,12.24,65.0,0.0,-0.0,0.0,358.2,0.83,110.0,74525.0
20120930:0900,12.21,65.5,0.0,-0.0,0.0,360.4,0.83,110.0,74547.0
20120930:1000,11.97,66.8,0.0,-0.0,0.0,354.0,0.76,108.0,74525.0
20120930:1100,11.83,68.15,11.0,0.0,11.0,362.4,0.83,108.0,74591.0
20120930:1200,12.55,65.45,99.0,0.0,99.0,350.4,0.97,117.0,74686.0
20120930:1300,14.47,55.95,215.0,0.0,215.0,347.6,0.97,135.0,74642.0
20120930:1400,16.09,48.55,503.0,0.0,503.0,363.0,1.86,131.0,74642.0
20120930:1500,17.8,41.25,646.0,0.0,646.0,357.2,2.14,135.0,74598.0
20120930:1600,20.23,26.8,733.0,0.0,733.0,364.79,1.56,140.0,74591.0
20120930:1700,19.64,30.73,712.0,0.0,712.0,364.53,1.45,142.0,74459.0
20120930:1800,19.05,34.65,812.0,0.0,812.0,364.27,1.34,143.0,74305.0
20120930:1900,18.46,38.58,556.0,0.0,556.0,364.01,1.23,130.0,74246.0
20120930:2000,17.87,42.51,426.0,0.0,426.0,363.75,1.12,129.0,74180.0
20120930:2100,17.27,46.44,68.0,0.0,68.0,363.49,1.01,154.0,74180.0
20120930:2200,16.68,50.37,25.0,0.0,25.0,363.23,0.9,280.0,74129.0
20120930:2300,16.09,54.3,0.0,-0.0,0.0,362.97,0.79,315.0,74276.0
20071001:0000,15.5,58.23,0.0,-0.0,0.0,362.71,0.68,8.0,74488.0
20071001:0100,14.91,62.16,0.0,-0.0,0.0,362.45,0.57,78.0,74591.0
20071001:0200,14.31,66.08,0.0,-0.0,0.0,362.19,0.46,102.0,74642.0
20071001:0300,13.72,70.01,0.0,-0.0,0.0,361.93,0.34,98.0,74693.0
20071001:0400,13.13,73.94,0.0,-0.0,0.0,361.67,0.23,126.0,74744.0
20071001:0500,12.54,77.87,0.0,-0.0,0.0,361.41,0.12,164.0,74708.0
20071001:0600,11.95,81.8,0.0,-0.0,0.0,361.15,0.01,136.0,74657.0
20071001:0700,11.35,85.73,0.0,-0.0,0.0,360.89,-0.1,155.0,74598.0
20071001:0800,12.39,70.45,0.0,-0.0,0.0,373.2,0.48,137.0,74583.0
20071001:0900,12.44,70.15,0.0,-0.0,0.0,374.8,0.55,118.0,74576.0
20071001:1000,12.31,70.9,0.0,-0.0,0.0,369.8,0.34,124.0,74613.0
20071001:1100,12.17,72.05,11.0,0.0,11.0,368.4,0.21,140.0,74664.0
20071001:1200,12.4,71.9,72.0,0.0,72.0,378.2,0.07,141.0,74737.0
20071001:1300,13.03,69.55,379.0,217.79,260.0,365.8,0.28,211.0,74788.0
20071001:1400,14.14,65.15,359.0,41.77,328.0,372.2,0.34,188.0,74803.0
20071001:1500,15.27,61.6,272.0,18.04,256.0,370.0,0.14,178.0,74766.0
20071001:1600,15.92,59.4,514.0,46.34,469.0,386.0,0.28,162.0,74686.0
20071001:1700,17.27,51.15,434.0,28.32,406.0,374.6,1.03,160.0,74510.0
20071001:1800,18.92,43.4,244.0,17.04,228.0,369.2,0.76,185.0,74385.0
20071001:1900,17.46,50.1,38.0,0.0,38.0,366.6,0.62,230.0,74261.0
20071001:2000,17.07,52.05,52.0,0.0,52.0,369.0,1.03,278.0,74224.0
20071001:2100,15.72,61.1,407.0,728.4,88.0,371.6,1.17,289.0,74312.0
20071001:2200,14.19,70.2,149.0,504.81,52.0,357.2,0.9,309.0,74400.0
20071001:2300,13.3,79.15,0.0,-0.0,0.0,365.6,0.62,298.0,74503.0
20071002:0000,12.82,83.65,0.0,-0.0,0.0,353.0,0.34,314.0,74576.0
20071002:0100,12.54,86.35,0.0,-0.0,0.0,356.65,0.21,293.0,74671.0
20071002:0200,12.34,87.1,0.0,-0.0,0.0,347.2,0.14,311.0,74737.0
20071002:0300,11.94,87.05,0.0,-0.0,0.0,349.2,0.14,126.0,74781.0
20071002:0400,11.38,91.15,0.0,-0.0,0.0,351.4,0.41,87.0,74744.0
20071002:0500,11.1,93.5,0.0,-0.0,0.0,349.0,0.55,86.0,74730.0
20071002:0600,10.99,93.45,0.0,-0.0,0.0,357.0,0.55,83.0,74693.0
20071002:0700,11.49,85.0,0.0,-0.0,0.0,357.2,0.07,92.0,74657.0
20071002:0800,11.29,85.6,0.0,-0.0,0.0,352.2,0.34,101.0,74642.0
20071002:0900,11.26,84.95,0.0,-0.0,0.0,358.6,0.48,99.0,74664.0
20071002:1000,10.9,86.35,0.0,-0.0,0.0,358.2,0.48,97.0,74686.0
20071002:1100,10.72,86.4,27.0,152.54,18.0,351.8,0.69,96.0,74737.0
20071002:1200,11.66,80.35,265.0,611.93,73.0,354.4,0.69,107.0,74774.0
20071002:1300,13.88,64.8,529.0,790.06,97.0,345.8,0.48,137.0,74803.0
20071002:1400,16.26,52.35,426.0,78.14,368.0,344.0,0.34,185.0,74766.0
20071002:1500,18.67,42.35,937.0,920.23,121.0,338.6,0.76,152.0,74664.0
20071002:1600,20.26,36.25,670.0,131.89,542.0,348.2,0.69,159.0,74569.0
20071002:1700,20.53,35.1,503.0,57.71,446.0,342.2,0.55,173.0,74473.0
20071002:1800,21.27,34.25,999.0,932.41,125.0,347.4,0.69,248.0,74356.0
20071002:1900,19.48,40.8,507.0,98.45,426.0,369.8,0.69,276.0,74283.0
20071002:2000,19.49,41.7,655.0,840.84,107.0,351.8,0.83,314.0,74232.0
20071002:2100,18.36,44.55,406.0,729.42,88.0,360.8,0.83,310.0,74268.0
20071002:2200,17.38,47.15,148.0,504.88,52.0,356.6,0.62,358.0,74349.0
20071002:2300,16.1,52.05,0.0,-0.0,0.0,345.0,0.55,2.0,74422.0
20071003:0000,14.7,61.95,0.0,-0.0,0.0,360.8,0.28,320.0,74561.0
20071003:0100,14.28,64.1,0.0,-0.0,0.0,369.05,1.03,135.0,74657.0
20071003:0200,13.74,66.2,0.0,-0.0,0.0,359.0,0.9,108.0,74700.0
20071003:0300,13.45,68.3,0.0,-0.0,0.0,361.6,0.76,68.0,74730.0
20071003:0400,13.23,70.6,0.0,-0.0,0.0,369.8,0.83,60.0,74744.0
20071003:0500,13.02,72.65,0.0,-0.0,0.0,365.2,0.55,59.0,74730.0
20071003:0600,12.75,74.4,0.0,-0.0,0.0,363.0,0.41,66.0,74686.0
20071003:0700,12.31,74.0,0.0,-0.0,0.0,357.2,0.34,69.0,74649.0
20071003:0800,12.13,75.0,0.0,-0.0,0.0,356.2,0.21,50.0,74605.0
20071003:0900,11.96,75.6,0.0,-0.0,0.0,370.8,0.41,88.0,74649.0
20071003:1000,11.6,76.6,0.0,-0.0,0.0,360.8,0.76,94.0,74700.0
20071003:1100,11.35,77.0,28.0,167.24,18.0,363.0,0.76,97.0,74708.0
20071003:1200,11.86,72.95,267.0,617.11,73.0,342.4,0.9,104.0,74722.0
20071003:1300,14.03,58.9,532.0,793.21,98.0,338.2,0.76,124.0,74686.0
20071003:1400,16.4,47.85,765.0,878.4,113.0,334.0,0.34,220.0,74627.0
20071003:1500,18.17,41.4,941.0,923.96,122.0,346.8,0.28,214.0,74554.0
20071003:1600,19.54,37.8,603.0,119.62,487.0,344.4,0.69,258.0,74459.0
20071003:1700,18.98,41.25,507.0,41.55,466.0,348.8,0.83,261.0,74385.0
20071003:1800,18.47,44.85,734.0,232.92,516.0,361.0,1.1,285.0,74276.0
20071003:1900,19.82,36.95,861.0,903.7,119.0,357.2,0.83,287.0,74195.0
20071003:2000,19.41,40.65,245.0,18.47,233.0,351.6,1.45,312.0,74136.0
20071003:2100,17.91,50.05,157.0,9.22,153.0,349.6,1.45,311.0,74173.0
20071003:2200,16.49,58.5,64.0,0.0,64.0,340.0,0.97,317.0,74239.0
20071003:2300,15.23,68.55,0.0,-0.0,0.0,340.4,0.69,352.0,74268.0
20071004:0000,14.43,76.2,0.0,-0.0,0.0,342.4,0.62,337.0,74459.0
20071004:0100,13.01,85.4,0.0,-0.0,0.0,349.85,0.83,2.0,74532.0
20071004:0200,12.53,87.85,0.0,-0.0,0.0,356.0,0.62,51.0,74657.0
20071004:0300,12.38,96.0,0.0,-0.0,0.0,365.6,0.55,81.0,74686.0
20071004:0400,11.75,93.3,0.0,-0.0,0.0,362.2,0.55,75.0,74679.0
20071004:0500,10.96,96.45,0.0,-0.0,0.0,351.6,0.62,79.0,74679.0
20071004:0600,10.96,93.05,0.0,-0.0,0.0,362.0,0.69,76.0,74642.0
20071004:0700,11.4,92.85,0.0,-0.0,0.0,365.6,0.55,87.0,74591.0
20071004:0800,11.3,92.7,0.0,-0.0,0.0,358.8,0.62,89.0,74547.0
20071004:0900,11.32,91.9,0.0,-0.0,0.0,361.0,0.62,76.0,74554.0
20071004:1000,11.25,90.95,0.0,-0.0,0.0,355.6,0.69,74.0,74605.0
20071004:1100,10.88,91.15,11.0,0.0,11.0,341.6,0.62,78.0,74620.0
20071004:1200,11.74,83.95,104.0,6.35,102.0,332.8,0.48,107.0,74671.0
20071004:1300,13.76,68.15,535.0,798.25,98.0,339.6,0.55,204.0,74693.0
20071004:1400,15.39,58.75,769.0,883.82,113.0,348.0,0.9,231.0,74649.0
20071004:1500,16.67,52.1,214.0,15.8,200.0,347.2,0.76,213.0,74591.0
20071004:1600,17.67,47.1,397.0,23.74,374.0,361.0,0.62,239.0,74459.0
20071004:1700,17.96,47.75,415.0,25.37,390.0,363.0,0.97,283.0,74393.0
20071004:1800,18.26,49.0,95.0,0.0,95.0,350.4,1.1,277.0,74276.0
20071004:1900,18.57,45.3,247.0,15.87,234.0,356.2,0.55,274.0,74188.0
20071004:2000,18.17,47.55,166.0,6.17,162.0,342.4,0.76,314.0,74114.0
20071004:2100,17.15,55.3,353.0,467.58,151.0,354.6,1.59,317.0,74144.0
20071004:2200,15.26,65.95,145.0,499.48,52.0,353.0,1.1,306.0,74210.0
20071004:2300,14.15,76.9,0.0,-0.0,0.0,346.2,1.03,292.0,74305.0
20071005:0000,13.37,84.3,0.0,-0.0,0.0,343.8,0.9,315.0,74451.0
20071005:0100,12.52,87.35,0.0,-0.0,0.0,341.85,0.55,10.0,74488.0
20071005:0200,11.56,88.35,0.0,-0.0,0.0,361.2,0.62,76.0,74620.0
20071005:0300,10.96,93.25,0.0,-0.0,0.0,341.4,0.76,88.0,74744.0
20071005:0400,11.3,93.5,0.0,-0.0,0.0,361.0,0.69,74.0,74686.0
20071005:0500,11.15,94.6,0.0,-0.0,0.0,357.8,0.34,33.0,74679.0
20071005:0600,10.99,95.5,0.0,-0.0,0.0,368.4,0.34,59.0,74627.0
20071005:0700,10.7,94.5,0.0,-0.0,0.0,358.6,0.55,94.0,74613.0
20071005:0800,10.31,98.5,0.0,-0.0,0.0,341.8,0.69,88.0,74569.0
20071005:0900,10.45,96.0,0.0,-0.0,0.0,354.6,0.62,84.0,74583.0
20071005:1000,10.27,96.45,0.0,-0.0,0.0,341.6,0.55,83.0,74561.0
20071005:1100,10.32,96.2,28.0,163.2,18.0,344.8,0.48,89.0,74583.0
20071005:1200,11.36,90.4,268.0,614.98,74.0,339.4,0.28,128.0,74686.0
20071005:1300,12.98,76.55,349.0,166.15,258.0,332.6,0.55,211.0,74708.0
20071005:1400,14.7,65.6,225.0,16.17,213.0,335.4,0.69,233.0,74766.0
20071005:1500,15.64,59.9,566.0,102.76,475.0,348.8,0.48,236.0,74700.0
20071005:1600,17.15,54.2,485.0,53.71,433.0,352.6,0.62,256.0,74605.0
20071005:1700,18.06,50.35,665.0,118.86,548.0,348.2,0.9,245.0,74444.0
20071005:1800,18.71,49.0,997.0,932.43,127.0,355.6,1.03,248.0,74407.0
20071005:1900,16.18,69.4,856.0,900.13,120.0,357.4,1.03,251.0,74268.0
20071005:2000,17.01,61.35,650.0,838.88,108.0,356.2,1.17,259.0,74173.0
20071005:2100,15.74,66.55,400.0,723.16,89.0,364.8,1.31,281.0,74232.0
20071005:2200,15.39,70.6,142.0,488.45,52.0,349.0,1.24,283.0,74232.0
20071005:2300,14.27,78.8,0.0,-0.0,0.0,334.6,0.97,286.0,74327.0
20071006:0000,13.45,85.25,0.0,-0.0,0.0,331.8,0.69,271.0,74407.0
20071006:0100,12.7,85.2,0.0,-0.0,0.0,342.25,0.34,283.0,74481.0
20071006:0200,11.73,85.35,0.0,-0.0,0.0,329.4,0.62,357.0,74554.0
20071006:0300,11.29,97.15,0.0,-0.0,0.0,345.2,0.69,74.0,74561.0
20071006:0400,10.92,97.6,0.0,-0.0,0.0,336.8,0.55,100.0,74627.0
20071006:0500,10.76,96.95,0.0,-0.0,0.0,343.6,0.14,115.0,74576.0
20071006:0600,10.06,99.05,0.0,-0.0,0.0,341.0,0.28,106.0,74547.0
20071006:0700,9.33,97.9,0.0,-0.0,0.0,319.6,0.9,92.0,74510.0
20071006:0800,9.0,98.8,0.0,-0.0,0.0,321.8,0.97,90.0,74481.0
20071006:0900,8.72,98.85,0.0,-0.0,0.0,318.2,1.03,86.0,74473.0
20071006:1000,8.48,97.35,0.0,-0.0,0.0,313.8,1.03,88.0,74451.0
20071006:1100,8.45,98.0,29.0,161.39,19.0,321.4,0.97,90.0,74495.0
20071006:1200,10.77,93.5,266.0,607.72,74.0,317.8,0.48,97.0,74539.0
20071006:1300,13.07,79.15,529.0,784.83,99.0,344.6,0.28,231.0,74569.0
20071006:1400,15.38,63.1,526.0,183.29,390.0,335.6,0.62,265.0,74525.0
20071006:1500,17.08,55.0,933.0,915.17,123.0,340.8,0.97,262.0,74459.0
20071006:1600,17.33,55.25,541.0,55.82,487.0,346.2,1.31,264.0,74400.0
20071006:1700,16.06,64.3,531.0,48.82,483.0,348.8,1.24,271.0,74283.0
20071006:1800,17.32,68.15,166.0,11.81,155.0,356.0,1.79,263.0,74217.0
20071006:1900,16.33,70.3,125.0,3.68,122.0,357.2,1.52,249.0,74129.0
20071006:2000,16.78,72.05,107.0,0.0,107.0,366.4,1.52,246.0,74136.0
20071006:2100,14.52,82.55,226.0,86.43,189.0,366.2,1.1,258.0,74195.0
20071006:2200,14.1,86.6,51.0,0.0,51.0,347.0,0.55,229.0,74283.0
20071006:2300,12.45,91.9,0.0,-0.0,0.0,347.0,0.28,140.0,74297.0
20071007:0000,12.07,93.25,0.0,-0.0,0.0,344.8,0.41,46.0,74371.0
20071007:0100,11.66,92.45,0.0,-0.0,0.0,345.85,0.07,216.0,74451.0
20071007:0200,11.15,94.9,0.0,-0.0,0.0,343.4,0.41,229.0,74569.0
20071007:0300,10.44,98.7,0.0,-0.0,0.0,330.4,0.76,152.0,74583.0
20071007:0400,9.94,99.05,0.0,-0.0,0.0,335.0,0.76,101.0,74554.0
20071007:0500,9.64,99.3,0.0,-0.0,0.0,338.4,0.76,85.0,74517.0
20071007:0600,9.59,99.4,0.0,-0.0,0.0,343.0,0.69,83.0,74429.0
20071007:0700,10.02,99.15,0.0,-0.0,0.0,341.4,0.48,78.0,74422.0
20071007:0800,9.96,98.7,0.0,-0.0,0.0,347.0,0.62,87.0,74378.0
20071007:0900,9.44,98.8,0.0,-0.0,0.0,338.4,0.76,79.0,74385.0
20071007:1000,9.11,98.6,0.0,-0.0,0.0,348.2,0.69,84.0,74356.0
20071007:1100,8.77,98.35,5.0,0.0,5.0,336.6,0.83,88.0,74429.0
20071007:1200,10.71,94.5,41.0,0.0,41.0,347.0,0.55,94.0,74481.0
20071007:1300,13.01,80.4,371.0,195.24,264.0,344.6,0.34,106.0,74517.0
20071007:1400,14.84,67.8,377.0,48.53,341.0,340.6,0.14,125.0,74495.0
20071007:1500,16.37,58.1,486.0,56.53,436.0,350.4,0.07,187.0,74415.0
20071007:1600,16.13,58.7,200.0,15.52,185.0,364.8,0.69,238.0,74444.0
20071007:1700,16.04,61.3,221.0,17.31,204.0,374.4,0.9,271.0,74327.0
20071007:1800,16.91,59.95,264.0,18.28,247.0,359.2,1.31,271.0,74224.0
20071007:1900,15.64,71.9,243.0,15.97,230.0,356.2,1.31,268.0,74144.0
20071007:2000,14.75,82.85,60.0,0.0,60.0,370.0,1.38,271.0,74180.0
20071007:2100,14.31,83.1,14.0,0.0,14.0,354.8,1.31,257.0,74151.0
20071007:2200,13.58,84.7,46.0,0.0,46.0,340.0,1.1,244.0,74173.0
20071007:2300,12.29,88.3,0.0,-0.0,0.0,349.6,0.69,254.0,74268.0
20071008:0000,12.04,91.75,0.0,-0.0,0.0,348.6,0.34,252.0,74400.0
20071008:0100,12.22,97.0,0.0,-0.0,0.0,366.25,0.21,244.0,74429.0
20071008:0200,11.7,98.4,0.0,-0.0,0.0,353.4,0.28,316.0,74525.0
20071008:0300,11.71,97.4,0.0,-0.0,0.0,366.4,0.48,37.0,74576.0
20071008:0400,11.07,97.65,0.0,-0.0,0.0,360.8,0.55,85.0,74569.0
20071008:0500,11.06,95.4,0.0,-0.0,0.0,362.8,0.48,94.0,74532.0
20071008:0600,10.69,96.35,0.0,-0.0,0.0,351.4,0.41,94.0,74473.0
20071008:0700,11.1,93.15,0.0,-0.0,0.0,365.6,0.41,72.0,74444.0
20071008:0800,10.46,97.6,0.0,-0.0,0.0,346.0,0.41,85.0,74407.0
20071008:0900,10.28,97.85,0.0,-0.0,0.0,343.2,0.62,73.0,74437.0
20071008:1000,10.38,97.45,0.0,-0.0,0.0,348.2,0.62,73.0,74429.0
20071008:1100,10.38,98.0,29.0,158.17,19.0,350.6,0.55,77.0,74547.0
20071008:1200,11.38,92.5,265.0,603.01,74.0,351.8,0.48,79.0,74569.0
20071008:1300,12.97,80.25,338.0,135.01,264.0,341.0,0.28,118.0,74576.0
20071008:1400,14.87,67.05,755.0,864.38,114.0,354.2,0.21,172.0,74576.0
20071008:1500,16.27,59.6,928.0,909.58,124.0,348.4,0.28,260.0,74525.0
20071008:1600,16.55,61.2,1029.0,932.18,129.0,359.0,0.76,294.0,74400.0
20071008:1700,16.74,66.2,63.0,0.0,63.0,368.4,1.17,290.0,74290.0
20071008:1800,17.34,72.4,362.0,22.62,341.0,374.4,1.24,275.0,74144.0
20071008:1900,16.3,70.5,659.0,296.64,418.0,362.2,1.79,269.0,74107.0
20071008:2000,15.44,82.65,232.0,17.18,221.0,374.4,1.03,266.0,74114.0
20071008:2100,14.87,81.8,42.0,0.0,42.0,359.0,0.76,235.0,74078.0
20071008:2200,13.75,82.95,51.0,0.0,51.0,359.4,0.69,246.0,74158.0
20071008:2300,12.74,89.65,0.0,-0.0,0.0,356.8,0.34,305.0,74254.0
20071009:0000,12.48,91.8,0.0,-0.0,0.0,360.2,0.55,360.0,74407.0
20071009:0100,12.17,93.05,0.0,-0.0,0.0,371.05,0.41,81.0,74473.0
20071009:0200,11.92,92.2,0.0,-0.0,0.0,375.8,0.62,112.0,74547.0
20071009:0300,11.69,98.6,0.0,-0.0,0.0,380.6,0.41,128.0,74576.0
20071009:0400,11.43,96.15,0.0,-0.0,0.0,377.0,0.07,57.0,74569.0
20071009:0500,11.91,97.6,0.0,-0.0,0.0,378.8,0.21,72.0,74532.0
20071009:0600,11.37,98.3,0.0,-0.0,0.0,373.2,0.34,7.0,74532.0
20071009:0700,11.34,98.65,0.0,-0.0,0.0,380.4,0.34,67.0,74488.0
20071009:0800,11.36,99.15,0.0,-0.0,0.0,378.6,0.14,27.0,74459.0
20071009:0900,11.2,98.7,0.0,-0.0,0.0,374.4,0.14,332.0,74488.0
20071009:1000,11.2,99.65,0.0,-0.0,0.0,370.6,0.07,18.0,74532.0
20071009:1100,11.0,99.4,0.0,0.0,0.0,368.0,0.41,104.0,74649.0
20071009:1200,11.34,99.0,9.0,0.0,9.0,365.4,0.48,103.0,74700.0
20071009:1300,11.61,95.35,128.0,5.47,125.0,371.0,0.41,90.0,74766.0
20071009:1400,12.77,94.7,236.0,17.54,223.0,365.2,0.21,178.0,74810.0
20071009:1500,13.72,88.55,283.0,19.25,266.0,373.8,0.76,228.0,74803.0
20071009:1600,15.12,85.35,291.0,19.7,272.0,355.2,1.17,251.0,74730.0
20071009:1700,14.08,83.25,540.0,53.1,488.0,366.6,1.31,254.0,74649.0
20071009:1800,14.9,85.9,209.0,15.1,195.0,362.2,1.31,254.0,74547.0
20071009:1900,14.46,84.55,175.0,11.1,166.0,359.8,0.9,246.0,74495.0
20071009:2000,14.09,84.6,355.0,79.87,304.0,356.2,0.9,257.0,74437.0
20071009:2100,13.17,79.5,25.0,0.0,25.0,356.8,0.69,275.0,74393.0
20071009:2200,12.71,81.7,134.0,469.47,51.0,348.4,1.03,263.0,74429.0
20071009:2300,12.1,86.05,0.0,-0.0,0.0,344.2,0.69,272.0,74466.0
20071010:0000,11.45,91.35,0.0,-0.0,0.0,320.6,0.34,344.0,74517.0
20071010:0100,11.3,92.2,0.0,-0.0,0.0,340.85,0.62,63.0,74569.0
20071010:0200,11.05,92.9,0.0,-0.0,0.0,340.4,0.62,51.0,74620.0
20071010:0300,10.44,94.7,0.0,-0.0,0.0,330.0,0.62,67.0,74664.0
20071010:0400,10.29,94.4,0.0,-0.0,0.0,337.2,0.69,76.0,74679.0
20071010:0500,10.42,92.7,0.0,-0.0,0.0,345.2,0.62,74.0,74627.0
20071010:0600,10.28,92.2,0.0,-0.0,0.0,340.0,0.69,81.0,74591.0
20071010:0700,10.62,93.05,0.0,-0.0,0.0,358.6,0.34,56.0,74547.0
20071010:0800,10.61,91.95,0.0,-0.0,0.0,350.6,0.34,50.0,74547.0
20071010:0900,10.53,90.2,0.0,-0.0,0.0,351.8,0.69,71.0,74539.0
20071010:1000,9.79,92.6,0.0,-0.0,0.0,321.0,0.76,81.0,74547.0
20071010:1100,9.37,94.25,15.0,0.0,15.0,333.6,0.83,83.0,74576.0
20071010:1200,11.14,87.15,29.0,0.0,29.0,333.4,0.55,92.0,74635.0
20071010:1300,13.27,77.15,531.0,786.31,100.0,333.2,0.14,149.0,74657.0
20071010:1400,15.33,60.5,761.0,870.55,116.0,330.4,0.69,256.0,74664.0
20071010:1500,16.89,53.65,629.0,160.9,487.0,335.2,0.41,227.0,74613.0
20071010:1600,18.19,47.8,485.0,56.05,431.0,350.0,0.55,264.0,74495.0
20071010:1700,18.5,47.55,794.0,364.01,438.0,340.2,0.97,282.0,74400.0
20071010:1800,18.03,51.15,459.0,52.96,410.0,347.6,1.03,273.0,74327.0
20071010:1900,16.92,58.45,561.0,159.48,432.0,346.2,1.17,282.0,74261.0
20071010:2000,16.29,64.75,544.0,438.19,265.0,339.4,1.31,278.0,74202.0
20071010:2100,15.21,69.9,388.0,708.67,90.0,352.6,1.31,286.0,74224.0
20071010:2200,13.8,77.5,133.0,468.54,51.0,344.8,1.17,276.0,74356.0
20071010:2300,12.74,84.45,0.0,-0.0,0.0,358.8,0.97,281.0,74422.0
20071011:0000,12.3,87.4,0.0,-0.0,0.0,360.0,0.9,286.0,74495.0
20071011:0100,12.3,95.75,0.0,-0.0,0.0,371.65,0.55,314.0,74583.0
20071011:0200,11.77,97.7,0.0,-0.0,0.0,365.4,0.55,347.0,74613.0
20071011:0300,11.62,96.7,0.0,-0.0,0.0,356.2,0.34,2.0,74671.0
20071011:0400,10.96,98.45,0.0,-0.0,0.0,339.0,0.41,8.0,74679.0
20071011:0500,10.77,97.95,0.0,-0.0,0.0,344.4,0.34,349.0,74679.0
20071011:0600,10.11,98.3,0.0,-0.0,0.0,338.0,0.0,253.0,74613.0
20071011:0700,10.44,96.95,0.0,-0.0,0.0,346.2,0.28,55.0,74554.0
20071011:0800,10.0,96.9,0.0,-0.0,0.0,334.4,0.34,49.0,74517.0
20071011:0900,9.75,96.6,0.0,-0.0,0.0,338.2,0.34,73.0,74539.0
20071011:1000,9.25,97.45,0.0,-0.0,0.0,330.4,0.62,84.0,74525.0
20071011:1100,9.16,96.75,31.0,169.74,20.0,331.8,0.76,86.0,74547.0
20071011:1200,11.11,91.9,137.0,44.08,123.0,317.8,0.48,77.0,74591.0
20071011:1300,13.42,75.75,420.0,310.19,250.0,338.0,0.28,306.0,74605.0
20071011:1400,15.11,65.7,761.0,871.04,116.0,338.8,0.55,290.0,74613.0
20071011:1500,15.95,60.65,718.0,275.57,475.0,352.6,0.55,282.0,74554.0
20071011:1600,16.84,57.6,559.0,64.43,497.0,341.0,0.9,282.0,74473.0
20071011:1700,16.99,57.75,353.0,21.5,332.0,361.2,1.24,285.0,74400.0
20071011:1800,16.05,66.5,673.0,171.06,515.0,352.2,1.52,282.0,74319.0
20071011:1900,16.67,70.1,98.0,0.0,98.0,349.0,1.79,261.0,74268.0
20071011:2000,15.27,79.1,95.0,0.0,95.0,355.8,1.17,253.0,74246.0
20071011:2100,15.83,83.35,198.0,52.55,176.0,363.6,1.24,274.0,74151.0
20071011:2200,14.35,82.25,39.0,0.0,39.0,350.6,1.24,274.0,74246.0
20071011:2300,12.79,88.35,0.0,-0.0,0.0,342.4,1.17,289.0,74297.0
20071012:0000,12.33,89.55,0.0,-0.0,0.0,346.2,0.83,311.0,74422.0
20071012:0100,12.05,93.5,0.0,-0.0,0.0,350.25,0.69,347.0,74473.0
20071012:0200,11.74,95.2,0.0,-0.0,0.0,352.0,0.62,346.0,74532.0
20071012:0300,11.44,96.4,0.0,-0.0,0.0,344.4,0.9,292.0,74539.0
20071012:0400,10.9,98.95,0.0,-0.0,0.0,338.4,0.9,295.0,74583.0
20071012:0500,10.98,99.4,0.0,-0.0,0.0,353.0,0.62,297.0,74554.0
20071012:0600,10.8,99.55,0.0,-0.0,0.0,343.4,0.28,277.0,74488.0
20071012:0700,10.28,98.75,0.0,-0.0,0.0,338.0,0.41,65.0,74473.0
20071012:0800,10.11,97.95,0.0,-0.0,0.0,337.0,0.48,49.0,74488.0
20071012:0900,10.44,97.45,0.0,-0.0,0.0,359.0,0.48,47.0,74510.0
20071012:1000,10.44,97.55,0.0,-0.0,0.0,352.8,0.34,112.0,74547.0
20071012:1100,10.36,97.75,14.0,0.0,14.0,350.2,0.48,107.0,74591.0
20071012:1200,11.12,91.55,157.0,81.82,131.0,356.4,0.76,132.0,74613.0
20071012:1300,12.69,82.9,357.0,166.08,266.0,351.8,0.34,251.0,74649.0
20071012:1400,13.83,82.75,202.0,13.51,192.0,348.4,1.17,285.0,74627.0
20071012:1500,15.97,83.75,728.0,289.45,473.0,354.4,1.59,276.0,74598.0
20071012:1600,16.6,83.9,203.0,16.65,187.0,341.0,1.86,277.0,74547.0
20071012:1700,18.06,79.85,644.0,107.67,539.0,363.0,1.72,265.0,74429.0
20071012:1800,17.54,85.85,801.0,364.42,465.0,353.0,1.79,272.0,74341.0
20071012:1900,15.96,84.1,618.0,238.42,426.0,367.4,1.72,277.0,74327.0
20071012:2000,14.02,86.05,405.0,142.18,315.0,366.8,1.24,278.0,74290.0
20071012:2100,14.29,88.6,311.0,345.47,167.0,358.2,1.45,284.0,74283.0
20071012:2200,12.84,88.35,58.0,0.0,58.0,358.8,1.66,296.0,74276.0
20071012:2300,11.61,93.9,0.0,-0.0,0.0,344.0,0.9,314.0,74305.0
20071013:0000,11.43,95.0,0.0,-0.0,0.0,340.8,0.48,358.0,74415.0
20071013:0100,10.97,96.9,0.0,-0.0,0.0,331.25,0.41,36.0,74481.0
20071013:0200,10.47,98.8,0.0,-0.0,0.0,328.6,0.41,54.0,74539.0
20071013:0300,10.29,99.0,0.0,-0.0,0.0,334.6,0.48,28.0,74576.0
20071013:0400,10.11,99.2,0.0,-0.0,0.0,335.8,0.34,3.0,74598.0
20071013:0500,9.95,99.6,0.0,-0.0,0.0,336.2,0.28,345.0,74561.0
20071013:0600,10.01,99.1,0.0,-0.0,0.0,349.0,0.28,12.0,74503.0
20071013:0700,9.99,98.25,0.0,-0.0,0.0,350.6,0.28,2.0,74481.0
20071013:0800,9.9,98.5,0.0,-0.0,0.0,346.8,0.14,0.0,74466.0
20071013:0900,9.88,98.25,0.0,-0.0,0.0,350.6,0.07,14.0,74466.0
20071013:1000,9.6,98.35,0.0,-0.0,0.0,352.8,0.34,94.0,74459.0
20071013:1100,9.28,98.1,31.0,167.57,20.0,344.4,0.76,84.0,74488.0
20071013:1200,10.14,96.45,160.0,91.23,131.0,344.2,0.62,72.0,74510.0
20071013:1300,12.2,84.95,528.0,779.59,101.0,332.8,0.14,333.0,74569.0
20071013:1400,14.3,71.9,559.0,233.95,386.0,346.8,0.97,307.0,74561.0
20071013:1500,15.87,62.7,706.0,259.06,478.0,349.8,1.38,299.0,74547.0
20071013:1600,15.48,66.4,1026.0,932.3,131.0,374.8,1.66,281.0,74503.0
20071013:1700,15.61,78.0,624.0,94.48,532.0,374.0,1.59,276.0,74407.0
20071013:1800,16.02,84.65,690.0,192.32,513.0,363.2,1.86,273.0,74290.0
20071013:1900,14.88,86.55,314.0,22.4,296.0,364.2,1.79,284.0,74232.0
20071013:2000,14.82,86.75,415.0,158.44,315.0,376.4,1.66,291.0,74195.0
20071013:2100,14.77,88.6,76.0,0.0,76.0,365.0,1.38,281.0,74217.0
20071013:2200,13.5,91.25,44.0,0.0,44.0,363.6,1.38,285.0,74210.0
20071013:2300,11.45,98.05,0.0,-0.0,0.0,344.4,0.97,307.0,74276.0
20071014:0000,11.27,97.65,0.0,-0.0,0.0,358.2,0.55,306.0,74385.0
20071014:0100,11.05,99.4,0.0,-0.0,0.0,356.65,0.48,31.0,74466.0
20071014:0200,11.03,99.45,0.0,-0.0,0.0,361.6,0.41,49.0,74503.0
20071014:0300,10.99,99.45,0.0,-0.0,0.0,358.4,0.14,323.0,74510.0
20071014:0400,10.87,99.55,0.0,-0.0,0.0,353.6,0.21,289.0,74517.0
20071014:0500,10.67,99.65,0.0,-0.0,0.0,350.4,0.21,101.0,74503.0
20071014:0600,10.42,99.75,0.0,-0.0,0.0,353.0,0.07,84.0,74429.0
20071014:0700,10.25,99.7,0.0,-0.0,0.0,354.6,0.34,86.0,74407.0
20071014:0800,10.16,98.95,0.0,-0.0,0.0,361.4,0.41,100.0,74393.0
20071014:0900,10.31,97.75,0.0,-0.0,0.0,366.6,0.41,102.0,74407.0
20071014:1000,9.77,98.65,0.0,-0.0,0.0,353.4,0.76,110.0,74393.0
20071014:1100,9.41,98.75,19.0,15.15,18.0,344.8,0.9,108.0,74422.0
20071014:1200,10.91,95.45,164.0,100.64,132.0,347.0,0.48,118.0,74466.0
20071014:1300,12.83,85.15,527.0,778.12,101.0,369.2,0.62,207.0,74481.0
20071014:1400,14.55,74.85,754.0,863.45,116.0,342.8,0.62,248.0,74503.0
20071014:1500,15.02,80.0,179.0,13.65,167.0,374.2,0.97,274.0,74481.0
20071014:1600,16.13,85.85,542.0,57.37,487.0,384.6,1.52,264.0,74378.0
20071014:1700,18.06,88.65,398.0,24.69,374.0,378.6,1.72,264.0,74290.0
20071014:1800,17.12,88.6,408.0,28.3,382.0,371.4,1.52,257.0,74232.0
20071014:1900,17.73,86.8,94.0,0.0,94.0,372.8,1.24,257.0,74158.0
20071014:2000,17.61,89.85,15.0,0.0,15.0,370.8,1.38,250.0,74100.0
20071014:2100,14.69,83.15,133.0,0.0,133.0,358.0,1.31,251.0,74151.0
20071014:2200,13.37,91.0,8.0,0.0,8.0,365.6,1.31,240.0,74276.0
20071014:2300,11.83,97.1,0.0,-0.0,0.0,365.6,1.03,238.0,74334.0
20071015:0000,11.34,98.35,0.0,-0.0,0.0,362.8,0.48,200.0,74451.0
20071015:0100,11.19,98.85,0.0,-0.0,0.0,361.45,0.48,87.0,74503.0
20071015:0200,11.08,99.25,0.0,-0.0,0.0,358.8,0.9,58.0,74532.0
20071015:0300,10.8,98.55,0.0,-0.0,0.0,356.4,0.83,61.0,74547.0
20071015:0400,10.34,98.2,0.0,-0.0,0.0,346.6,0.97,65.0,74510.0
20071015:0500,9.87,98.35,0.0,-0.0,0.0,344.0,0.9,85.0,74473.0
20071015:0600,9.21,99.4,0.0,-0.0,0.0,335.8,0.9,87.0,74444.0
20071015:0700,9.64,99.25,0.0,-0.0,0.0,364.6,0.83,99.0,74385.0
20071015:0800,9.65,97.55,0.0,-0.0,0.0,370.4,0.69,103.0,74349.0
20071015:0900,9.89,97.5,0.0,-0.0,0.0,367.8,0.69,99.0,74356.0
20071015:1000,9.98,97.7,0.0,-0.0,0.0,366.6,0.76,96.0,74385.0
20071015:1100,10.13,95.2,28.0,120.67,20.0,364.4,0.9,89.0,74444.0
20071015:1200,11.04,94.05,239.0,389.96,115.0,371.0,0.55,82.0,74495.0
20071015:1300,12.24,83.95,435.0,352.73,242.0,354.8,0.48,18.0,74569.0
20071015:1400,13.43,77.95,654.0,428.04,338.0,355.4,0.76,331.0,74517.0
20071015:1500,14.05,77.65,715.0,350.72,407.0,356.6,0.41,332.0,74495.0
20071015:1600,15.15,78.55,800.0,289.3,523.0,356.8,0.9,284.0,74400.0
20071015:1700,17.35,80.8,448.0,30.91,418.0,363.2,0.97,277.0,74297.0
20071015:1800,18.19,80.65,118.0,2.18,116.0,372.6,1.38,282.0,74195.0
20071015:1900,17.02,56.1,564.0,170.03,428.0,360.0,0.97,288.0,74092.0
20071015:2000,15.81,64.65,334.0,66.93,292.0,363.6,1.45,280.0,74144.0
20071015:2100,14.45,75.15,227.0,106.92,183.0,352.6,1.24,273.0,74136.0
20071015:2200,13.66,79.85,2.0,0.0,2.0,342.4,0.97,278.0,74180.0
20071015:2300,12.98,85.35,0.0,-0.0,0.0,346.0,0.76,290.0,74232.0
20071016:0000,12.25,91.6,0.0,-0.0,0.0,354.4,0.34,319.0,74407.0
20071016:0100,12.05,93.4,0.0,-0.0,0.0,364.45,0.41,339.0,74451.0
20071016:0200,11.92,94.95,0.0,-0.0,0.0,363.8,0.41,352.0,74547.0
20071016:0300,11.71,98.45,0.0,-0.0,0.0,367.6,0.41,355.0,74569.0
20071016:0400,11.55,98.5,0.0,-0.0,0.0,362.8,0.14,348.0,74576.0
20071016:0500,11.21,98.8,0.0,-0.0,0.0,353.8,0.48,68.0,74547.0
20071016:0600,10.94,98.55,0.0,-0.0,0.0,356.8,0.62,85.0,74539.0
20071016:0700,10.81,95.95,0.0,-0.0,0.0,365.6,0.41,100.0,74488.0
20071016:0800,10.42,96.6,0.0,-0.0,0.0,342.4,0.62,79.0,74473.0
20071016:0900,10.36,96.4,0.0,-0.0,0.0,347.2,0.83,81.0,74481.0
20071016:1000,10.27,95.3,0.0,-0.0,0.0,357.0,0.9,78.0,74517.0
20071016:1100,9.9,95.75,32.0,180.31,20.0,345.2,1.03,89.0,74569.0
20071016:1200,10.83,93.0,173.0,122.66,134.0,364.6,0.9,98.0,74642.0
20071016:1300,12.7,82.45,417.0,301.75,252.0,359.0,0.76,114.0,74642.0
20071016:1400,14.67,68.3,337.0,32.54,313.0,359.2,0.55,104.0,74591.0
20071016:1500,15.5,62.7,63.0,0.0,63.0,369.6,0.41,178.0,74517.0
20071016:1600,15.27,65.95,126.0,5.23,121.0,361.0,0.69,198.0,74539.0
20071016:1700,15.15,66.0,243.0,17.54,226.0,362.0,0.76,218.0,74517.0
20071016:1800,15.08,67.6,646.0,150.78,508.0,367.6,0.9,215.0,74437.0
20071016:1900,15.87,62.4,204.0,12.53,194.0,367.6,0.76,209.0,74334.0
20071016:2000,15.64,64.5,505.0,383.58,265.0,369.8,0.76,257.0,74261.0
20071016:2100,14.78,72.15,376.0,697.91,90.0,367.2,1.1,275.0,74283.0
20071016:2200,13.85,78.15,117.0,381.52,54.0,360.4,0.69,268.0,74334.0
20071016:2300,13.05,84.2,0.0,-0.0,0.0,348.4,0.34,306.0,74393.0
20071017:0000,12.79,86.85,0.0,-0.0,0.0,365.4,0.28,9.0,74473.0
20071017:0100,12.42,87.9,0.0,-0.0,0.0,364.05,0.69,71.0,74547.0
20071017:0200,12.19,88.55,0.0,-0.0,0.0,363.2,0.69,79.0,74583.0
20071017:0300,11.78,90.1,0.0,-0.0,0.0,353.2,0.83,88.0,74649.0
20071017:0400,11.48,90.8,0.0,-0.0,0.0,350.6,0.69,87.0,74657.0
20071017:0500,11.42,90.35,0.0,-0.0,0.0,356.0,0.55,90.0,74635.0
20071017:0600,11.38,89.7,0.0,-0.0,0.0,361.8,0.62,99.0,74591.0
20071017:0700,11.52,87.45,0.0,-0.0,0.0,368.4,0.62,88.0,74532.0
20071017:0800,11.57,85.95,0.0,-0.0,0.0,367.2,0.69,80.0,74525.0
20071017:0900,11.47,86.0,0.0,-0.0,0.0,365.2,0.55,73.0,74517.0
20071017:1000,11.45,86.2,0.0,-0.0,0.0,369.6,0.34,84.0,74583.0
20071017:1100,11.34,87.6,26.0,89.88,20.0,366.4,0.41,99.0,74605.0
20071017:1200,11.6,88.1,200.0,217.09,131.0,365.2,0.55,94.0,74671.0
20071017:1300,12.29,83.85,149.0,7.32,145.0,368.2,0.62,107.0,74737.0
20071017:1400,13.12,79.15,237.0,16.29,225.0,366.6,0.76,126.0,74752.0
20071017:1500,14.61,72.2,539.0,87.89,462.0,365.8,0.69,166.0,74708.0
20071017:1600,15.7,65.0,686.0,153.96,539.0,368.0,0.83,170.0,74635.0
20071017:1700,16.19,62.35,696.0,153.99,547.0,371.2,0.76,184.0,74466.0
20071017:1800,16.42,60.95,458.0,40.5,421.0,364.8,0.76,213.0,74341.0
20071017:1900,16.85,57.7,323.0,23.86,304.0,370.8,0.97,245.0,74232.0
20071017:2000,16.41,62.55,312.0,52.89,279.0,366.4,0.62,262.0,74217.0
20071017:2100,15.88,65.9,124.0,0.0,124.0,362.4,0.48,251.0,74202.0
20071017:2200,15.12,71.5,34.0,0.0,34.0,364.4,0.48,304.0,74217.0
20071017:2300,13.83,81.0,0.0,-0.0,0.0,356.6,0.21,338.0,74327.0
20071018:0000,13.13,86.65,0.0,-0.0,0.0,351.0,0.34,8.0,74400.0
20071018:0100,12.53,84.25,0.0,-0.0,0.0,351.25,0.48,44.0,74495.0
20071018:0200,12.07,88.3,0.0,-0.0,0.0,350.0,0.34,45.0,74598.0
20071018:0300,11.42,92.4,0.0,-0.0,0.0,354.6,0.69,70.0,74657.0
20071018:0400,10.94,97.75,0.0,-0.0,0.0,367.2,0.9,83.0,74657.0
20071018:0500,10.55,95.2,0.0,-0.0,0.0,352.8,0.76,93.0,74605.0
20071018:0600,10.5,94.55,0.0,-0.0,0.0,357.8,0.62,102.0,74539.0
20071018:0700,10.73,90.8,0.0,-0.0,0.0,369.8,0.83,93.0,74488.0
20071018:0800,10.82,90.05,0.0,-0.0,0.0,367.8,0.62,104.0,74481.0
20071018:0900,10.67,89.65,0.0,-0.0,0.0,342.0,0.69,112.0,74495.0
20071018:1000,10.79,88.4,0.0,-0.0,0.0,357.0,0.83,102.0,74488.0
20071018:1100,10.49,89.6,18.0,0.0,18.0,341.4,0.83,96.0,74547.0
20071018:1200,11.39,87.4,177.0,135.35,134.0,341.6,0.69,95.0,74627.0
20071018:1300,13.22,78.0,318.0,104.41,261.0,345.6,0.41,104.0,74635.0
20071018:1400,14.21,73.55,605.0,316.58,372.0,364.8,0.28,99.0,74635.0
20071018:1500,15.23,69.9,443.0,42.29,406.0,363.6,0.14,198.0,74598.0
20071018:1600,16.37,67.25,734.0,290.53,457.0,363.2,0.97,255.0,74554.0
20071018:1700,15.16,73.25,262.0,18.63,244.0,372.2,1.17,262.0,74488.0
20071018:1800,15.44,78.4,107.0,0.0,107.0,366.4,1.38,269.0,74400.0
20071018:1900,13.8,76.95,144.0,6.29,139.0,380.4,1.1,266.0,74400.0
20071018:2000,13.74,76.55,57.0,0.0,57.0,375.0,1.1,263.0,74371.0
20071018:2100,13.3,80.45,198.0,61.5,173.0,365.8,1.1,276.0,74349.0
20071018:2200,12.72,84.35,31.0,0.0,31.0,351.4,0.97,283.0,74363.0
20071018:2300,12.11,89.75,0.0,-0.0,0.0,355.8,0.76,311.0,74429.0
20071019:0000,11.88,91.5,0.0,-0.0,0.0,352.8,0.62,356.0,74539.0
20071019:0100,11.61,93.15,0.0,-0.0,0.0,344.65,0.55,4.0,74569.0
20071019:0200,11.45,94.25,0.0,-0.0,0.0,352.0,0.41,16.0,74671.0
20071019:0300,10.92,96.5,0.0,-0.0,0.0,350.2,0.41,43.0,74686.0
20071019:0400,11.17,92.4,0.0,-0.0,0.0,358.4,0.34,69.0,74686.0
20071019:0500,10.95,91.45,0.0,-0.0,0.0,349.8,0.28,74.0,74657.0
20071019:0600,10.75,93.95,0.0,-0.0,0.0,360.0,0.21,59.0,74598.0
20071019:0700,10.11,93.85,0.0,-0.0,0.0,359.6,0.69,98.0,74532.0
20071019:0800,10.09,94.25,0.0,-0.0,0.0,356.6,0.69,87.0,74495.0
20071019:0900,10.04,94.65,0.0,-0.0,0.0,356.0,0.62,88.0,74517.0
20071019:1000,10.05,94.0,0.0,-0.0,0.0,365.4,0.76,97.0,74510.0
20071019:1100,10.06,93.95,15.0,0.0,15.0,359.0,0.9,95.0,74620.0
20071019:1200,10.57,91.9,251.0,475.6,100.0,351.2,0.83,101.0,74649.0
20071019:1300,11.94,85.05,529.0,784.79,101.0,346.4,0.55,108.0,74722.0
20071019:1400,13.7,73.9,598.0,310.16,370.0,346.6,0.14,225.0,74693.0
20071019:1500,14.46,69.2,281.0,18.31,265.0,356.0,0.41,256.0,74671.0
20071019:1600,14.35,69.45,421.0,27.31,395.0,359.0,0.55,258.0,74605.0
20071019:1700,14.31,69.45,849.0,354.65,507.0,374.0,0.69,266.0,74569.0
20071019:1800,14.16,72.6,970.0,924.19,129.0,381.2,1.03,276.0,74451.0
20071019:1900,14.54,79.75,366.0,34.06,339.0,372.4,1.31,257.0,74371.0
20071019:2000,14.7,84.55,414.0,169.25,309.0,365.6,1.1,262.0,74290.0
20071019:2100,14.32,84.05,171.0,27.17,160.0,357.6,1.03,259.0,74290.0
20071019:2200,12.8,84.5,20.0,0.0,20.0,336.2,0.55,253.0,74319.0
20071019:2300,12.1,90.15,0.0,-0.0,0.0,334.2,0.55,299.0,74385.0
20071020:0000,11.33,90.05,0.0,-0.0,0.0,334.6,0.55,338.0,74539.0
20071020:0100,10.45,97.3,0.0,-0.0,0.0,333.65,0.69,30.0,74591.0
20071020:0200,10.72,96.5,0.0,-0.0,0.0,361.8,0.62,69.0,74679.0
20071020:0300,10.34,97.75,0.0,-0.0,0.0,361.6,0.69,90.0,74737.0
20071020:0400,10.19,97.9,0.0,-0.0,0.0,360.4,0.76,90.0,74722.0
20071020:0500,9.8,95.75,0.0,-0.0,0.0,349.4,0.83,93.0,74715.0
20071020:0600,9.53,95.85,0.0,-0.0,0.0,352.6,0.97,89.0,74657.0
20071020:0700,9.1,97.4,0.0,-0.0,0.0,333.4,0.97,87.0,74598.0
20071020:0800,9.23,97.5,0.0,-0.0,0.0,345.2,1.03,84.0,74576.0
20071020:0900,9.34,97.15,0.0,-0.0,0.0,351.4,1.03,83.0,74554.0
20071020:1000,9.5,96.2,0.0,-0.0,0.0,358.8,1.17,83.0,74554.0
20071020:1100,9.44,97.45,15.0,0.0,15.0,355.4,0.97,80.0,74635.0
20071020:1200,10.49,95.55,145.0,56.74,127.0,358.8,0.76,82.0,74679.0
20071020:1300,12.13,84.6,228.0,27.53,213.0,377.8,0.76,83.0,74744.0
20071020:1400,13.29,75.05,373.0,47.67,338.0,371.2,0.21,98.0,74766.0
20071020:1500,13.63,73.95,514.0,73.35,450.0,377.4,0.41,218.0,74722.0
20071020:1600,14.01,71.8,157.0,10.52,147.0,374.8,0.83,217.0,74679.0
20071020:1700,14.24,71.65,543.0,57.13,488.0,376.8,0.9,248.0,74591.0
20071020:1800,14.13,73.9,165.0,11.01,155.0,369.8,1.24,252.0,74525.0
20071020:1900,14.14,73.7,153.0,7.59,147.0,358.0,1.03,262.0,74385.0
20071020:2000,14.16,77.7,72.0,0.0,72.0,367.8,1.17,271.0,74312.0
20071020:2100,14.48,82.65,39.0,0.0,39.0,349.8,1.1,261.0,74334.0
20071020:2200,13.02,84.95,119.0,451.61,47.0,343.0,0.9,258.0,74378.0
20071020:2300,12.05,89.45,0.0,-0.0,0.0,354.0,1.03,278.0,74429.0
20071021:0000,11.57,91.15,0.0,-0.0,0.0,351.4,0.97,296.0,74576.0
20071021:0100,10.82,97.65,0.0,-0.0,0.0,351.45,0.69,306.0,74657.0
20071021:0200,10.67,99.05,0.0,-0.0,0.0,350.6,0.41,319.0,74700.0
20071021:0300,10.32,98.1,0.0,-0.0,0.0,344.0,0.28,56.0,74715.0
20071021:0400,9.7,98.6,0.0,-0.0,0.0,337.6,0.55,82.0,74700.0
20071021:0500,9.67,99.05,0.0,-0.0,0.0,351.6,0.55,79.0,74664.0
20071021:0600,9.8,98.65,0.0,-0.0,0.0,356.2,0.41,83.0,74620.0
20071021:0700,9.74,97.7,0.0,-0.0,0.0,352.2,0.55,80.0,74576.0
20071021:0800,9.42,98.15,0.0,-0.0,0.0,337.6,0.69,84.0,74532.0
20071021:0900,9.67,97.8,0.0,-0.0,0.0,359.2,0.62,90.0,74539.0
20071021:1000,8.99,98.55,0.0,-0.0,0.0,337.2,0.9,92.0,74576.0
20071021:1100,8.7,98.5,10.0,0.0,10.0,346.8,0.97,91.0,74627.0
20071021:1200,10.13,95.0,168.0,110.44,133.0,351.2,0.83,91.0,74722.0
20071021:1300,12.14,85.25,395.0,249.94,259.0,353.0,0.41,120.0,74737.0
20071021:1400,13.36,73.4,627.0,394.16,338.0,352.0,0.21,239.0,74759.0
20071021:1500,13.82,70.95,781.0,381.04,449.0,355.2,0.41,271.0,74686.0
20071021:1600,14.8,71.0,422.0,28.45,395.0,364.2,0.69,266.0,74620.0
20071021:1700,14.87,76.4,164.0,11.45,153.0,354.8,1.17,273.0,74510.0
20071021:1800,15.04,82.65,42.0,0.0,42.0,366.4,1.17,269.0,74437.0
20071021:1900,14.98,77.95,189.0,11.41,180.0,356.8,1.45,259.0,74393.0
20071021:2000,13.68,79.65,37.0,0.0,37.0,354.6,1.24,271.0,74378.0
20071021:2100,13.48,86.35,155.0,14.93,149.0,347.0,0.9,262.0,74385.0
20071021:2200,12.78,85.1,119.0,461.65,46.0,353.0,0.97,258.0,74363.0
20071021:2300,11.33,90.4,0.0,-0.0,0.0,335.6,0.83,267.0,74437.0
20071022:0000,10.78,94.9,0.0,-0.0,0.0,331.6,0.48,307.0,74539.0
20071022:0100,10.2,99.2,0.0,-0.0,0.0,333.45,0.48,33.0,74613.0
20071022:0200,10.14,97.85,0.0,-0.0,0.0,342.4,0.48,76.0,74679.0
20071022:0300,9.36,95.95,0.0,-0.0,0.0,332.2,0.76,89.0,74730.0
20071022:0400,9.34,99.0,0.0,-0.0,0.0,344.6,0.62,97.0,74700.0
20071022:0500,9.46,98.7,0.0,-0.0,0.0,345.2,0.76,93.0,74649.0
20071022:0600,9.47,99.05,0.0,-0.0,0.0,353.0,0.69,91.0,74576.0
20071022:0700,9.59,98.7,0.0,-0.0,0.0,353.0,0.62,91.0,74569.0
20071022:0800,9.51,98.65,0.0,-0.0,0.0,351.4,0.69,108.0,74525.0
20071022:0900,9.63,98.9,0.0,-0.0,0.0,358.0,0.62,96.0,74547.0
20071022:1000,9.35,99.05,0.0,-0.0,0.0,341.2,0.9,86.0,74576.0
20071022:1100,9.53,99.15,21.0,29.83,19.0,357.0,0.76,91.0,74598.0
20071022:1200,11.03,93.7,83.0,0.0,83.0,338.8,0.55,93.0,74657.0
20071022:1300,12.5,84.7,469.0,491.34,202.0,362.6,0.28,125.0,74686.0
20071022:1400,14.17,73.35,558.0,239.01,383.0,351.2,0.41,157.0,74708.0
20071022:1500,14.91,68.65,462.0,49.43,419.0,363.6,0.69,211.0,74700.0
20071022:1600,15.24,67.95,775.0,261.75,527.0,367.6,0.9,223.0,74642.0
20071022:1700,15.02,73.35,1034.0,942.37,130.0,370.6,0.83,239.0,74495.0
20071022:1800,15.69,70.75,225.0,15.48,211.0,363.0,1.24,262.0,74422.0
20071022:1900,14.69,83.9,823.0,892.87,120.0,368.8,1.24,251.0,74319.0
20071022:2000,14.69,85.65,616.0,825.61,108.0,361.0,1.24,284.0,74319.0
20071022:2100,13.94,87.45,367.0,699.54,87.0,355.2,0.55,265.0,74341.0
20071022:2200,13.12,91.05,117.0,458.95,45.0,346.2,0.62,258.0,74327.0
20071022:2300,12.13,93.15,0.0,-0.0,0.0,335.6,0.69,156.0,74422.0
20071023:0000,11.45,94.25,0.0,-0.0,0.0,324.8,1.03,90.0,74473.0
20071023:0100,10.65,95.65,0.0,-0.0,0.0,329.65,1.1,96.0,74517.0
20071023:0200,10.32,95.8,0.0,-0.0,0.0,340.4,1.03,95.0,74613.0
20071023:0300,9.96,96.05,0.0,-0.0,0.0,340.4,0.97,90.0,74620.0
20071023:0400,9.8,96.55,0.0,-0.0,0.0,345.4,0.97,92.0,74635.0
20071023:0500,9.7,96.4,0.0,-0.0,0.0,342.0,0.97,89.0,74583.0
20071023:0600,9.46,96.95,0.0,-0.0,0.0,337.8,1.1,85.0,74547.0
20071023:0700,9.95,97.9,0.0,-0.0,0.0,350.6,1.03,100.0,74488.0
20071023:0800,9.81,97.85,0.0,-0.0,0.0,351.8,0.97,95.0,74459.0
20071023:0900,9.69,97.4,0.0,-0.0,0.0,349.0,0.97,90.0,74473.0
20071023:1000,9.87,96.2,0.0,-0.0,0.0,359.2,1.03,90.0,74539.0
20071023:1100,9.81,95.45,34.0,194.2,21.0,351.2,1.03,89.0,74576.0
20071023:1200,10.88,88.6,273.0,626.36,75.0,355.4,1.17,101.0,74642.0
20071023:1300,12.64,80.2,534.0,799.78,100.0,337.0,0.9,110.0,74642.0
20071023:1400,14.82,68.9,761.0,884.97,114.0,343.0,0.48,145.0,74613.0
20071023:1500,16.39,59.95,669.0,217.58,480.0,368.4,0.69,210.0,74576.0
20071023:1600,17.17,57.35,1025.0,947.27,129.0,368.4,0.97,230.0,74517.0
20071023:1700,17.04,60.1,548.0,60.57,490.0,351.8,0.97,251.0,74393.0
20071023:1800,16.54,65.15,745.0,284.64,488.0,360.6,1.1,281.0,74290.0
20071023:1900,15.82,67.7,227.0,14.0,216.0,372.6,1.1,269.0,74246.0
20071023:2000,13.85,79.55,129.0,0.0,129.0,359.2,0.48,247.0,74283.0
20071023:2100,14.42,77.5,150.0,10.03,146.0,362.4,0.48,220.0,74246.0
20071023:2200,13.37,81.2,83.0,128.46,63.0,349.2,0.62,293.0,74312.0
20071023:2300,12.19,88.6,0.0,-0.0,0.0,335.6,0.14,282.0,74393.0
20071024:0000,11.74,91.0,0.0,-0.0,0.0,337.4,0.48,81.0,74466.0
20071024:0100,11.38,93.35,0.0,-0.0,0.0,343.85,0.14,32.0,74554.0
20071024:0200,10.54,95.65,0.0,-0.0,0.0,340.4,0.69,71.0,74605.0
20071024:0300,9.8,98.3,0.0,-0.0,0.0,339.2,0.97,86.0,74671.0
20071024:0400,9.07,99.6,0.0,-0.0,0.0,333.8,1.17,94.0,74671.0
20071024:0500,8.48,99.5,0.0,-0.0,0.0,344.4,1.24,98.0,74620.0
20071024:0600,8.34,99.35,0.0,-0.0,0.0,334.0,1.31,106.0,74547.0
20071024:0700,8.51,99.25,0.0,-0.0,0.0,351.0,1.1,92.0,74503.0
20071024:0800,8.61,99.25,0.0,-0.0,0.0,358.0,1.38,89.0,74473.0
20071024:0900,8.55,99.0,0.0,-0.0,0.0,354.8,1.52,96.0,74400.0
20071024:1000,8.19,97.6,0.0,-0.0,0.0,343.4,1.38,99.0,74415.0
20071024:1100,7.96,98.1,33.0,179.67,21.0,334.8,1.17,98.0,74503.0
20071024:1200,9.67,95.5,272.0,624.15,75.0,346.4,0.69,88.0,74620.0
20071024:1300,11.45,87.5,531.0,799.15,98.0,356.0,0.41,123.0,74686.0
20071024:1400,13.57,74.6,756.0,880.86,113.0,336.0,0.34,225.0,74700.0
20071024:1500,14.8,73.25,377.0,27.67,353.0,346.2,1.03,270.0,74744.0
20071024:1600,15.42,78.55,474.0,39.18,437.0,366.6,1.45,255.0,74649.0
20071024:1700,16.29,82.95,750.0,219.71,540.0,370.4,1.72,261.0,74481.0
20071024:1800,17.04,85.5,792.0,378.42,451.0,364.0,1.72,263.0,74393.0
20071024:1900,14.71,78.7,485.0,100.78,406.0,367.2,1.52,263.0,74334.0
20071024:2000,14.45,80.1,231.0,17.97,220.0,384.6,1.38,261.0,74254.0
20071024:2100,14.73,79.4,155.0,15.1,149.0,357.0,1.31,265.0,74261.0
20071024:2200,13.64,83.05,51.0,0.0,51.0,344.2,0.9,282.0,74297.0
20071024:2300,12.53,91.2,0.0,-0.0,0.0,336.0,0.62,283.0,74349.0
20071025:0000,11.72,94.35,0.0,-0.0,0.0,336.6,0.69,298.0,74451.0
20071025:0100,11.2,94.3,0.0,-0.0,0.0,343.25,0.21,23.0,74561.0
20071025:0200,10.72,97.95,0.0,-0.0,0.0,332.4,0.48,89.0,74635.0
20071025:0300,10.16,95.85,0.0,-0.0,0.0,339.4,0.9,101.0,74649.0
20071025:0400,9.9,95.0,0.0,-0.0,0.0,345.2,1.03,105.0,74627.0
20071025:0500,9.49,96.85,0.0,-0.0,0.0,337.4,1.03,91.0,74539.0
20071025:0600,9.42,97.3,0.0,-0.0,0.0,343.2,0.97,99.0,74495.0
20071025:0700,10.3,98.4,0.0,-0.0,0.0,354.0,0.69,98.0,74473.0
20071025:0800,10.03,98.2,0.0,-0.0,0.0,342.4,0.83,104.0,74473.0
20071025:0900,9.97,97.7,0.0,-0.0,0.0,348.6,0.69,91.0,74481.0
20071025:1000,9.58,98.95,0.0,-0.0,0.0,349.2,0.62,96.0,74459.0
20071025:1100,9.81,98.25,6.0,0.0,6.0,362.6,0.69,99.0,74525.0
20071025:1200,10.59,96.75,156.0,82.52,130.0,350.4,0.55,109.0,74561.0
20071025:1300,12.6,82.35,164.0,11.09,158.0,346.0,0.62,165.0,74598.0
20071025:1400,14.1,72.1,755.0,882.29,112.0,342.4,0.76,204.0,74591.0
20071025:1500,14.79,68.1,922.0,925.17,121.0,348.4,0.83,262.0,74539.0
20071025:1600,15.27,67.95,1017.0,945.23,126.0,358.0,1.03,265.0,74510.0
20071025:1700,14.93,79.95,716.0,182.38,542.0,341.8,1.52,263.0,74363.0
20071025:1800,16.89,85.95,962.0,931.82,124.0,362.4,1.52,257.0,74232.0
20071025:1900,16.67,84.35,292.0,20.46,276.0,351.2,1.66,266.0,74224.0
20071025:2000,16.26,85.6,163.0,4.91,160.0,352.8,1.59,270.0,74158.0
20071025:2100,14.07,85.05,37.0,0.0,37.0,347.6,1.31,269.0,74202.0
20071025:2200,13.49,89.55,108.0,397.51,47.0,354.4,1.24,288.0,74224.0
20071025:2300,12.28,93.05,0.0,-0.0,0.0,337.6,0.76,305.0,74276.0
20071026:0000,11.44,94.0,0.0,-0.0,0.0,337.2,0.83,334.0,74407.0
20071026:0100,11.04,94.95,0.0,-0.0,0.0,335.25,0.69,24.0,74495.0
20071026:0200,10.34,97.25,0.0,-0.0,0.0,328.2,0.48,66.0,74561.0
20071026:0300,9.77,98.6,0.0,-0.0,0.0,329.2,0.48,72.0,74591.0
20071026:0400,9.86,98.35,0.0,-0.0,0.0,343.6,0.55,80.0,74591.0
20071026:0500,9.73,97.05,0.0,-0.0,0.0,339.6,0.69,86.0,74539.0
20071026:0600,10.14,96.7,0.0,-0.0,0.0,358.8,0.48,103.0,74473.0
20071026:0700,9.83,96.7,0.0,-0.0,0.0,332.4,0.69,112.0,74415.0
20071026:0800,9.48,97.4,0.0,-0.0,0.0,330.6,0.69,117.0,74400.0
20071026:0900,9.1,98.2,0.0,-0.0,0.0,319.8,0.83,112.0,74407.0
20071026:1000,8.73,98.8,0.0,-0.0,0.0,320.4,0.9,100.0,74444.0
20071026:1100,8.46,98.85,4.0,0.0,4.0,324.2,0.9,100.0,74495.0
20071026:1200,10.64,95.1,121.0,22.26,114.0,335.6,0.48,119.0,74525.0
20071026:1300,12.68,82.9,181.0,12.96,174.0,344.6,0.48,232.0,74576.0
20071026:1400,14.81,69.4,475.0,127.83,382.0,332.6,0.97,285.0,74547.0
20071026:1500,14.59,72.45,922.0,927.92,120.0,347.2,1.31,274.0,74510.0
20071026:1600,16.28,76.7,1016.0,946.91,125.0,357.2,1.86,263.0,74444.0
20071026:1700,16.14,81.5,1029.0,948.24,126.0,373.6,1.66,268.0,74371.0
20071026:1800,16.99,84.5,961.0,933.67,123.0,360.4,1.86,264.0,74276.0
20071026:1900,17.34,84.8,227.0,14.1,216.0,370.2,1.59,266.0,74173.0
20071026:2000,15.76,82.95,329.0,72.26,285.0,351.8,1.24,267.0,74129.0
20071026:2100,14.41,82.25,274.0,273.62,166.0,360.6,1.31,278.0,74158.0
20071026:2200,13.49,86.15,91.0,223.06,57.0,350.8,1.31,296.0,74210.0
20071026:2300,12.11,91.7,0.0,-0.0,0.0,341.8,1.17,310.0,74261.0
20071027:0000,11.69,93.0,0.0,-0.0,0.0,341.0,0.62,355.0,74378.0
20071027:0100,11.05,94.5,0.0,-0.0,0.0,346.85,0.62,59.0,74415.0
20071027:0200,10.67,96.2,0.0,-0.0,0.0,338.8,0.48,62.0,74466.0
20071027:0300,10.21,95.25,0.0,-0.0,0.0,338.2,0.48,60.0,74576.0
20071027:0400,10.27,95.25,0.0,-0.0,0.0,344.4,0.34,75.0,74561.0
20071027:0500,10.4,98.45,0.0,-0.0,0.0,353.0,0.48,92.0,74510.0
20071027:0600,10.12,98.7,0.0,-0.0,0.0,348.8,0.69,105.0,74481.0
20071027:0700,9.52,95.9,0.0,-0.0,0.0,335.0,1.03,99.0,74422.0
20071027:0800,9.54,96.3,0.0,-0.0,0.0,343.6,1.03,99.0,74371.0
20071027:0900,9.4,96.45,0.0,-0.0,0.0,337.4,1.1,96.0,74349.0
20071027:1000,9.25,97.0,0.0,-0.0,0.0,338.4,0.97,94.0,74371.0
20071027:1100,9.46,96.8,20.0,15.15,19.0,346.8,0.83,94.0,74429.0
20071027:1200,10.91,94.9,168.0,111.52,133.0,355.0,0.41,91.0,74473.0
20071027:1300,12.38,85.7,528.0,801.44,96.0,353.6,0.34,198.0,74554.0
20071027:1400,13.69,82.0,752.0,883.97,110.0,365.0,0.41,244.0,74547.0
20071027:1500,14.83,80.75,675.0,231.81,475.0,365.4,0.9,261.0,74532.0
20071027:1600,15.38,82.65,112.0,2.13,110.0,359.6,1.1,262.0,74444.0
20071027:1700,16.26,84.45,334.0,19.99,315.0,382.4,1.72,261.0,74334.0
20071027:1800,15.62,86.9,296.0,18.98,279.0,368.4,1.79,267.0,74239.0
20071027:1900,15.67,88.25,815.0,900.19,114.0,360.2,1.03,260.0,74129.0
20071027:2000,15.94,88.1,609.0,834.72,102.0,373.0,1.59,265.0,74188.0
20071027:2100,13.74,88.3,361.0,706.59,83.0,366.2,1.72,262.0,74151.0
20071027:2200,12.92,93.35,113.0,482.01,40.0,354.6,0.83,286.0,74202.0
20071027:2300,12.0,97.35,0.0,-0.0,0.0,350.0,0.55,12.0,74202.0
20071028:0000,11.81,97.7,0.0,-0.0,0.0,357.6,0.62,43.0,74341.0
20071028:0100,11.63,94.45,0.0,-0.0,0.0,356.85,0.55,52.0,74385.0
20071028:0200,11.5,96.95,0.0,-0.0,0.0,365.6,0.62,87.0,74488.0
20071028:0300,11.37,89.05,0.0,-0.0,0.0,357.6,0.28,76.0,74525.0
20071028:0400,11.15,99.55,0.0,-0.0,0.0,367.4,0.34,101.0,74481.0
20071028:0500,10.75,99.45,0.0,-0.0,0.0,367.4,0.55,124.0,74451.0
20071028:0600,10.65,99.4,0.0,-0.0,0.0,371.0,0.76,95.0,74422.0
20071028:0700,10.5,99.0,0.0,-0.0,0.0,368.0,0.41,96.0,74385.0
20071028:0800,10.25,99.5,0.0,-0.0,0.0,358.0,0.55,99.0,74378.0
20071028:0900,10.37,99.45,0.0,-0.0,0.0,364.2,0.83,94.0,74371.0
20071028:1000,10.56,99.35,0.0,-0.0,0.0,368.4,0.9,102.0,74385.0
20071028:1100,10.6,99.55,7.0,0.0,7.0,364.4,0.83,108.0,74422.0
20071028:1200,11.55,96.2,114.0,15.97,109.0,351.8,0.48,127.0,74451.0
20071028:1300,12.69,90.7,225.0,29.74,209.0,357.8,0.28,246.0,74517.0
20071028:1400,14.06,90.0,494.0,151.74,384.0,359.6,0.69,257.0,74554.0
20071028:1500,14.58,92.05,652.0,202.04,478.0,370.8,0.76,257.0,74532.0
20071028:1600,15.52,91.4,38.0,0.0,38.0,372.0,0.97,245.0,74481.0
20071028:1700,16.16,92.7,538.0,59.03,482.0,373.2,0.83,242.0,74415.0
20071028:1800,16.2,95.65,286.0,19.02,269.0,369.6,0.9,251.0,74327.0
20071028:1900,14.42,93.8,464.0,87.51,396.0,364.4,0.97,282.0,74254.0
20071028:2000,15.48,89.05,217.0,14.85,208.0,362.2,1.1,254.0,74210.0
20071028:2100,14.05,92.45,272.0,272.81,165.0,361.8,0.55,288.0,74173.0
20071028:2200,13.1,91.6,80.0,132.86,60.0,344.6,0.28,304.0,74261.0
20071028:2300,11.66,98.2,0.0,-0.0,0.0,351.6,0.21,348.0,74305.0
20071029:0000,11.48,96.45,0.0,-0.0,0.0,362.6,0.55,344.0,74378.0
20071029:0100,11.15,99.5,0.0,-0.0,0.0,357.85,0.41,88.0,74481.0
20071029:0200,10.5,99.25,0.0,-0.0,0.0,353.0,0.41,101.0,74547.0
20071029:0300,10.25,98.45,0.0,-0.0,0.0,355.4,0.69,100.0,74583.0
20071029:0400,10.42,99.25,0.0,-0.0,0.0,366.4,0.83,101.0,74554.0
20071029:0500,10.29,99.6,0.0,-0.0,0.0,357.2,0.83,95.0,74510.0
20071029:0600,10.29,99.7,0.0,-0.0,0.0,361.0,0.76,90.0,74466.0
20071029:0700,10.44,99.5,0.0,-0.0,0.0,364.6,0.48,88.0,74444.0
20071029:0800,10.38,99.25,0.0,-0.0,0.0,364.8,0.55,82.0,74437.0
20071029:0900,10.31,99.45,0.0,-0.0,0.0,365.0,0.76,89.0,74422.0
20071029:1000,10.25,99.65,0.0,-0.0,0.0,361.0,0.76,89.0,74444.0
20071029:1100,10.27,99.55,11.0,0.0,11.0,361.8,0.83,93.0,74503.0
20071029:1200,10.74,99.05,91.0,0.0,91.0,355.6,0.9,92.0,74547.0
20071029:1300,11.47,98.1,305.0,93.13,255.0,361.4,0.83,108.0,74635.0
20071029:1400,12.33,87.45,552.0,239.1,379.0,354.0,0.69,123.0,74671.0
20071029:1500,13.89,77.35,350.0,23.27,330.0,362.4,0.55,149.0,74649.0
20071029:1600,14.32,76.05,637.0,121.82,523.0,372.8,0.48,186.0,74576.0
20071029:1700,15.28,76.15,738.0,306.26,448.0,372.8,0.69,238.0,74495.0
20071029:1800,16.24,77.6,364.0,23.54,343.0,368.6,0.97,256.0,74422.0
20071029:1900,15.51,82.15,405.0,51.59,365.0,375.8,0.9,253.0,74261.0
20071029:2000,15.0,86.85,140.0,1.65,139.0,368.2,0.76,272.0,74217.0
20071029:2100,13.78,85.7,217.0,112.52,173.0,354.6,0.69,289.0,74217.0
20071029:2200,13.52,90.5,109.0,427.61,45.0,359.0,0.69,284.0,74319.0
20071029:2300,11.78,93.7,0.0,-0.0,0.0,337.0,0.48,311.0,74305.0
20071030:0000,11.25,91.4,0.0,-0.0,0.0,341.2,0.76,80.0,74459.0
20071030:0100,10.79,95.1,0.0,-0.0,0.0,355.45,0.83,79.0,74539.0
20071030:0200,10.28,96.65,0.0,-0.0,0.0,341.6,0.9,78.0,74598.0
20071030:0300,10.22,96.3,0.0,-0.0,0.0,345.8,0.97,95.0,74598.0
20071030:0400,10.05,96.65,0.0,-0.0,0.0,346.4,0.9,87.0,74598.0
20071030:0500,9.78,97.05,0.0,-0.0,0.0,342.8,1.03,81.0,74532.0
20071030:0600,9.49,97.3,0.0,-0.0,0.0,339.6,1.1,81.0,74473.0
20071030:0700,10.34,98.1,0.0,-0.0,0.0,368.2,0.62,74.0,74415.0
20071030:0800,10.16,98.05,0.0,-0.0,0.0,361.0,0.76,76.0,74422.0
20071030:0900,9.9,97.65,0.0,-0.0,0.0,358.8,0.76,83.0,74437.0
20071030:1000,9.72,97.3,0.0,-0.0,0.0,354.0,0.76,94.0,74451.0
20071030:1100,9.56,97.65,9.0,0.0,9.0,348.8,0.76,102.0,74525.0
20071030:1200,10.33,94.8,149.0,67.41,128.0,347.4,0.83,96.0,74576.0
20071030:1300,12.17,86.45,237.0,33.6,219.0,352.4,0.55,97.0,74657.0
20071030:1400,14.38,72.45,569.0,271.42,373.0,345.6,0.28,126.0,74671.0
20071030:1500,15.63,62.6,205.0,15.15,192.0,358.4,0.28,132.0,74679.0
20071030:1600,16.32,61.3,239.0,17.13,223.0,358.0,0.41,291.0,74605.0
20071030:1700,16.78,63.65,207.0,14.81,193.0,356.0,0.76,293.0,74503.0
20071030:1800,15.73,71.25,449.0,41.55,412.0,359.2,1.17,278.0,74459.0
20071030:1900,14.19,73.35,234.0,14.22,223.0,369.6,0.55,221.0,74363.0
20071030:2000,14.4,72.35,603.0,817.51,110.0,359.6,0.62,250.0,74297.0
20071030:2100,14.59,70.65,140.0,5.13,138.0,358.6,0.76,273.0,74268.0
20071030:2200,13.96,74.7,109.0,335.87,59.0,354.0,1.17,284.0,74268.0
20071030:2300,12.59,83.1,0.0,-0.0,0.0,345.0,1.17,291.0,74371.0
20071031:0000,11.63,90.65,0.0,-0.0,0.0,344.0,1.1,302.0,74437.0
20071031:0100,11.17,94.7,0.0,-0.0,0.0,343.05,0.9,312.0,74532.0
20071031:0200,10.98,96.05,0.0,-0.0,0.0,338.0,0.62,338.0,74591.0
20071031:0300,10.7,97.8,0.0,-0.0,0.0,340.0,0.62,352.0,74598.0
20071031:0400,10.54,97.95,0.0,-0.0,0.0,342.6,0.76,322.0,74598.0
20071031:0500,10.35,99.3,0.0,-0.0,0.0,342.4,0.76,299.0,74539.0
20071031:0600,10.18,99.2,0.0,-0.0,0.0,344.6,0.55,316.0,74481.0
20071031:0700,9.87,98.6,0.0,-0.0,0.0,341.8,0.41,62.0,74451.0
20071031:0800,9.6,98.85,0.0,-0.0,0.0,345.2,0.41,77.0,74437.0
20071031:0900,9.15,99.2,0.0,-0.0,0.0,344.6,0.62,81.0,74481.0
20071031:1000,8.58,99.3,0.0,-0.0,0.0,339.0,0.76,83.0,74510.0
20071031:1100,8.17,99.25,32.0,186.77,20.0,341.4,0.83,90.0,74525.0
20071031:1200,9.53,96.45,265.0,611.58,75.0,350.0,0.55,88.0,74583.0
20071031:1300,12.38,90.0,520.0,785.69,100.0,349.6,0.07,16.0,74613.0
20071031:1400,14.17,87.05,743.0,871.41,115.0,341.4,0.55,275.0,74605.0
20071031:1500,15.94,84.1,593.0,140.14,473.0,355.6,1.03,272.0,74539.0
20071031:1600,16.39,84.05,1003.0,936.46,130.0,375.19,1.56,267.0,74525.0
20071031:1700,15.89,85.04,188.0,13.78,175.0,372.61,1.49,274.0,74378.0
20071031:1800,15.39,86.03,63.0,0.0,63.0,370.03,1.42,269.0,74283.0
20071031:1900,14.89,87.03,277.0,18.13,263.0,367.45,1.35,273.0,74239.0
20071031:2000,14.39,88.02,371.0,124.65,296.0,364.87,1.28,270.0,74210.0
20071031:2100,13.89,89.02,96.0,0.0,96.0,362.28,1.21,269.0,74210.0
20071031:2200,13.39,90.01,79.0,101.27,64.0,359.7,1.14,277.0,74232.0
20071031:2300,12.89,91.0,0.0,-0.0,0.0,357.12,1.07,291.0,74363.0
20141101:0000,12.39,92.0,0.0,-0.0,0.0,354.54,0.99,53.0,74451.0
20141101:0100,11.89,92.99,0.0,-0.0,0.0,351.95,0.92,53.0,74561.0
20141101:0200,11.39,93.98,0.0,-0.0,0.0,349.37,0.85,75.0,74613.0
20141101:0300,10.89,94.98,0.0,-0.0,0.0,346.79,0.78,81.0,74642.0
20141101:0400,10.39,95.97,0.0,-0.0,0.0,344.21,0.71,80.0,74679.0
20141101:0500,9.88,96.97,0.0,-0.0,0.0,341.63,0.64,96.0,74649.0
20141101:0600,9.38,97.96,0.0,-0.0,0.0,339.04,0.57,97.0,74605.0
20141101:0700,8.88,98.95,0.0,-0.0,0.0,336.46,0.5,86.0,74554.0
20141101:0800,8.74,98.05,0.0,-0.0,0.0,317.6,0.83,82.0,74510.0
20141101:0900,8.28,98.75,0.0,-0.0,0.0,313.8,0.9,83.0,74510.0
20141101:1000,8.14,98.35,0.0,-0.0,0.0,317.0,1.03,84.0,74554.0
20141101:1100,8.18,97.4,33.0,204.15,20.0,330.2,0.9,82.0,74605.0
20141101:1200,10.74,91.85,269.0,642.47,70.0,330.0,0.55,77.0,74679.0
20141101:1300,13.45,80.15,526.0,813.78,92.0,333.0,0.55,316.0,74737.0
20141101:1400,15.06,69.0,749.0,895.49,105.0,338.8,0.76,323.0,74722.0
20141101:1500,16.75,60.8,770.0,390.82,436.0,347.6,0.69,303.0,74642.0
20141101:1600,16.74,61.25,622.0,113.93,516.0,352.6,1.03,302.0,74547.0
20141101:1700,15.7,70.45,595.0,90.29,510.0,357.2,1.52,296.0,74437.0
20141101:1800,15.93,83.25,741.0,299.91,475.0,363.2,1.38,279.0,74429.0
20141101:1900,16.01,78.4,578.0,220.61,408.0,373.0,1.52,260.0,74349.0
20141101:2000,15.29,84.05,66.0,0.0,66.0,363.4,1.17,255.0,74341.0
20141101:2100,15.25,86.4,194.0,69.62,167.0,370.8,1.45,282.0,74385.0
20141101:2200,13.53,89.35,49.0,0.0,49.0,370.2,1.1,288.0,74503.0
20141101:2300,12.44,91.95,0.0,-0.0,0.0,366.2,0.83,313.0,74503.0
20141102:0000,11.94,94.4,0.0,-0.0,0.0,351.8,0.34,62.0,74583.0
20141102:0100,11.42,98.5,0.0,-0.0,0.0,351.85,0.41,89.0,74635.0
20141102:0200,11.26,97.4,0.0,-0.0,0.0,354.8,0.62,91.0,74730.0
20141102:0300,10.78,98.15,0.0,-0.0,0.0,355.8,0.62,78.0,74744.0
20141102:0400,10.54,99.1,0.0,-0.0,0.0,353.2,0.55,75.0,74737.0
20141102:0500,10.46,97.85,0.0,-0.0,0.0,361.6,0.62,110.0,74679.0
20141102:0600,10.53,97.15,0.0,-0.0,0.0,374.4,0.76,98.0,74664.0
20141102:0700,10.36,97.2,0.0,-0.0,0.0,364.4,1.03,98.0,74605.0
20141102:0800,10.12,97.5,0.0,-0.0,0.0,360.8,1.03,89.0,74605.0
20141102:0900,10.11,96.7,0.0,-0.0,0.0,368.6,1.03,92.0,74605.0
20141102:1000,9.88,96.95,0.0,-0.0,0.0,363.2,1.03,97.0,74620.0
20141102:1100,9.82,96.7,32.0,206.18,19.0,366.8,1.1,105.0,74700.0
20141102:1200,10.43,95.9,267.0,638.02,70.0,368.0,1.03,103.0,74781.0
20141102:1300,12.24,88.75,523.0,811.99,91.0,363.2,0.76,111.0,74810.0
20141102:1400,14.57,74.3,196.0,13.94,186.0,352.6,0.07,115.0,74796.0
20141102:1500,15.95,63.55,912.0,936.83,113.0,344.4,0.41,357.0,74715.0
20141102:1600,16.64,59.75,1005.0,955.2,118.0,362.0,0.69,347.0,74642.0
20141102:1700,16.53,61.0,654.0,134.1,528.0,361.4,0.83,323.0,74503.0
20141102:1800,16.52,61.0,950.0,943.28,115.0,355.4,1.1,314.0,74444.0
20141102:1900,16.48,59.55,808.0,910.22,108.0,351.6,1.03,304.0,74341.0
20141102:2000,15.65,66.0,292.0,48.41,263.0,344.6,1.17,285.0,74327.0
20141102:2100,14.5,75.3,139.0,5.17,137.0,348.2,0.9,266.0,74334.0
20141102:2200,14.17,79.25,111.0,395.05,53.0,345.2,0.76,272.0,74371.0
20141102:2300,13.13,86.85,0.0,-0.0,0.0,341.8,0.34,296.0,74473.0
20141103:0000,12.86,90.15,0.0,-0.0,0.0,352.4,0.21,339.0,74517.0
20141103:0100,12.45,92.0,0.0,-0.0,0.0,355.25,0.55,52.0,74598.0
20141103:0200,11.14,93.85,0.0,-0.0,0.0,328.8,1.1,79.0,74627.0
20141103:0300,10.62,95.35,0.0,-0.0,0.0,336.0,1.1,85.0,74627.0
20141103:0400,10.0,97.1,0.0,-0.0,0.0,329.2,1.17,87.0,74605.0
20141103:0500,9.67,97.85,0.0,-0.0,0.0,336.6,1.17,88.0,74554.0
20141103:0600,9.43,97.45,0.0,-0.0,0.0,331.0,1.31,94.0,74503.0
20141103:0700,10.2,95.0,0.0,-0.0,0.0,347.8,1.03,95.0,74466.0
20141103:0800,10.21,92.4,0.0,-0.0,0.0,353.8,1.24,90.0,74444.0
20141103:0900,10.17,90.2,0.0,-0.0,0.0,363.2,1.24,90.0,74466.0
20141103:1000,9.85,89.4,0.0,-0.0,0.0,344.0,1.24,93.0,74459.0
20141103:1100,9.71,88.05,32.0,192.39,20.0,340.6,1.24,94.0,74517.0
20141103:1200,10.59,84.75,60.0,0.0,60.0,316.0,1.31,95.0,74547.0
20141103:1300,13.28,74.55,154.0,7.54,150.0,314.8,0.97,100.0,74569.0
20141103:1400,15.89,62.3,209.0,13.97,199.0,329.8,0.41,126.0,74539.0
20141103:1500,17.07,57.8,361.0,25.85,339.0,353.6,0.14,122.0,74437.0
20141103:1600,17.85,54.05,201.0,15.11,187.0,373.8,0.07,352.0,74393.0
20141103:1700,18.03,54.35,437.0,30.92,408.0,358.2,0.83,302.0,74268.0
20141103:1800,18.27,54.6,453.0,43.01,415.0,351.2,0.76,302.0,74224.0
20141103:1900,18.18,54.4,572.0,214.98,407.0,365.8,0.41,287.0,74158.0
20141103:2000,17.72,57.35,300.0,53.53,268.0,355.0,0.83,296.0,74107.0
20141103:2100,16.59,66.2,358.0,725.57,78.0,347.2,0.9,279.0,74100.0
20141103:2200,15.31,74.4,110.0,389.73,53.0,353.4,1.03,281.0,74210.0
20141103:2300,14.19,80.7,0.0,-0.0,0.0,366.4,0.76,280.0,74334.0
20141104:0000,13.11,88.25,0.0,-0.0,0.0,358.4,0.41,243.0,74415.0
20141104:0100,12.76,94.6,0.0,-0.0,0.0,354.85,0.41,105.0,74525.0
20141104:0200,12.09,97.8,0.0,-0.0,0.0,347.4,0.76,74.0,74554.0
20141104:0300,12.04,99.05,0.0,-0.0,0.0,367.0,0.62,71.0,74561.0
20141104:0400,12.02,98.5,0.0,-0.0,0.0,373.2,0.83,79.0,74547.0
20141104:0500,11.59,95.6,0.0,-0.0,0.0,363.2,0.83,82.0,74481.0
20141104:0600,11.09,97.0,0.0,-0.0,0.0,343.0,0.76,78.0,74415.0
20141104:0700,10.77,98.4,0.0,-0.0,0.0,342.6,0.48,78.0,74371.0
20141104:0800,10.42,98.6,0.0,-0.0,0.0,333.6,0.62,70.0,74378.0
20141104:0900,10.19,97.65,0.0,-0.0,0.0,336.8,0.9,81.0,74378.0
20141104:1000,10.17,94.9,0.0,-0.0,0.0,344.0,1.1,91.0,74422.0
20141104:1100,9.88,93.35,17.0,0.0,17.0,333.6,1.24,89.0,74451.0
20141104:1200,10.72,91.05,265.0,639.15,69.0,330.4,1.24,91.0,74488.0
20141104:1300,13.51,79.1,520.0,810.51,91.0,334.6,0.62,105.0,74451.0
20141104:1400,15.87,66.85,655.0,463.33,324.0,326.2,0.55,252.0,74422.0
20141104:1500,16.98,60.05,764.0,392.08,431.0,349.8,0.62,261.0,74371.0
20141104:1600,16.25,65.3,773.0,383.83,418.0,350.0,1.17,265.0,74400.0
20141104:1700,15.45,73.35,657.0,193.38,476.0,357.8,1.31,267.0,74297.0
20141104:1800,16.29,79.05,487.0,74.85,421.0,353.0,1.38,262.0,74202.0
20141104:1900,17.55,83.5,413.0,58.74,368.0,378.0,1.31,273.0,74144.0
20141104:2000,15.2,84.15,259.0,28.49,242.0,374.0,0.97,259.0,74122.0
20141104:2100,15.3,87.45,84.0,0.0,84.0,374.0,0.9,245.0,74136.0
20141104:2200,13.97,89.15,98.0,274.44,58.0,364.6,0.69,286.0,74202.0
20141104:2300,12.87,92.7,0.0,-0.0,0.0,368.2,0.69,298.0,74224.0
20141105:0000,12.45,94.1,0.0,-0.0,0.0,360.6,0.41,330.0,74356.0
20141105:0100,11.71,93.85,0.0,-0.0,0.0,354.25,0.41,53.0,74429.0
20141105:0200,11.09,98.2,0.0,-0.0,0.0,362.8,0.48,72.0,74532.0
20141105:0300,11.07,99.1,0.0,-0.0,0.0,363.2,0.62,92.0,74591.0
20141105:0400,11.09,98.0,0.0,-0.0,0.0,360.4,0.76,98.0,74569.0
20141105:0500,11.4,97.35,0.0,-0.0,0.0,368.4,0.76,102.0,74495.0
20141105:0600,11.3,99.05,0.0,-0.0,0.0,364.6,0.62,107.0,74422.0
20141105:0700,11.17,99.5,0.0,-0.0,0.0,355.4,0.21,86.0,74393.0
20141105:0800,11.33,99.3,0.0,-0.0,0.0,368.4,0.21,346.0,74400.0
20141105:0900,11.59,98.65,0.0,-0.0,0.0,369.8,0.07,359.0,74437.0
20141105:1000,11.18,97.7,0.0,-0.0,0.0,365.6,0.07,110.0,74459.0
20141105:1100,11.45,96.2,7.0,0.0,7.0,373.6,0.28,147.0,74554.0
20141105:1200,11.93,95.7,45.0,0.0,45.0,363.6,0.28,211.0,74598.0
20141105:1300,13.67,93.5,184.0,15.16,176.0,359.2,0.55,256.0,74620.0
20141105:1400,15.18,91.75,375.0,54.72,336.0,365.4,0.76,270.0,74627.0
20141105:1500,16.95,89.1,591.0,145.13,468.0,356.2,1.24,276.0,74620.0
20141105:1600,15.64,88.55,309.0,19.5,291.0,381.0,1.38,263.0,74591.0
20141105:1700,17.78,86.3,500.0,48.17,455.0,349.0,1.52,264.0,74503.0
20141105:1800,16.03,82.5,726.0,285.19,475.0,365.0,1.66,272.0,74422.0
20141105:1900,15.42,86.65,584.0,236.73,403.0,368.0,1.1,273.0,74327.0
20141105:2000,14.95,89.15,346.0,99.09,287.0,381.6,1.17,277.0,74305.0
20141105:2100,13.79,87.3,154.0,18.22,147.0,357.2,1.31,281.0,74290.0
20141105:2200,13.45,86.1,108.0,378.5,53.0,357.8,1.1,287.0,74276.0
20141105:2300,12.51,93.3,0.0,-0.0,0.0,354.2,0.83,294.0,74393.0
20141106:0000,11.99,93.45,0.0,-0.0,0.0,354.6,0.41,8.0,74488.0
20141106:0100,11.57,95.85,0.0,-0.0,0.0,345.05,0.76,105.0,74539.0
20141106:0200,11.63,95.65,0.0,-0.0,0.0,356.0,0.83,100.0,74605.0
20141106:0300,11.62,95.0,0.0,-0.0,0.0,358.0,1.03,109.0,74642.0
20141106:0400,11.48,95.4,0.0,-0.0,0.0,357.4,0.76,101.0,74627.0
20141106:0500,11.44,96.7,0.0,-0.0,0.0,362.8,0.34,18.0,74583.0
20141106:0600,11.38,95.9,0.0,-0.0,0.0,371.2,0.14,354.0,74525.0
20141106:0700,11.22,97.5,0.0,-0.0,0.0,362.0,0.55,89.0,74503.0
20141106:0800,11.7,91.9,0.0,-0.0,0.0,374.6,0.55,91.0,74473.0
20141106:0900,11.6,95.85,0.0,-0.0,0.0,382.6,0.41,107.0,74495.0
20141106:1000,11.72,95.5,0.0,-0.0,0.0,386.2,0.34,67.0,74620.0
20141106:1100,11.78,95.9,0.0,0.0,0.0,380.6,0.28,66.0,74620.0
20141106:1200,12.21,94.6,15.0,0.0,15.0,386.4,0.28,94.0,74708.0
20141106:1300,12.98,89.6,80.0,0.0,80.0,378.0,0.14,97.0,74737.0
20141106:1400,13.93,88.15,173.0,11.25,165.0,381.4,0.41,241.0,74722.0
20141106:1500,15.27,87.45,554.0,112.34,459.0,378.6,0.97,256.0,74693.0
20141106:1600,15.4,88.0,662.0,154.15,520.0,383.2,1.38,249.0,74649.0
20141106:1700,17.38,86.9,787.0,418.31,397.0,362.0,1.24,253.0,74554.0
20141106:1800,16.52,85.9,756.0,351.76,447.0,369.2,1.86,266.0,74466.0
20141106:1900,16.82,83.85,370.0,39.31,340.0,365.0,1.66,265.0,74349.0
20141106:2000,16.15,86.4,594.0,836.25,97.0,363.4,1.59,277.0,74356.0
20141106:2100,14.77,91.6,351.0,711.95,78.0,359.8,0.83,242.0,74371.0
20141106:2200,13.69,95.75,107.0,372.6,53.0,364.0,0.76,247.0,74400.0
20141106:2300,12.07,98.85,0.0,-0.0,0.0,354.8,0.62,91.0,74466.0
20141107:0000,11.96,98.15,0.0,-0.0,0.0,365.6,0.48,83.0,74539.0
20141107:0100,11.81,99.3,0.0,-0.0,0.0,355.65,0.28,90.0,74649.0
20141107:0200,11.25,99.35,0.0,-0.0,0.0,349.0,0.69,100.0,74744.0
20141107:0300,11.16,99.15,0.0,-0.0,0.0,372.8,0.69,95.0,74744.0
20141107:0400,11.11,99.5,0.0,-0.0,0.0,369.0,0.83,92.0,74708.0
20141107:0500,11.03,99.5,0.0,-0.0,0.0,366.2,0.83,87.0,74649.0
20141107:0600,10.79,99.5,0.0,-0.0,0.0,358.0,0.9,100.0,74591.0
20141107:0700,10.58,99.7,0.0,-0.0,0.0,349.4,1.1,88.0,74510.0
20141107:0800,10.53,99.55,0.0,-0.0,0.0,355.6,1.17,87.0,74503.0
20141107:0900,10.49,98.6,0.0,-0.0,0.0,358.0,1.24,93.0,74451.0
20141107:1000,10.05,98.85,0.0,-0.0,0.0,339.2,1.17,94.0,74495.0
20141107:1100,10.17,98.4,30.0,185.95,19.0,350.8,1.17,92.0,74510.0
20141107:1200,11.58,96.6,261.0,633.41,69.0,354.6,0.97,94.0,74613.0
20141107:1300,13.75,85.0,388.0,264.83,249.0,357.4,0.48,134.0,74642.0
20141107:1400,15.53,71.45,443.0,107.15,367.0,355.2,0.28,170.0,74598.0
20141107:1500,16.58,65.85,522.0,88.88,447.0,372.6,0.41,279.0,74539.0
20141107:1600,17.07,65.7,451.0,35.9,418.0,363.8,0.83,260.0,74488.0
20141107:1700,17.8,70.2,336.0,21.49,316.0,375.4,1.31,255.0,74473.0
20141107:1800,16.06,79.3,246.0,17.11,231.0,387.2,1.59,258.0,74378.0
20141107:1900,16.07,83.7,51.0,0.0,51.0,372.6,1.45,245.0,74312.0
20141107:2000,15.77,90.35,496.0,404.55,256.0,370.0,0.76,228.0,74371.0
20141107:2100,14.93,92.45,213.0,114.96,169.0,373.4,0.34,220.0,74297.0
20141107:2200,13.7,92.15,65.0,27.66,61.0,360.0,0.14,193.0,74444.0
20141107:2300,12.16,94.35,0.0,-0.0,0.0,349.6,0.55,101.0,74451.0
20141108:0000,11.92,95.15,0.0,-0.0,0.0,338.4,0.48,100.0,74525.0
20141108:0100,11.27,97.9,0.0,-0.0,0.0,339.25,0.69,86.0,74605.0
20141108:0200,10.82,98.8,0.0,-0.0,0.0,344.4,0.9,103.0,74620.0
20141108:0300,10.23,98.75,0.0,-0.0,0.0,342.8,0.97,99.0,74642.0
20141108:0400,9.82,98.3,0.0,-0.0,0.0,352.6,1.1,99.0,74620.0
20141108:0500,9.75,97.3,0.0,-0.0,0.0,351.8,1.17,96.0,74554.0
20141108:0600,9.62,97.5,0.0,-0.0,0.0,349.6,1.1,95.0,74510.0
20141108:0700,9.56,96.95,0.0,-0.0,0.0,348.2,1.17,96.0,74444.0
20141108:0800,9.44,96.3,0.0,-0.0,0.0,351.6,1.31,94.0,74407.0
20141108:0900,9.7,95.0,0.0,-0.0,0.0,360.0,1.1,91.0,74393.0
20141108:1000,9.77,94.55,0.0,-0.0,0.0,359.0,1.1,87.0,74407.0
20141108:1100,9.66,94.65,5.0,0.0,5.0,350.2,1.03,92.0,74495.0
20141108:1200,10.77,91.45,67.0,0.0,67.0,372.8,0.83,102.0,74605.0
20141108:1300,12.17,85.1,163.0,9.55,158.0,371.4,0.55,124.0,74605.0
20141108:1400,14.35,72.7,732.0,887.61,104.0,347.0,0.34,245.0,74620.0
20141108:1500,16.19,65.35,309.0,20.19,292.0,341.8,0.34,238.0,74539.0
20141108:1600,17.14,60.55,93.0,0.0,93.0,366.4,0.48,243.0,74451.0
20141108:1700,17.94,57.2,393.0,25.84,369.0,352.4,1.24,267.0,74327.0
20141108:1800,16.72,64.6,410.0,33.14,381.0,376.8,1.45,261.0,74341.0
20141108:1900,15.52,72.95,319.0,24.99,300.0,368.8,1.17,257.0,74312.0
20141108:2000,15.07,84.0,289.0,48.97,260.0,364.8,1.38,251.0,74305.0
20141108:2100,14.18,89.05,55.0,0.0,55.0,368.0,0.83,279.0,74268.0
20141108:2200,13.67,92.7,83.0,152.41,61.0,364.0,0.34,277.0,74319.0
20141108:2300,12.34,92.2,0.0,-0.0,0.0,360.0,0.34,68.0,74341.0
20141109:0000,11.89,95.5,0.0,-0.0,0.0,349.4,0.83,98.0,74466.0
20141109:0100,11.54,99.05,0.0,-0.0,0.0,360.05,0.97,89.0,74532.0
20141109:0200,11.3,99.55,0.0,-0.0,0.0,356.2,0.83,95.0,74598.0
20141109:0300,11.11,99.55,0.0,-0.0,0.0,356.8,0.76,97.0,74591.0
20141109:0400,10.77,99.15,0.0,-0.0,0.0,356.8,0.76,86.0,74591.0
20141109:0500,10.64,98.75,0.0,-0.0,0.0,360.4,0.69,92.0,74561.0
20141109:0600,9.96,98.65,0.0,-0.0,0.0,347.4,0.76,94.0,74495.0
20141109:0700,11.32,98.15,0.0,-0.0,0.0,369.8,0.55,96.0,74481.0
20141109:0800,11.18,97.95,0.0,-0.0,0.0,371.6,0.69,101.0,74466.0
20141109:0900,10.95,97.6,0.0,-0.0,0.0,375.2,0.76,101.0,74495.0
20141109:1000,10.58,97.7,0.0,-0.0,0.0,365.6,0.9,105.0,74547.0
20141109:1100,10.13,98.25,26.0,139.73,18.0,359.2,1.03,98.0,74554.0
20141109:1200,10.88,96.55,232.0,429.24,103.0,357.6,0.9,99.0,74642.0
20141109:1300,12.48,93.85,511.0,805.04,91.0,360.0,0.69,94.0,74715.0
20141109:1400,13.99,79.8,460.0,127.53,370.0,363.8,0.55,116.0,74700.0
20141109:1500,15.07,71.9,639.0,207.14,465.0,360.0,0.34,183.0,74664.0
20141109:1600,16.28,65.5,484.0,45.88,442.0,365.4,0.48,204.0,74517.0
20141109:1700,17.04,61.8,243.0,17.26,227.0,355.4,0.62,235.0,74363.0
20141109:1800,17.25,61.5,242.0,16.03,228.0,358.4,1.03,270.0,74261.0
20141109:1900,17.75,56.0,275.0,18.44,261.0,373.4,0.83,260.0,74217.0
20141109:2000,16.27,64.25,591.0,837.21,96.0,370.2,1.31,276.0,74195.0
20141109:2100,14.51,76.8,348.0,710.35,77.0,372.6,1.38,272.0,74246.0
20141109:2200,13.67,83.95,51.0,0.0,51.0,361.6,1.17,281.0,74312.0
20141109:2300,12.81,92.45,0.0,-0.0,0.0,351.4,0.76,255.0,74407.0
20141110:0000,12.43,95.4,0.0,-0.0,0.0,354.0,0.41,282.0,74495.0
20141110:0100,12.31,98.45,0.0,-0.0,0.0,356.65,0.41,68.0,74532.0
20141110:0200,12.28,98.4,0.0,-0.0,0.0,369.2,0.21,76.0,74569.0
20141110:0300,12.15,98.1,0.0,-0.0,0.0,376.0,0.21,53.0,74627.0
20141110:0400,11.9,99.0,0.0,-0.0,0.0,373.6,0.21,46.0,74635.0
20141110:0500,11.66,98.95,0.0,-0.0,0.0,361.4,0.14,26.0,74627.0
20141110:0600,11.68,98.55,0.0,-0.0,0.0,372.6,0.28,285.0,74554.0
20141110:0700,11.21,97.0,0.0,-0.0,0.0,361.4,0.48,104.0,74510.0
20141110:0800,11.14,96.95,0.0,-0.0,0.0,360.2,0.41,107.0,74466.0
20141110:0900,10.39,99.0,0.0,-0.0,0.0,329.2,0.55,94.0,74473.0
20141110:1000,9.6,99.1,0.0,-0.0,0.0,327.6,0.97,87.0,74466.0
20141110:1100,9.33,98.2,1.0,0.0,1.0,340.2,1.03,85.0,74481.0
20141110:1200,10.91,95.5,123.0,33.43,113.0,342.8,0.62,84.0,74605.0
20141110:1300,13.32,85.1,509.0,803.73,91.0,355.4,0.14,310.0,74635.0
20141110:1400,14.56,72.85,571.0,304.02,357.0,361.6,0.69,293.0,74649.0
20141110:1500,15.28,69.4,891.0,929.47,112.0,351.0,0.62,320.0,74649.0
20141110:1600,15.72,72.35,772.0,298.83,499.0,346.4,1.17,280.0,74591.0
20141110:1700,14.49,78.7,178.0,11.89,167.0,377.2,0.69,292.0,74488.0
20141110:1800,16.34,78.1,97.0,0.0,97.0,364.2,1.24,285.0,74393.0
20141110:1900,16.09,71.15,258.0,15.84,246.0,373.6,1.1,273.0,74305.0
20141110:2000,15.43,74.35,538.0,572.57,200.0,373.0,1.45,271.0,74297.0
20141110:2100,14.38,80.35,347.0,708.72,77.0,377.6,1.59,270.0,74305.0
20141110:2200,13.35,84.95,106.0,368.03,53.0,374.2,1.45,281.0,74356.0
20141110:2300,12.37,90.4,0.0,-0.0,0.0,368.0,1.03,298.0,74400.0
20141111:0000,12.22,94.9,0.0,-0.0,0.0,371.2,0.83,306.0,74554.0
20141111:0100,11.78,98.4,0.0,-0.0,0.0,359.25,0.69,324.0,74583.0
20141111:0200,11.34,98.55,0.0,-0.0,0.0,353.8,0.48,37.0,74635.0
20141111:0300,11.44,96.6,0.0,-0.0,0.0,370.2,0.41,52.0,74642.0
20141111:0400,11.24,96.7,0.0,-0.0,0.0,354.0,0.28,60.0,74620.0
20141111:0500,11.18,96.9,0.0,-0.0,0.0,355.8,0.34,120.0,74576.0
20141111:0600,11.2,97.1,0.0,-0.0,0.0,364.2,0.21,126.0,74525.0
20141111:0700,10.67,96.85,0.0,-0.0,0.0,347.0,0.28,109.0,74510.0
20141111:0800,10.5,97.15,0.0,-0.0,0.0,349.8,0.21,124.0,74488.0
20141111:0900,10.19,98.7,0.0,-0.0,0.0,346.0,0.34,136.0,74503.0
20141111:1000,10.11,98.7,0.0,-0.0,0.0,349.0,0.55,108.0,74473.0
20141111:1100,9.92,98.8,1.0,0.0,1.0,349.6,0.69,89.0,74532.0
20141111:1200,11.12,96.25,67.0,0.0,67.0,348.2,0.28,84.0,74613.0
20141111:1300,12.4,90.4,388.0,277.78,244.0,355.0,0.14,286.0,74605.0
20141111:1400,14.05,86.0,587.0,336.16,351.0,342.6,0.55,270.0,74635.0
20141111:1500,15.64,81.5,893.0,932.81,113.0,366.4,1.1,279.0,74598.0
20141111:1600,16.32,81.7,777.0,317.0,488.0,371.2,1.52,281.0,74525.0
20141111:1700,17.23,84.4,999.0,954.13,118.0,375.0,1.59,266.0,74444.0
20141111:1800,15.97,81.35,733.0,299.84,472.0,378.2,1.72,274.0,74385.0
20141111:1900,15.22,90.0,440.0,79.31,380.0,373.8,1.1,272.0,74261.0
20141111:2000,13.8,85.0,330.0,84.83,280.0,367.0,1.17,295.0,74246.0
20141111:2100,14.05,81.65,62.0,0.0,62.0,362.2,1.66,290.0,74254.0
20141111:2200,12.76,88.95,91.0,229.27,58.0,355.8,1.31,287.0,74297.0
20141111:2300,11.69,93.65,0.0,-0.0,0.0,348.8,1.03,291.0,74407.0
20141112:0000,11.48,96.45,0.0,-0.0,0.0,356.6,0.48,321.0,74444.0
20141112:0100,11.0,98.35,0.0,-0.0,0.0,349.65,0.41,29.0,74517.0
20141112:0200,11.1,98.7,0.0,-0.0,0.0,366.6,0.34,35.0,74547.0
20141112:0300,11.74,98.5,0.0,-0.0,0.0,374.6,0.34,36.0,74569.0
20141112:0400,11.43,98.4,0.0,-0.0,0.0,374.8,0.21,14.0,74569.0
20141112:0500,11.14,99.0,0.0,-0.0,0.0,361.6,0.28,272.0,74517.0
20141112:0600,10.83,99.4,0.0,-0.0,0.0,358.2,0.21,204.0,74481.0
20141112:0700,11.3,96.9,0.0,-0.0,0.0,372.0,0.0,176.0,74444.0
20141112:0800,11.59,99.15,0.0,-0.0,0.0,372.8,0.28,192.0,74415.0
20141112:0900,11.3,99.15,0.0,-0.0,0.0,371.2,0.41,169.0,74400.0
20141112:1000,11.14,99.55,0.0,-0.0,0.0,365.0,0.28,137.0,74473.0
20141112:1100,10.99,99.5,11.0,0.0,11.0,358.0,0.28,102.0,74532.0
20141112:1200,11.44,99.2,133.0,50.62,118.0,369.8,0.34,61.0,74598.0
20141112:1300,12.15,96.25,336.0,160.64,253.0,370.0,0.07,150.0,74671.0
20141112:1400,13.07,95.5,483.0,159.96,371.0,376.0,0.55,259.0,74657.0
20141112:1500,14.27,92.35,524.0,94.7,445.0,371.8,0.83,273.0,74635.0
20141112:1600,14.77,92.1,646.0,146.19,513.0,373.6,1.17,266.0,74569.0
20141112:1700,15.05,89.35,697.0,189.89,522.0,372.2,1.72,272.0,74466.0
20141112:1800,14.66,89.1,639.0,179.53,483.0,368.0,1.45,277.0,74444.0
20141112:1900,13.78,88.1,585.0,250.21,396.0,384.6,1.93,283.0,74371.0
20141112:2000,12.92,90.15,235.0,20.39,223.0,381.0,1.86,291.0,74349.0
20141112:2100,13.33,94.25,50.0,0.0,50.0,390.05,1.31,289.0,74341.0
20141112:2200,11.94,95.8,65.0,34.74,60.0,365.8,1.1,298.0,74371.0
20141112:2300,11.06,98.3,0.0,-0.0,0.0,357.6,0.83,319.0,74437.0
20141113:0000,10.91,98.4,0.0,-0.0,0.0,361.2,0.62,73.0,74532.0
20141113:0100,10.83,99.3,0.0,-0.0,0.0,359.25,0.55,82.0,74561.0
20141113:0200,10.75,99.25,0.0,-0.0,0.0,356.4,0.62,79.0,74583.0
20141113:0300,10.63,99.35,0.0,-0.0,0.0,354.8,0.55,84.0,74583.0
20141113:0400,10.45,99.45,0.0,-0.0,0.0,353.4,0.55,88.0,74561.0
20141113:0500,10.04,99.8,0.0,-0.0,0.0,340.4,0.48,97.0,74561.0
20141113:0600,9.71,99.1,0.0,-0.0,0.0,355.4,0.21,103.0,74517.0
20141113:0700,9.68,99.25,0.0,-0.0,0.0,364.0,0.48,84.0,74488.0
20141113:0800,9.41,99.55,0.0,-0.0,0.0,353.8,0.62,72.0,74481.0
20141113:0900,9.4,99.3,0.0,-0.0,0.0,360.6,0.55,71.0,74473.0
20141113:1000,9.26,99.25,0.0,-0.0,0.0,354.4,0.55,76.0,74517.0
20141113:1100,9.53,99.45,12.0,0.0,12.0,363.4,0.48,73.0,74591.0
20141113:1200,10.64,94.6,119.0,30.53,110.0,345.6,0.41,86.0,74620.0
20141113:1300,12.46,87.5,407.0,339.83,232.0,347.8,0.28,324.0,74671.0
20141113:1400,13.86,78.2,726.0,890.76,104.0,344.0,1.17,309.0,74649.0
20141113:1500,14.62,77.45,585.0,150.19,460.0,355.0,1.59,297.0,74605.0
20141113:1600,15.33,82.4,646.0,203.77,461.0,354.2,1.79,281.0,74517.0
20141113:1700,17.13,87.5,794.0,338.09,483.0,378.4,1.86,278.0,74473.0
20141113:1800,17.46,89.2,767.0,390.8,428.0,380.6,1.86,285.0,74356.0
20141113:1900,18.35,88.6,637.0,339.43,381.0,373.8,1.79,277.0,74276.0
20141113:2000,15.63,89.6,370.0,137.79,289.0,367.4,2.07,301.0,74246.0
20141113:2100,14.07,89.1,135.0,2.63,134.0,372.4,1.79,305.0,74283.0
20141113:2200,12.37,88.65,33.0,0.0,33.0,344.4,1.17,314.0,74327.0
20141113:2300,11.48,94.1,0.0,-0.0,0.0,340.6,0.76,310.0,74400.0
20141114:0000,11.15,95.1,0.0,-0.0,0.0,338.8,0.55,46.0,74451.0
20141114:0100,10.79,96.6,0.0,-0.0,0.0,334.25,0.62,78.0,74532.0
20141114:0200,10.32,98.35,0.0,-0.0,0.0,331.8,0.62,59.0,74539.0
20141114:0300,9.82,99.2,0.0,-0.0,0.0,326.8,0.48,99.0,74591.0
20141114:0400,9.69,99.4,0.0,-0.0,0.0,333.6,0.41,101.0,74569.0
20141114:0500,9.97,97.8,0.0,-0.0,0.0,346.2,0.41,91.0,74561.0
20141114:0600,9.66,98.7,0.0,-0.0,0.0,339.2,0.48,108.0,74525.0
20141114:0700,9.56,97.75,0.0,-0.0,0.0,357.6,0.41,99.0,74459.0
20141114:0800,9.37,97.9,0.0,-0.0,0.0,359.2,0.34,101.0,74429.0
20141114:0900,9.01,98.55,0.0,-0.0,0.0,349.8,0.28,137.0,74451.0
20141114:1000,8.97,98.0,0.0,-0.0,0.0,352.0,0.41,95.0,74473.0
20141114:1100,8.89,97.0,18.0,38.7,16.0,345.4,0.83,75.0,74532.0
20141114:1200,9.87,95.5,215.0,364.82,108.0,350.8,0.69,82.0,74591.0
20141114:1300,11.58,88.7,287.0,87.69,242.0,351.6,0.14,58.0,74635.0
20141114:1400,12.92,78.9,549.0,272.85,359.0,356.0,0.69,307.0,74627.0
20141114:1500,14.42,67.9,431.0,45.76,393.0,361.2,1.38,303.0,74642.0
20141114:1600,15.0,65.1,798.0,365.35,467.0,368.2,1.72,300.0,74627.0
20141114:1700,15.67,66.0,662.0,155.75,519.0,358.4,2.14,295.0,74525.0
20141114:1800,14.83,72.2,751.0,363.74,436.0,362.6,2.28,298.0,74444.0
20141114:1900,15.23,78.7,642.0,362.51,369.0,367.8,2.07,287.0,74334.0
20141114:2000,15.28,87.15,409.0,204.39,289.0,366.4,1.72,284.0,74312.0
20141114:2100,13.96,88.85,199.0,86.98,166.0,354.4,1.45,293.0,74312.0
20141114:2200,12.96,91.25,69.0,55.53,61.0,343.4,1.03,286.0,74363.0
20141114:2300,11.74,93.9,0.0,-0.0,0.0,351.6,0.9,309.0,74481.0
20141115:0000,11.49,96.4,0.0,-0.0,0.0,361.6,0.69,326.0,74569.0
20141115:0100,11.14,97.1,0.0,-0.0,0.0,360.25,0.62,322.0,74657.0
20141115:0200,11.1,97.4,0.0,-0.0,0.0,363.8,0.0,86.0,74693.0
20141115:0300,10.89,98.5,0.0,-0.0,0.0,368.2,0.21,334.0,74737.0
20141115:0400,10.94,97.35,0.0,-0.0,0.0,364.8,0.69,294.0,74715.0
20141115:0500,10.92,97.75,0.0,-0.0,0.0,373.4,0.41,271.0,74686.0
20141115:0600,10.58,98.85,0.0,-0.0,0.0,359.2,0.34,224.0,74627.0
20141115:0700,10.59,97.25,0.0,-0.0,0.0,371.2,0.55,294.0,74569.0
20141115:0800,10.39,98.3,0.0,-0.0,0.0,362.8,0.41,280.0,74554.0
20141115:0900,10.08,98.95,0.0,-0.0,0.0,350.6,0.28,286.0,74561.0
20141115:1000,10.02,98.95,0.0,-0.0,0.0,353.8,0.14,76.0,74605.0
20141115:1100,9.74,99.15,25.0,158.63,17.0,345.8,0.41,81.0,74627.0
20141115:1200,10.7,95.3,253.0,630.72,69.0,354.0,0.28,85.0,74708.0
20141115:1300,11.68,88.6,505.0,809.57,91.0,347.6,0.55,299.0,74722.0
20141115:1400,13.51,76.7,725.0,894.27,104.0,341.6,0.69,297.0,74715.0
20141115:1500,14.31,71.6,889.0,936.79,113.0,358.6,0.76,296.0,74649.0
20141115:1600,15.17,73.1,712.0,224.53,509.0,356.0,0.97,277.0,74635.0
20141115:1700,15.61,79.8,576.0,88.39,495.0,360.4,1.24,283.0,74495.0
20141115:1800,17.03,88.4,405.0,33.54,376.0,373.2,1.38,265.0,74459.0
20141115:1900,16.84,87.05,194.0,11.97,185.0,365.4,1.17,248.0,74349.0
20141115:2000,15.08,86.15,322.0,78.44,276.0,363.0,1.24,259.0,74341.0
20141115:2100,13.73,88.25,348.0,712.14,78.0,370.2,0.83,238.0,74363.0
20141115:2200,12.88,91.8,107.0,374.41,53.0,346.2,0.83,232.0,74400.0
20141115:2300,11.89,98.3,0.0,-0.0,0.0,336.4,0.48,274.0,74503.0
20141116:0000,11.71,98.05,0.0,-0.0,0.0,345.4,0.28,314.0,74605.0
20141116:0100,11.64,98.25,0.0,-0.0,0.0,355.85,0.14,318.0,74671.0
20141116:0200,11.23,99.15,0.0,-0.0,0.0,354.0,0.55,94.0,74766.0
20141116:0300,11.1,99.35,0.0,-0.0,0.0,371.4,0.69,107.0,74752.0
20141116:0400,10.94,99.25,0.0,-0.0,0.0,367.2,0.62,109.0,74737.0
20141116:0500,10.8,98.7,0.0,-0.0,0.0,371.6,0.55,121.0,74693.0
20141116:0600,10.9,98.9,0.0,-0.0,0.0,380.2,0.48,91.0,74627.0
20141116:0700,10.72,96.7,0.0,-0.0,0.0,379.6,0.62,84.0,74598.0
20141116:0800,10.98,96.0,0.0,-0.0,0.0,379.0,0.69,81.0,74591.0
20141116:0900,11.09,95.85,0.0,-0.0,0.0,381.2,0.69,83.0,74583.0
20141116:1000,11.19,95.15,0.0,-0.0,0.0,380.0,0.69,81.0,74591.0
20141116:1100,11.09,96.65,9.0,0.0,9.0,374.8,0.48,99.0,74686.0
20141116:1200,11.3,94.5,4.0,0.0,4.0,376.6,0.83,105.0,74752.0
20141116:1300,12.08,89.55,239.0,43.17,217.0,374.8,0.9,120.0,74796.0
20141116:1400,13.19,82.45,323.0,36.1,298.0,372.6,0.97,123.0,74840.0
20141116:1500,14.27,74.55,313.0,20.57,296.0,378.8,0.9,119.0,74774.0
20141116:1600,15.06,69.95,85.0,0.0,85.0,365.2,0.69,136.0,74693.0
20141116:1700,15.76,64.85,764.0,284.23,504.0,370.4,0.76,124.0,74576.0
20141116:1800,16.33,61.3,572.0,118.17,470.0,372.2,0.48,140.0,74451.0
20141116:1900,16.07,91.9,296.0,21.31,280.0,370.0,0.9,268.0,74356.0
20141116:2000,15.02,89.45,591.0,843.26,97.0,359.8,0.9,234.0,74334.0
20141116:2100,14.19,81.85,237.0,187.36,166.0,361.6,0.76,281.0,74378.0
20141116:2200,12.5,88.85,51.0,0.0,51.0,350.4,0.21,97.0,74459.0
20141116:2300,11.8,94.55,0.0,-0.0,0.0,342.8,0.9,103.0,74488.0
20141117:0000,11.6,95.5,0.0,-0.0,0.0,350.6,0.83,98.0,74554.0
20141117:0100,11.17,96.75,0.0,-0.0,0.0,352.85,0.9,94.0,74635.0
20141117:0200,10.56,96.55,0.0,-0.0,0.0,334.6,1.17,97.0,74686.0
20141117:0300,10.18,96.4,0.0,-0.0,0.0,341.6,1.38,101.0,74693.0
20141117:0400,9.95,95.75,0.0,-0.0,0.0,343.8,1.52,94.0,74664.0
20141117:0500,9.84,95.25,0.0,-0.0,0.0,352.0,1.38,96.0,74627.0
20141117:0600,9.86,94.65,0.0,-0.0,0.0,360.2,1.31,100.0,74576.0
20141117:0700,10.41,91.1,0.0,-0.0,0.0,361.2,1.17,98.0,74525.0
20141117:0800,10.47,89.4,0.0,-0.0,0.0,364.8,1.24,99.0,74510.0
20141117:0900,10.43,88.0,0.0,-0.0,0.0,356.4,1.24,99.0,74510.0
20141117:1000,10.3,87.4,0.0,-0.0,0.0,354.0,1.24,95.0,74561.0
20141117:1100,10.27,86.95,24.0,167.32,16.0,352.8,1.17,99.0,74620.0
20141117:1200,10.89,85.4,250.0,630.86,68.0,360.4,1.31,99.0,74664.0
20141117:1300,12.45,79.6,502.0,809.53,91.0,353.4,1.24,107.0,74700.0
20141117:1400,13.73,74.1,723.0,896.46,104.0,359.6,0.69,130.0,74649.0
20141117:1500,15.19,66.6,887.0,938.84,113.0,359.0,0.62,173.0,74583.0
20141117:1600,16.53,58.2,504.0,56.64,453.0,357.0,0.62,171.0,74473.0
20141117:1700,17.0,55.4,462.0,40.52,425.0,353.0,0.41,192.0,74356.0
20141117:1800,17.38,54.25,139.0,5.8,134.0,362.8,0.34,236.0,74290.0
20141117:1900,17.85,49.35,330.0,29.33,308.0,347.6,0.41,215.0,74217.0
20141117:2000,17.85,49.95,272.0,39.3,249.0,352.8,0.9,288.0,74210.0
20141117:2100,16.4,59.95,66.0,0.0,66.0,349.0,1.24,299.0,74224.0
20141117:2200,14.94,69.95,109.0,386.92,53.0,336.0,0.83,298.0,74319.0
20141117:2300,13.78,78.95,0.0,-0.0,0.0,339.4,0.34,286.0,74363.0
20141118:0000,12.73,86.95,0.0,-0.0,0.0,328.8,0.34,49.0,74466.0
20141118:0100,11.77,92.9,0.0,-0.0,0.0,325.85,0.69,66.0,74554.0
20141118:0200,11.11,94.75,0.0,-0.0,0.0,328.4,0.83,95.0,74620.0
20141118:0300,10.98,88.35,0.0,-0.0,0.0,345.8,0.9,86.0,74664.0
20141118:0400,10.75,89.5,0.0,-0.0,0.0,344.4,0.97,87.0,74642.0
20141118:0500,10.59,90.55,0.0,-0.0,0.0,346.8,1.03,84.0,74605.0
20141118:0600,10.5,91.0,0.0,-0.0,0.0,348.6,0.97,84.0,74547.0
20141118:0700,10.19,92.55,0.0,-0.0,0.0,342.0,0.9,98.0,74525.0
20141118:0800,10.23,89.4,0.0,-0.0,0.0,347.8,0.9,103.0,74481.0
20141118:0900,10.01,88.55,0.0,-0.0,0.0,344.8,0.83,97.0,74532.0
20141118:1000,9.85,87.85,0.0,-0.0,0.0,350.2,0.9,91.0,74554.0
20141118:1100,9.61,87.9,12.0,0.0,12.0,337.4,0.97,87.0,74598.0
20141118:1200,10.41,83.85,135.0,62.76,117.0,328.8,0.97,92.0,74657.0
20141118:1300,12.95,72.1,408.0,365.74,223.0,329.4,0.62,115.0,74686.0
20141118:1400,14.76,63.55,720.0,894.68,104.0,332.6,0.48,228.0,74649.0
20141118:1500,16.3,59.45,757.0,412.19,418.0,337.4,0.62,251.0,74576.0
20141118:1600,16.97,57.9,979.0,959.38,117.0,346.2,1.03,263.0,74481.0
20141118:1700,16.1,63.9,742.0,255.63,509.0,344.4,1.31,267.0,74407.0
20141118:1800,15.82,72.4,181.0,15.11,168.0,343.2,1.45,271.0,74312.0
20141118:1900,15.42,69.45,98.0,0.0,98.0,351.4,1.17,282.0,74305.0
20141118:2000,14.86,77.3,54.0,0.0,54.0,358.8,1.1,276.0,74290.0
20141118:2100,14.21,87.75,243.0,205.95,165.0,357.8,0.76,249.0,74312.0
20141118:2200,13.37,90.0,73.0,82.72,61.0,368.8,1.1,253.0,74371.0
20141118:2300,11.87,92.3,0.0,-0.0,0.0,357.6,0.9,293.0,74451.0
20141119:0000,11.88,94.75,0.0,-0.0,0.0,356.8,0.41,352.0,74539.0
20141119:0100,11.82,94.9,0.0,-0.0,0.0,357.05,0.76,51.0,74583.0
20141119:0200,11.35,94.35,0.0,-0.0,0.0,367.6,0.76,76.0,74657.0
20141119:0300,11.04,96.95,0.0,-0.0,0.0,361.6,0.62,95.0,74627.0
20141119:0400,10.53,98.45,0.0,-0.0,0.0,342.8,0.62,94.0,74657.0
20141119:0500,10.27,98.7,0.0,-0.0,0.0,344.4,0.62,108.0,74591.0
20141119:0600,9.81,99.55,0.0,-0.0,0.0,336.6,0.55,108.0,74576.0
20141119:0700,9.87,97.8,0.0,-0.0,0.0,349.0,0.28,75.0,74525.0
20141119:0800,10.05,99.75,0.0,-0.0,0.0,358.8,0.41,106.0,74510.0
20141119:0900,9.45,97.05,0.0,-0.0,0.0,353.4,0.55,95.0,74532.0
20141119:1000,9.28,97.4,0.0,-0.0,0.0,354.8,0.83,90.0,74525.0
20141119:1100,9.25,97.95,13.0,0.0,13.0,354.2,0.76,98.0,74554.0
20141119:1200,10.78,96.05,135.0,66.64,116.0,351.8,0.41,103.0,74620.0
20141119:1300,12.55,87.4,497.0,807.67,90.0,362.4,0.14,295.0,74649.0
20141119:1400,13.67,80.0,545.0,279.67,353.0,366.8,0.69,298.0,74627.0
20141119:1500,15.2,71.45,760.0,530.18,325.0,350.6,1.31,294.0,74613.0
20141119:1600,15.06,73.0,702.0,218.59,506.0,363.8,1.45,278.0,74583.0
20141119:1700,16.35,80.55,297.0,19.78,279.0,385.0,1.66,271.0,74429.0
20141119:1800,17.19,86.0,573.0,121.04,469.0,368.6,1.86,264.0,74363.0
20141119:1900,16.87,89.6,543.0,193.8,398.0,355.0,1.86,263.0,74276.0
20141119:2000,14.41,83.7,473.0,359.41,263.0,368.0,1.86,269.0,74305.0
20141119:2100,12.9,89.45,300.0,438.33,134.0,358.0,1.52,286.0,74305.0
20141119:2200,12.02,93.8,89.0,199.35,60.0,352.0,1.03,280.0,74407.0
20141119:2300,10.98,97.05,0.0,-0.0,0.0,341.0,0.83,299.0,74444.0
20141120:0000,10.49,95.75,0.0,-0.0,0.0,345.2,0.41,19.0,74495.0
20141120:0100,10.18,98.8,0.0,-0.0,0.0,347.65,0.76,88.0,74547.0
20141120:0200,10.0,98.55,0.0,-0.0,0.0,346.8,0.62,87.0,74583.0
20141120:0300,9.75,99.0,0.0,-0.0,0.0,338.8,0.48,85.0,74598.0
20141120:0400,9.42,98.3,0.0,-0.0,0.0,337.0,0.62,101.0,74605.0
20141120:0500,9.14,98.25,0.0,-0.0,0.0,343.8,0.76,100.0,74561.0
20141120:0600,8.94,97.85,0.0,-0.0,0.0,347.8,0.83,102.0,74547.0
20141120:0700,9.55,98.3,0.0,-0.0,0.0,358.0,0.76,96.0,74495.0
20141120:0800,9.4,98.3,0.0,-0.0,0.0,353.0,0.76,88.0,74481.0
20141120:0900,9.54,97.0,0.0,-0.0,0.0,355.6,0.76,92.0,74495.0
20141120:1000,9.54,96.8,0.0,-0.0,0.0,359.6,0.76,82.0,74495.0
20141120:1100,9.41,97.35,15.0,0.0,15.0,353.8,0.83,95.0,74525.0
20141120:1200,10.2,94.35,243.0,621.05,67.0,361.6,1.03,110.0,74605.0
20141120:1300,11.8,88.45,493.0,802.79,90.0,342.4,0.21,111.0,74635.0
20141120:1400,13.68,77.15,711.0,888.22,103.0,346.2,0.69,292.0,74620.0
20141120:1500,14.77,77.0,876.0,933.41,112.0,364.0,1.03,281.0,74591.0
20141120:1600,15.57,82.3,970.0,954.37,116.0,372.4,1.17,273.0,74554.0
20141120:1700,16.69,87.95,331.0,20.92,312.0,372.2,1.52,272.0,74437.0
20141120:1800,17.71,88.7,648.0,258.74,426.0,360.2,1.79,265.0,74378.0
20141120:1900,17.02,88.1,155.0,6.69,150.0,353.6,1.52,259.0,74268.0
20141120:2000,15.6,88.35,46.0,0.0,46.0,365.2,1.52,271.0,74283.0
20141120:2100,14.21,91.85,163.0,31.68,151.0,357.6,1.66,264.0,74290.0
20141120:2200,13.1,95.05,39.0,0.0,39.0,363.8,1.59,267.0,74327.0
20141120:2300,12.34,99.35,0.0,-0.0,0.0,370.0,1.31,286.0,74371.0
20141121:0000,11.19,99.0,0.0,-0.0,0.0,341.2,0.62,287.0,74422.0
20141121:0100,10.95,99.75,0.0,-0.0,0.0,327.85,0.21,171.0,74510.0
20141121:0200,10.58,99.75,0.0,-0.0,0.0,329.8,0.69,101.0,74576.0
20141121:0300,10.28,99.65,0.0,-0.0,0.0,333.6,0.76,89.0,74591.0
20141121:0400,10.01,99.8,0.0,-0.0,0.0,337.6,0.83,82.0,74605.0
20141121:0500,9.69,99.35,0.0,-0.0,0.0,344.6,0.76,79.0,74569.0
20141121:0600,9.57,99.6,0.0,-0.0,0.0,349.6,0.41,96.0,74539.0
20141121:0700,9.84,98.7,0.0,-0.0,0.0,346.4,0.76,90.0,74466.0
20141121:0800,9.9,99.4,0.0,-0.0,0.0,353.2,0.69,93.0,74444.0
20141121:0900,9.5,99.15,0.0,-0.0,0.0,347.2,0.76,97.0,74444.0
20141121:1000,10.23,97.05,0.0,-0.0,0.0,372.2,0.62,96.0,74473.0
20141121:1100,10.31,97.55,8.0,0.0,8.0,372.6,0.76,93.0,74532.0
20141121:1200,10.85,93.6,103.0,14.2,99.0,363.8,0.69,72.0,74598.0
20141121:1300,11.95,88.4,490.0,801.91,89.0,364.8,0.28,3.0,74657.0
20141121:1400,13.09,86.35,709.0,887.91,103.0,366.0,0.48,305.0,74671.0
20141121:1500,14.53,85.45,873.0,933.21,111.0,376.2,0.76,285.0,74664.0
20141121:1600,15.51,87.1,604.0,119.82,497.0,386.2,1.03,269.0,74583.0
20141121:1700,17.69,90.7,316.0,19.85,298.0,391.8,1.59,271.0,74510.0
20141121:1800,16.89,94.25,244.0,16.34,230.0,378.4,1.79,273.0,74481.0
20141121:1900,15.4,92.35,41.0,0.0,41.0,373.4,1.03,272.0,74385.0
20141121:2000,14.54,89.65,112.0,0.0,112.0,350.2,1.1,275.0,74371.0
20141121:2100,14.26,89.3,349.0,717.97,77.0,347.2,1.1,271.0,74341.0
20141121:2200,13.14,93.8,59.0,0.0,59.0,351.2,1.17,292.0,74429.0
20141121:2300,12.25,95.85,0.0,-0.0,0.0,346.6,0.97,285.0,74422.0
20141122:0000,10.88,97.7,0.0,-0.0,0.0,328.4,0.55,331.0,74532.0
20141122:0100,10.57,98.2,0.0,-0.0,0.0,344.25,0.48,51.0,74605.0
20141122:0200,10.37,98.2,0.0,-0.0,0.0,348.0,0.55,102.0,74657.0
20141122:0300,10.15,98.5,0.0,-0.0,0.0,355.2,0.62,102.0,74671.0
20141122:0400,9.98,99.3,0.0,-0.0,0.0,356.0,0.62,102.0,74671.0
20141122:0500,9.79,99.5,0.0,-0.0,0.0,354.2,0.62,97.0,74679.0
20141122:0600,10.01,99.5,0.0,-0.0,0.0,367.6,0.48,90.0,74620.0
20141122:0700,9.99,98.0,0.0,-0.0,0.0,372.0,0.55,92.0,74561.0
20141122:0800,9.98,97.65,0.0,-0.0,0.0,371.0,0.62,95.0,74510.0
20141122:0900,9.9,98.0,0.0,-0.0,0.0,365.4,0.41,103.0,74517.0
20141122:1000,9.56,98.45,0.0,-0.0,0.0,356.0,0.34,104.0,74532.0
20141122:1100,9.55,97.95,14.0,0.0,14.0,368.4,0.55,108.0,74591.0
20141122:1200,10.26,95.95,240.0,618.19,67.0,366.0,0.69,112.0,74627.0
20141122:1300,11.95,92.95,489.0,803.05,89.0,375.0,0.07,131.0,74635.0
20141122:1400,13.3,83.0,708.0,889.07,103.0,368.0,0.48,303.0,74613.0
20141122:1500,14.64,74.15,872.0,934.22,111.0,357.4,0.83,280.0,74613.0
20141122:1600,15.35,71.4,966.0,953.72,116.0,356.6,0.97,281.0,74547.0
20141122:1700,15.78,77.65,982.0,955.53,117.0,371.2,1.1,274.0,74429.0
20141122:1800,17.01,84.7,743.0,364.63,431.0,376.6,1.66,260.0,74385.0
20141122:1900,18.29,90.8,129.0,2.68,127.0,358.2,1.59,268.0,74268.0
20141122:2000,16.08,87.4,149.0,3.43,147.0,367.8,1.66,281.0,74268.0
20141122:2100,14.27,88.05,72.0,0.0,72.0,367.8,1.66,277.0,74239.0
20141122:2200,12.53,93.0,86.0,170.06,61.0,341.2,0.55,298.0,74371.0
20141122:2300,11.49,95.5,0.0,-0.0,0.0,342.4,0.34,93.0,74393.0
20141123:0000,10.9,92.8,0.0,-0.0,0.0,354.0,0.76,94.0,74473.0
20141123:0100,10.32,94.65,0.0,-0.0,0.0,347.45,0.76,100.0,74525.0
20141123:0200,10.18,99.15,0.0,-0.0,0.0,356.2,0.76,93.0,74620.0
20141123:0300,10.45,99.25,0.0,-0.0,0.0,366.6,0.83,100.0,74627.0
20141123:0400,10.48,99.45,0.0,-0.0,0.0,360.0,0.83,87.0,74620.0
20141123:0500,10.55,99.3,0.0,-0.0,0.0,362.4,0.83,87.0,74561.0
20141123:0600,10.68,99.5,0.0,-0.0,0.0,371.4,0.76,91.0,74510.0
20141123:0700,10.08,97.7,0.0,-0.0,0.0,363.2,0.9,100.0,74437.0
20141123:0800,10.12,97.8,0.0,-0.0,0.0,363.4,0.9,93.0,74429.0
20141123:0900,10.03,97.85,0.0,-0.0,0.0,358.0,0.97,101.0,74422.0
20141123:1000,10.02,98.05,0.0,-0.0,0.0,360.0,0.97,98.0,74429.0
20141123:1100,10.09,97.95,10.0,0.0,10.0,363.4,1.1,93.0,74481.0
20141123:1200,11.13,94.8,239.0,622.22,66.0,366.2,1.03,98.0,74532.0
20141123:1300,12.71,88.0,489.0,806.25,89.0,362.6,0.69,102.0,74583.0
20141123:1400,14.53,74.65,710.0,894.66,103.0,348.0,0.62,108.0,74554.0
20141123:1500,16.78,61.25,876.0,941.38,111.0,341.6,0.48,95.0,74481.0
20141123:1600,17.88,54.85,971.0,961.23,116.0,355.2,0.07,342.0,74407.0
20141123:1700,18.32,53.8,989.0,964.84,117.0,355.6,0.55,309.0,74290.0
20141123:1800,17.87,56.75,927.0,951.38,114.0,364.6,0.76,291.0,74202.0
20141123:1900,17.41,58.3,541.0,193.25,397.0,386.0,0.9,284.0,74107.0
20141123:2000,16.53,65.55,593.0,852.48,96.0,382.2,0.97,324.0,74107.0
20141123:2100,16.07,70.55,353.0,727.83,77.0,365.0,0.55,297.0,74070.0
20141123:2200,15.05,75.65,112.0,399.64,53.0,360.0,0.76,328.0,74158.0
20141123:2300,13.93,83.6,0.0,-0.0,0.0,369.0,0.21,286.0,74217.0
20141124:0000,13.17,87.9,0.0,-0.0,0.0,341.8,0.34,49.0,74312.0
20141124:0100,12.48,88.4,0.0,-0.0,0.0,347.45,0.9,82.0,74356.0
20141124:0200,11.8,91.85,0.0,-0.0,0.0,349.6,0.97,96.0,74437.0
20141124:0300,11.19,93.9,0.0,-0.0,0.0,344.4,1.17,96.0,74488.0
20141124:0400,10.98,94.4,0.0,-0.0,0.0,357.6,1.17,96.0,74466.0
20141124:0500,10.77,93.5,0.0,-0.0,0.0,352.0,1.31,98.0,74488.0
20141124:0600,10.61,92.1,0.0,-0.0,0.0,353.4,1.45,99.0,74451.0
20141124:0700,10.58,87.0,0.0,-0.0,0.0,362.2,1.31,102.0,74429.0
20141124:0800,10.33,85.9,0.0,-0.0,0.0,354.8,1.38,100.0,74400.0
20141124:0900,10.15,84.65,0.0,-0.0,0.0,355.2,1.38,100.0,74393.0
20141124:1000,9.83,84.85,0.0,-0.0,0.0,351.4,1.45,99.0,74371.0
20141124:1100,9.9,85.6,2.0,0.0,2.0,356.6,1.52,99.0,74407.0
20141124:1200,10.78,84.45,84.0,0.0,84.0,351.4,1.45,99.0,74481.0
20141124:1300,12.85,76.25,489.0,809.48,89.0,360.8,1.31,108.0,74569.0
20141124:1400,14.63,68.4,452.0,141.92,356.0,344.8,0.97,127.0,74539.0
20141124:1500,16.35,61.8,527.0,109.78,438.0,348.6,0.62,150.0,74488.0
20141124:1600,18.17,52.95,622.0,138.55,499.0,348.6,0.97,125.0,74385.0
20141124:1700,18.56,50.55,325.0,21.06,306.0,360.0,0.34,108.0,74276.0
20141124:1800,18.87,50.5,180.0,11.72,170.0,364.2,0.55,309.0,74195.0
20141124:1900,17.99,54.45,346.0,34.92,320.0,357.4,0.83,288.0,74107.0
20141124:2000,17.04,61.3,332.0,90.94,279.0,362.2,1.03,290.0,74085.0
20141124:2100,16.19,65.65,74.0,0.0,74.0,353.0,1.03,291.0,74114.0
20141124:2200,14.6,77.15,37.0,0.0,37.0,359.0,0.9,276.0,74224.0
20141124:2300,13.76,84.15,0.0,-0.0,0.0,355.2,0.41,274.0,74312.0
20141125:0000,13.22,89.6,0.0,-0.0,0.0,354.4,0.28,330.0,74422.0
20141125:0100,12.83,93.05,0.0,-0.0,0.0,363.65,0.48,62.0,74495.0
20141125:0200,12.53,93.45,0.0,-0.0,0.0,360.6,0.76,81.0,74554.0
20141125:0300,12.48,92.5,0.0,-0.0,0.0,365.4,0.76,81.0,74613.0
20141125:0400,12.4,92.45,0.0,-0.0,0.0,365.0,0.76,84.0,74613.0
20141125:0500,12.22,92.35,0.0,-0.0,0.0,363.4,0.83,93.0,74532.0
20141125:0600,11.59,94.25,0.0,-0.0,0.0,345.4,0.97,89.0,74473.0
20141125:0700,10.5,97.6,0.0,-0.0,0.0,350.4,1.24,98.0,74393.0
20141125:0800,10.59,95.95,0.0,-0.0,0.0,358.0,1.31,90.0,74407.0
20141125:0900,10.51,95.15,0.0,-0.0,0.0,350.6,1.31,88.0,74393.0
20141125:1000,10.61,93.6,0.0,-0.0,0.0,355.0,1.31,88.0,74459.0
20141125:1100,10.64,92.7,4.0,0.0,4.0,351.0,1.24,88.0,74495.0
20141125:1200,11.52,90.05,63.0,0.0,63.0,353.8,1.24,98.0,74576.0
20141125:1300,13.35,80.8,484.0,804.64,88.0,345.4,1.03,111.0,74583.0
20141125:1400,15.17,69.95,293.0,28.17,274.0,352.4,0.55,126.0,74561.0
20141125:1500,16.5,62.5,239.0,16.07,226.0,356.6,0.14,117.0,74481.0
20141125:1600,17.29,58.55,498.0,57.56,447.0,374.0,0.28,52.0,74429.0
20141125:1700,17.71,56.7,259.0,17.76,243.0,371.0,0.21,352.0,74319.0
20141125:1800,17.33,58.5,366.0,26.98,343.0,375.0,0.55,304.0,74202.0
20141125:1900,17.84,54.25,390.0,52.42,351.0,365.2,0.69,338.0,74085.0
20141125:2000,17.58,56.5,389.0,171.61,289.0,361.6,1.1,308.0,74107.0
20141125:2100,16.58,64.25,305.0,455.5,132.0,369.4,1.24,304.0,74166.0
20141125:2200,15.22,72.85,103.0,402.57,43.0,366.8,1.1,294.0,74217.0
20141125:2300,13.78,82.7,0.0,-0.0,0.0,345.4,0.97,313.0,74327.0
20141126:0000,13.15,87.2,0.0,-0.0,0.0,354.6,0.76,317.0,74429.0
20141126:0100,12.73,92.2,0.0,-0.0,0.0,357.25,0.34,356.0,74532.0
20141126:0200,12.32,94.4,0.0,-0.0,0.0,349.2,0.48,63.0,74583.0
20141126:0300,12.03,95.3,0.0,-0.0,0.0,357.6,0.62,76.0,74605.0
20141126:0400,11.7,96.75,0.0,-0.0,0.0,362.8,0.55,102.0,74613.0
20141126:0500,11.26,98.8,0.0,-0.0,0.0,351.2,0.69,103.0,74532.0
20141126:0600,10.93,99.0,0.0,-0.0,0.0,355.6,0.83,98.0,74495.0
20141126:0700,10.44,96.25,0.0,-0.0,0.0,341.2,0.9,82.0,74407.0
20141126:0800,10.5,95.55,0.0,-0.0,0.0,350.8,1.1,81.0,74415.0
20141126:0900,10.48,95.1,0.0,-0.0,0.0,348.2,0.97,80.0,74378.0
20141126:1000,10.5,95.15,0.0,-0.0,0.0,350.6,0.83,79.0,74473.0
20141126:1100,10.48,96.0,6.0,0.0,6.0,351.4,0.83,71.0,74503.0
20141126:1200,11.54,94.0,237.0,627.59,66.0,346.2,0.55,65.0,74591.0
20141126:1300,13.05,83.0,488.0,816.09,88.0,344.0,0.28,31.0,74649.0
20141126:1400,14.73,71.05,708.0,901.23,102.0,336.6,0.14,326.0,74605.0
20141126:1500,16.17,64.35,874.0,946.86,110.0,339.2,0.48,289.0,74554.0
20141126:1600,17.05,59.7,969.0,965.68,115.0,348.8,0.76,283.0,74495.0
20141126:1700,16.79,62.0,553.0,81.15,480.0,360.8,1.17,287.0,74415.0
20141126:1800,16.26,66.65,365.0,27.01,342.0,356.0,1.59,297.0,74378.0
20141126:1900,16.63,75.3,607.0,306.7,379.0,342.0,1.52,283.0,74319.0
20141126:2000,15.55,83.2,457.0,319.24,271.0,359.0,1.45,278.0,74239.0
20141126:2100,14.67,88.5,165.0,31.56,153.0,364.2,1.03,283.0,74305.0
20141126:2200,13.87,89.4,69.0,53.39,61.0,377.6,1.45,276.0,74356.0
20141126:2300,12.63,96.8,0.0,-0.0,0.0,359.6,1.38,281.0,74422.0
20141127:0000,12.11,93.65,0.0,-0.0,0.0,358.8,0.83,304.0,74532.0
20141127:0100,11.15,97.3,0.0,-0.0,0.0,352.25,0.48,343.0,74576.0
20141127:0200,10.67,98.3,0.0,-0.0,0.0,342.6,0.55,50.0,74635.0
20141127:0300,10.92,97.25,0.0,-0.0,0.0,348.4,0.62,83.0,74635.0
20141127:0400,10.84,98.45,0.0,-0.0,0.0,357.8,0.62,86.0,74657.0
20141127:0500,10.8,96.35,0.0,-0.0,0.0,357.4,0.55,81.0,74598.0
20141127:0600,11.29,93.85,0.0,-0.0,0.0,378.2,0.48,84.0,74569.0
20141127:0700,10.87,94.35,0.0,-0.0,0.0,364.6,0.41,78.0,74510.0
20141127:0800,10.66,97.1,0.0,-0.0,0.0,353.4,0.34,73.0,74495.0
20141127:0900,10.71,96.5,0.0,-0.0,0.0,355.8,0.48,93.0,74495.0
20141127:1000,10.37,97.0,0.0,-0.0,0.0,343.4,0.62,93.0,74510.0
20141127:1100,10.05,97.7,9.0,0.0,9.0,338.4,0.76,96.0,74554.0
20141127:1200,11.32,93.0,232.0,617.2,65.0,338.6,0.62,112.0,74642.0
20141127:1300,13.15,82.5,355.0,251.98,232.0,322.6,0.62,129.0,74649.0
20141127:1400,14.95,72.1,701.0,894.98,101.0,339.8,0.07,201.0,74598.0
20141127:1500,16.05,64.8,352.0,27.33,330.0,357.4,0.34,312.0,74539.0
20141127:1600,16.86,60.6,258.0,18.13,242.0,359.8,0.69,301.0,74488.0
20141127:1700,16.87,62.1,192.0,14.47,179.0,356.8,1.1,290.0,74385.0
20141127:1800,16.75,64.2,250.0,16.46,236.0,342.8,1.45,287.0,74341.0
20141127:1900,16.36,77.95,155.0,8.08,149.0,352.4,1.17,283.0,74290.0
20141127:2000,16.41,84.8,79.0,0.0,79.0,363.8,1.17,281.0,74239.0
20141127:2100,14.87,83.7,93.0,0.0,93.0,368.8,1.03,269.0,74239.0
20141127:2200,14.34,89.15,115.0,524.33,36.0,355.0,0.69,239.0,74327.0
20141127:2300,12.8,91.9,0.0,-0.0,0.0,346.4,0.41,228.0,74356.0
20141128:0000,12.48,94.7,0.0,-0.0,0.0,354.2,0.14,111.0,74459.0
20141128:0100,12.07,97.8,0.0,-0.0,0.0,350.45,0.97,110.0,74503.0
20141128:0200,11.23,97.35,0.0,-0.0,0.0,334.8,1.17,95.0,74547.0
20141128:0300,11.25,96.8,0.0,-0.0,0.0,353.2,1.24,92.0,74539.0
20141128:0400,11.22,96.4,0.0,-0.0,0.0,356.4,1.03,90.0,74532.0
20141128:0500,11.24,95.8,0.0,-0.0,0.0,360.4,0.97,95.0,74539.0
20141128:0600,10.94,96.1,0.0,-0.0,0.0,348.6,0.97,86.0,74444.0
20141128:0700,11.05,95.85,0.0,-0.0,0.0,369.4,1.03,88.0,74429.0
20141128:0800,10.57,96.55,0.0,-0.0,0.0,356.0,1.1,85.0,74371.0
20141128:0900,10.11,96.95,0.0,-0.0,0.0,337.6,1.1,91.0,74393.0
20141128:1000,9.9,97.4,0.0,-0.0,0.0,357.8,1.17,97.0,74451.0
20141128:1100,9.73,97.05,7.0,0.0,7.0,363.6,1.24,99.0,74481.0
20141128:1200,10.31,94.1,151.0,141.44,113.0,366.8,1.38,98.0,74576.0
20141128:1300,12.15,86.1,485.0,816.69,88.0,358.2,1.24,106.0,74591.0
20141128:1400,14.61,72.4,707.0,906.64,101.0,347.8,0.9,129.0,74517.0
20141128:1500,16.93,57.65,875.0,952.53,110.0,343.2,0.9,136.0,74466.0
20141128:1600,18.23,51.45,971.0,972.67,114.0,361.2,0.48,165.0,74356.0
20141128:1700,18.95,48.05,990.0,975.51,115.0,360.0,0.21,232.0,74254.0
20141128:1800,18.86,48.25,574.0,127.1,466.0,365.2,0.55,253.0,74188.0
20141128:1900,18.21,53.65,218.0,13.47,208.0,363.4,0.76,272.0,74122.0
20141128:2000,17.74,58.2,184.0,8.58,179.0,362.0,0.69,282.0,74085.0
20141128:2100,17.41,60.35,92.0,0.0,92.0,345.0,0.69,285.0,74070.0
20141128:2200,15.6,73.25,117.0,534.45,36.0,352.6,0.9,290.0,74136.0
20141128:2300,14.37,81.35,0.0,-0.0,0.0,355.0,0.62,306.0,74224.0
20141129:0000,13.5,87.2,0.0,-0.0,0.0,347.4,0.21,2.0,74356.0
20141129:0100,13.0,87.25,0.0,-0.0,0.0,356.65,0.69,78.0,74400.0
20141129:0200,12.77,88.6,0.0,-0.0,0.0,358.2,0.9,91.0,74473.0
20141129:0300,12.62,89.9,0.0,-0.0,0.0,369.6,0.83,82.0,74503.0
20141129:0400,12.45,90.5,0.0,-0.0,0.0,366.6,0.9,87.0,74488.0
20141129:0500,12.33,90.75,0.0,-0.0,0.0,371.0,0.83,90.0,74473.0
20141129:0600,12.22,91.0,0.0,-0.0,0.0,371.6,0.83,88.0,74415.0
20141129:0700,11.73,95.15,0.0,-0.0,0.0,365.8,0.83,93.0,74371.0
20141129:0800,11.58,95.45,0.0,-0.0,0.0,364.0,0.9,92.0,74341.0
20141129:0900,11.43,94.75,0.0,-0.0,0.0,359.6,1.03,96.0,74371.0
20141129:1000,11.32,93.75,0.0,-0.0,0.0,359.4,1.03,91.0,74378.0
20141129:1100,11.38,92.7,1.0,0.0,1.0,368.4,1.03,93.0,74459.0
20141129:1200,11.77,89.1,230.0,618.58,65.0,368.8,1.31,102.0,74510.0
20141129:1300,12.96,81.85,479.0,809.77,87.0,364.6,1.45,109.0,74532.0
20141129:1400,15.13,70.6,699.0,898.85,100.0,340.4,1.1,119.0,74488.0
20141129:1500,17.12,59.65,865.0,943.5,109.0,354.6,1.03,130.0,74385.0
20141129:1600,18.6,52.3,360.0,23.88,339.0,347.6,0.97,144.0,74327.0
20141129:1700,18.87,51.0,309.0,20.1,291.0,351.6,0.55,234.0,74268.0
20141129:1800,18.63,52.95,397.0,32.98,369.0,360.0,0.69,273.0,74217.0
20141129:1900,18.92,51.5,274.0,18.86,260.0,364.0,0.14,184.0,74085.0
20141129:2000,18.82,52.95,592.0,854.52,94.0,358.4,0.76,289.0,73990.0
20141129:2100,17.9,57.85,112.0,0.0,112.0,353.0,0.83,290.0,74056.0
20141129:2200,16.3,69.2,32.0,0.0,32.0,363.2,0.83,285.0,74158.0
20141129:2300,14.37,78.4,0.0,-0.0,0.0,346.2,0.34,249.0,74290.0
20141130:0000,12.63,89.45,0.0,-0.0,0.0,367.6,0.76,87.0,74349.0
20141130:0100,12.47,92.25,0.0,-0.0,0.0,374.85,0.83,95.0,74466.0
20141130:0200,12.31,92.8,0.0,-0.0,0.0,363.6,0.97,106.0,74510.0
20141130:0300,12.13,92.2,0.0,-0.0,0.0,357.4,0.9,107.0,74547.0
20141130:0400,11.79,93.9,0.0,-0.0,0.0,361.8,0.83,101.0,74539.0
20141130:0500,11.84,92.65,0.0,-0.0,0.0,370.8,1.03,102.0,74495.0
20141130:0600,11.69,91.45,0.0,-0.0,0.0,361.4,1.17,100.0,74437.0
20141130:0700,11.96,84.45,0.0,-0.0,0.0,361.6,0.9,94.0,74371.0
20141130:0800,12.03,83.6,0.0,-0.0,0.0,374.6,0.9,94.0,74371.0
20141130:0900,12.09,82.6,0.0,-0.0,0.0,377.8,0.97,93.0,74371.0
20141130:1000,12.08,82.9,0.0,-0.0,0.0,374.8,0.69,97.0,74393.0
20141130:1100,11.99,84.15,7.0,0.0,7.0,370.2,0.62,105.0,74473.0
20141130:1200,12.29,84.35,201.0,415.41,91.0,376.8,0.76,109.0,74539.0
20141130:1300,13.16,81.15,275.0,97.5,228.0,374.0,0.76,111.0,74576.0
20141130:1400,15.27,67.35,693.0,892.5,100.0,359.2,1.24,125.0,74532.0
20141130:1500,16.58,60.25,474.0,76.3,413.0,367.8,1.24,118.0,74422.0
20141130:1600,18.34,51.21,533.0,103.65,442.0,370.58,0.84,108.0,74371.0
20141130:1700,17.72,55.11,602.0,117.38,497.0,368.79,0.79,144.0,74297.0
20141130:1800,17.1,59.01,525.0,88.43,450.0,366.99,0.75,210.0,74246.0
20141130:1900,16.48,62.91,211.0,13.48,201.0,365.2,0.71,180.0,74239.0
20141130:2000,15.86,66.81,418.0,226.44,286.0,363.41,0.66,222.0,74173.0
20141130:2100,15.24,70.71,177.0,44.47,160.0,361.61,0.62,255.0,74166.0
20141130:2200,14.61,74.61,117.0,527.73,36.0,359.82,0.57,268.0,74173.0
20141130:2300,13.99,78.51,0.0,-0.0,0.0,358.03,0.53,332.0,74268.0
20121201:0000,13.37,82.41,0.0,-0.0,0.0,356.23,0.49,306.0,74473.0
20121201:0100,12.75,86.3,0.0,-0.0,0.0,354.44,0.44,308.0,74539.0
20121201:0200,12.13,90.2,0.0,-0.0,0.0,352.64,0.4,112.0,74583.0
20121201:0300,11.51,94.1,0.0,-0.0,0.0,350.85,0.35,97.0,74642.0
20121201:0400,10.89,98.0,0.0,-0.0,0.0,349.06,0.31,98.0,74671.0
20121201:0500,10.27,100.0,0.0,-0.0,0.0,347.26,0.27,81.0,74649.0
20121201:0600,9.65,100.0,0.0,-0.0,0.0,345.47,0.22,76.0,74613.0
20121201:0700,9.03,100.0,0.0,-0.0,0.0,343.67,0.18,48.0,74576.0
20121201:0800,10.04,98.45,0.0,-0.0,0.0,358.8,0.41,62.0,74569.0
20121201:0900,9.71,98.25,0.0,-0.0,0.0,350.6,0.48,100.0,74583.0
20121201:1000,9.54,97.55,0.0,-0.0,0.0,362.2,0.62,96.0,74649.0
20121201:1100,9.32,96.6,9.0,0.0,9.0,357.4,0.69,102.0,74664.0
20121201:1200,9.55,95.25,228.0,647.78,59.0,339.6,0.97,107.0,74700.0
20121201:1300,11.7,89.6,479.0,838.86,78.0,339.0,0.34,99.0,74715.0
20121201:1400,13.91,75.15,700.0,923.54,90.0,331.6,0.34,310.0,74686.0
20121201:1500,15.62,65.9,629.0,242.5,436.0,339.0,1.03,297.0,74620.0
20121201:1600,17.31,58.0,965.0,987.5,101.0,331.4,1.52,306.0,74583.0
20121201:1700,17.56,57.35,986.0,990.72,102.0,334.2,2.0,299.0,74525.0
20121201:1800,17.06,61.7,928.0,977.88,100.0,342.0,2.34,296.0,74481.0
20121201:1900,14.46,78.7,797.0,948.22,94.0,348.0,2.0,291.0,74437.0
20121201:2000,15.31,83.6,356.0,119.98,286.0,364.8,1.79,276.0,74407.0
20121201:2100,14.12,89.0,219.0,125.12,171.0,348.0,1.45,287.0,74371.0
20121201:2200,13.12,90.1,123.0,604.06,29.0,350.6,1.52,289.0,74459.0
20121201:2300,12.07,94.1,0.0,-0.0,0.0,361.4,1.52,297.0,74525.0
20121202:0000,11.51,91.9,0.0,-0.0,0.0,344.4,1.03,312.0,74554.0
20121202:0100,10.75,99.0,0.0,-0.0,0.0,347.25,0.62,337.0,74620.0
20121202:0200,10.54,99.2,0.0,-0.0,0.0,346.6,0.48,38.0,74657.0
20121202:0300,10.44,99.5,0.0,-0.0,0.0,343.8,0.41,63.0,74679.0
20121202:0400,10.3,99.0,0.0,-0.0,0.0,340.4,0.34,73.0,74671.0
20121202:0500,10.19,98.95,0.0,-0.0,0.0,344.8,0.28,94.0,74642.0
20121202:0600,9.8,99.1,0.0,-0.0,0.0,338.8,0.28,109.0,74591.0
20121202:0700,9.49,97.95,0.0,-0.0,0.0,348.4,0.48,103.0,74547.0
20121202:0800,9.21,98.8,0.0,-0.0,0.0,344.2,0.41,110.0,74547.0
20121202:0900,9.16,98.5,0.0,-0.0,0.0,352.0,0.28,118.0,74561.0
20121202:1000,8.87,98.8,0.0,-0.0,0.0,340.8,0.48,127.0,74591.0
20121202:1100,8.73,98.65,8.0,0.0,8.0,343.8,0.62,113.0,74620.0
20121202:1200,9.67,93.85,226.0,644.98,59.0,342.6,0.62,135.0,74657.0
20121202:1300,11.44,88.25,177.0,16.81,169.0,348.4,0.28,193.0,74686.0
20121202:1400,13.36,76.15,511.0,296.1,316.0,350.2,0.76,294.0,74679.0
20121202:1500,15.18,66.7,140.0,8.81,133.0,343.6,1.45,305.0,74635.0
20121202:1600,15.88,63.7,537.0,81.28,466.0,337.2,1.93,306.0,74591.0
20121202:1700,16.28,63.15,984.0,990.77,101.0,356.6,2.21,308.0,74473.0
20121202:1800,16.42,62.45,476.0,61.46,424.0,355.6,2.41,305.0,74415.0
20121202:1900,15.75,66.85,796.0,948.4,93.0,344.8,2.28,306.0,74341.0
20121202:2000,15.4,73.25,525.0,539.6,210.0,350.8,1.86,294.0,74327.0
20121202:2100,13.67,81.65,211.0,106.66,170.0,354.0,1.66,300.0,74327.0
20121202:2200,12.83,85.4,124.0,606.06,29.0,352.0,1.52,300.0,74400.0
20121202:2300,11.8,90.45,0.0,-0.0,0.0,340.6,1.03,304.0,74444.0
20121203:0000,11.09,94.7,0.0,-0.0,0.0,332.6,0.55,329.0,74510.0
20121203:0100,10.93,95.85,0.0,-0.0,0.0,341.45,0.21,8.0,74576.0
20121203:0200,10.64,97.35,0.0,-0.0,0.0,337.2,0.21,2.0,74591.0
20121203:0300,10.58,97.7,0.0,-0.0,0.0,342.2,0.21,53.0,74649.0
20121203:0400,10.15,99.0,0.0,-0.0,0.0,331.4,0.34,73.0,74642.0
20121203:0500,9.85,99.35,0.0,-0.0,0.0,333.6,0.21,110.0,74627.0
20121203:0600,9.9,98.9,0.0,-0.0,0.0,343.4,0.07,154.0,74598.0
20121203:0700,9.68,99.65,0.0,-0.0,0.0,337.0,0.28,89.0,74561.0
20121203:0800,9.56,99.2,0.0,-0.0,0.0,346.0,0.48,120.0,74539.0
20121203:0900,9.59,98.2,0.0,-0.0,0.0,353.6,0.48,114.0,74547.0
20121203:1000,9.25,97.95,0.0,-0.0,0.0,344.8,0.83,99.0,74598.0
20121203:1100,8.95,97.8,8.0,0.0,8.0,344.2,0.83,102.0,74642.0
20121203:1200,9.47,95.8,227.0,657.72,58.0,345.0,0.9,105.0,74664.0
20121203:1300,11.46,92.5,479.0,845.98,78.0,338.2,0.14,98.0,74700.0
20121203:1400,13.86,75.4,701.0,932.01,89.0,332.4,0.97,296.0,74657.0
20121203:1500,15.35,68.3,542.0,135.03,435.0,327.2,1.72,306.0,74605.0
20121203:1600,16.25,63.85,968.0,995.31,100.0,339.4,2.14,304.0,74561.0
20121203:1700,15.91,66.5,988.0,996.39,101.0,346.8,2.21,298.0,74532.0
20121203:1800,15.57,71.8,930.0,983.96,98.0,351.0,2.0,294.0,74444.0
20121203:1900,15.76,72.5,797.0,951.2,92.0,351.2,2.0,291.0,74363.0
20121203:2000,15.51,78.85,603.0,890.17,83.0,342.6,1.79,279.0,74290.0
20121203:2100,14.63,84.8,367.0,778.76,67.0,351.2,1.72,277.0,74334.0
20121203:2200,13.81,90.55,125.0,607.87,29.0,341.6,1.38,293.0,74385.0
20121203:2300,12.05,92.35,0.0,-0.0,0.0,338.8,0.9,304.0,74415.0
20121204:0000,11.55,95.95,0.0,-0.0,0.0,328.2,0.83,307.0,74451.0
20121204:0100,11.11,99.25,0.0,-0.0,0.0,327.25,0.28,330.0,74539.0
20121204:0200,10.64,99.55,0.0,-0.0,0.0,331.2,0.41,24.0,74547.0
20121204:0300,10.32,99.8,0.0,-0.0,0.0,333.2,0.55,54.0,74598.0
20121204:0400,10.18,99.8,0.0,-0.0,0.0,336.8,0.48,62.0,74569.0
20121204:0500,9.64,99.8,0.0,-0.0,0.0,323.2,0.41,65.0,74569.0
20121204:0600,9.67,99.6,0.0,-0.0,0.0,334.0,0.34,63.0,74539.0
20121204:0700,10.33,99.3,0.0,-0.0,0.0,347.2,0.0,88.0,74517.0
20121204:0800,10.6,99.65,0.0,-0.0,0.0,363.0,0.14,158.0,74503.0
20121204:0900,10.02,99.1,0.0,-0.0,0.0,349.4,0.48,106.0,74503.0
20121204:1000,9.52,98.85,0.0,-0.0,0.0,342.6,0.76,102.0,74532.0
20121204:1100,9.43,97.9,7.0,0.0,7.0,351.6,0.83,100.0,74569.0
20121204:1200,10.29,95.25,220.0,639.29,57.0,330.6,0.83,98.0,74657.0
20121204:1300,12.41,88.35,467.0,828.38,76.0,330.8,0.34,103.0,74664.0
20121204:1400,14.22,75.35,687.0,914.86,88.0,336.6,0.28,326.0,74620.0
20121204:1500,15.48,66.85,854.0,959.85,95.0,351.6,0.83,308.0,74583.0
20121204:1600,16.38,62.8,952.0,979.63,99.0,363.6,1.38,302.0,74539.0
20121204:1700,16.48,63.3,973.0,982.84,99.0,341.8,1.86,290.0,74488.0
20121204:1800,16.19,72.85,917.0,970.34,97.0,362.2,2.0,278.0,74473.0
20121204:1900,15.78,74.6,788.0,940.43,91.0,365.6,1.86,291.0,74371.0
20121204:2000,15.42,79.7,114.0,0.0,114.0,352.0,1.86,290.0,74349.0
20121204:2100,14.28,85.2,254.0,220.15,169.0,358.6,1.66,281.0,74327.0
20121204:2200,13.82,89.0,87.0,169.65,60.0,365.6,1.45,302.0,74407.0
20121204:2300,12.3,96.15,0.0,-0.0,0.0,359.0,1.31,301.0,74429.0
20121205:0000,11.15,93.8,0.0,-0.0,0.0,337.8,0.48,4.0,74473.0
20121205:0100,10.92,96.05,0.0,-0.0,0.0,338.05,0.48,74.0,74532.0
20121205:0200,10.77,96.8,0.0,-0.0,0.0,341.2,0.55,72.0,74576.0
20121205:0300,10.28,99.25,0.0,-0.0,0.0,334.2,0.69,75.0,74642.0
20121205:0400,10.11,99.55,0.0,-0.0,0.0,338.6,0.83,83.0,74635.0
20121205:0500,10.22,97.8,0.0,-0.0,0.0,349.2,0.76,85.0,74627.0
20121205:0600,10.41,97.8,0.0,-0.0,0.0,358.4,0.48,85.0,74583.0
20121205:0700,10.69,98.8,0.0,-0.0,0.0,358.4,0.41,52.0,74525.0
20121205:0800,10.75,98.35,0.0,-0.0,0.0,361.8,0.34,48.0,74503.0
20121205:0900,10.82,97.95,0.0,-0.0,0.0,371.4,0.55,95.0,74510.0
20121205:1000,10.56,98.35,0.0,-0.0,0.0,354.2,0.69,98.0,74532.0
20121205:1100,10.64,98.0,7.0,0.0,7.0,372.0,0.41,112.0,74598.0
20121205:1200,10.84,94.95,222.0,652.2,57.0,351.6,0.76,126.0,74657.0
20121205:1300,11.88,88.4,474.0,846.79,76.0,333.4,0.41,200.0,74679.0
20121205:1400,13.15,81.35,697.0,932.8,88.0,331.2,0.69,261.0,74679.0
20121205:1500,15.25,77.65,867.0,978.33,95.0,340.2,1.38,290.0,74627.0
20121205:1600,16.3,79.95,966.0,997.21,99.0,342.2,1.59,289.0,74576.0
20121205:1700,17.28,82.15,988.0,1000.72,99.0,341.8,1.79,278.0,74488.0
20121205:1800,17.83,84.4,698.0,284.15,458.0,360.4,1.93,278.0,74437.0
20121205:1900,15.52,76.5,799.0,955.23,91.0,356.8,1.72,276.0,74363.0
20121205:2000,15.88,81.05,457.0,329.85,264.0,341.6,2.21,278.0,74276.0
20121205:2100,15.25,85.15,5.0,0.0,5.0,352.8,2.07,285.0,74246.0
20121205:2200,13.73,89.3,2.0,0.0,2.0,346.2,1.66,289.0,74349.0
20121205:2300,11.88,95.75,0.0,-0.0,0.0,335.4,0.76,308.0,74363.0
20121206:0000,11.21,95.75,0.0,-0.0,0.0,330.6,0.41,340.0,74466.0
20121206:0100,10.7,98.9,0.0,-0.0,0.0,336.65,0.28,31.0,74525.0
20121206:0200,10.06,98.95,0.0,-0.0,0.0,327.4,0.83,79.0,74569.0
20121206:0300,10.07,99.15,0.0,-0.0,0.0,350.6,0.76,82.0,74620.0
20121206:0400,10.3,99.45,0.0,-0.0,0.0,360.6,0.48,91.0,74627.0
20121206:0500,10.32,99.2,0.0,-0.0,0.0,359.2,0.48,75.0,74598.0
20121206:0600,10.33,99.25,0.0,-0.0,0.0,364.8,0.55,82.0,74539.0
20121206:0700,9.56,98.0,0.0,-0.0,0.0,333.8,0.41,72.0,74466.0
20121206:0800,9.3,98.5,0.0,-0.0,0.0,331.2,0.48,73.0,74429.0
20121206:0900,8.96,98.85,0.0,-0.0,0.0,332.0,0.55,74.0,74429.0
20121206:1000,8.92,98.25,0.0,-0.0,0.0,334.6,0.76,80.0,74429.0
20121206:1100,8.72,98.35,6.0,0.0,6.0,331.2,0.97,85.0,74488.0
20121206:1200,10.05,95.75,218.0,641.42,57.0,339.0,0.83,96.0,74532.0
20121206:1300,12.08,92.5,467.0,837.55,75.0,341.4,0.28,123.0,74569.0
20121206:1400,13.74,77.95,689.0,924.71,87.0,358.8,0.48,275.0,74554.0
20121206:1500,15.52,66.35,858.0,970.17,94.0,332.6,0.97,297.0,74488.0
20121206:1600,15.9,64.95,958.0,990.61,98.0,346.8,1.31,296.0,74444.0
20121206:1700,16.13,64.5,979.0,992.67,98.0,355.4,1.59,288.0,74334.0
20121206:1800,15.88,70.9,793.0,433.53,427.0,350.8,1.66,275.0,74261.0
20121206:1900,15.51,67.65,618.0,327.81,375.0,357.8,1.52,288.0,74224.0
20121206:2000,13.81,78.35,73.0,0.0,73.0,365.4,1.17,278.0,74217.0
20121206:2100,14.09,82.3,66.0,0.0,66.0,347.8,1.24,275.0,74239.0
20121206:2200,13.56,87.85,33.0,0.0,33.0,365.0,1.1,277.0,74305.0
20121206:2300,12.36,90.85,0.0,-0.0,0.0,356.2,0.97,303.0,74312.0
20121207:0000,11.95,93.5,0.0,-0.0,0.0,350.4,0.69,301.0,74363.0
20121207:0100,11.34,98.85,0.0,-0.0,0.0,348.45,0.21,323.0,74371.0
20121207:0200,11.21,97.85,0.0,-0.0,0.0,351.8,0.83,92.0,74451.0
20121207:0300,10.78,98.45,0.0,-0.0,0.0,351.6,0.83,85.0,74503.0
20121207:0400,10.61,98.7,0.0,-0.0,0.0,355.2,0.76,80.0,74488.0
20121207:0500,10.81,98.55,0.0,-0.0,0.0,365.6,0.41,70.0,74459.0
20121207:0600,11.01,96.85,0.0,-0.0,0.0,373.6,0.21,83.0,74415.0
20121207:0700,10.94,95.2,0.0,-0.0,0.0,377.2,0.34,65.0,74356.0
20121207:0800,11.03,95.9,0.0,-0.0,0.0,382.6,0.34,54.0,74327.0
20121207:0900,11.01,95.7,0.0,-0.0,0.0,374.6,0.28,13.0,74327.0
20121207:1000,11.09,95.2,0.0,-0.0,0.0,375.6,0.34,1.0,74334.0
20121207:1100,11.09,95.65,0.0,0.0,0.0,369.4,0.48,71.0,74378.0
20121207:1200,11.46,94.05,217.0,646.52,56.0,374.0,0.76,89.0,74422.0
20121207:1300,12.73,84.7,467.0,841.08,75.0,352.0,0.62,110.0,74451.0
20121207:1400,13.96,77.35,689.0,928.85,86.0,353.6,0.28,210.0,74444.0
20121207:1500,15.56,68.6,859.0,973.38,94.0,363.6,0.34,255.0,74363.0
20121207:1600,16.61,63.9,959.0,994.31,97.0,362.4,0.48,299.0,74312.0
20121207:1700,17.0,62.15,416.0,32.71,387.0,361.4,0.62,312.0,74217.0
20121207:1800,17.56,60.45,927.0,984.71,96.0,371.6,0.9,308.0,74188.0
20121207:1900,16.3,70.75,124.0,2.7,122.0,346.2,1.1,299.0,74114.0
20121207:2000,16.84,76.85,356.0,122.81,284.0,363.2,1.24,277.0,74100.0
20121207:2100,15.53,83.7,374.0,794.31,65.0,351.4,0.83,280.0,74166.0
20121207:2200,14.55,88.7,131.0,619.29,30.0,354.2,0.76,266.0,74224.0
20121207:2300,12.21,90.6,0.0,-0.0,0.0,336.4,0.28,276.0,74297.0
20121208:0000,12.08,92.4,0.0,-0.0,0.0,358.0,0.28,65.0,74349.0
20121208:0100,11.75,94.85,0.0,-0.0,0.0,347.25,0.55,78.0,74429.0
20121208:0200,11.49,96.45,0.0,-0.0,0.0,347.6,0.55,76.0,74488.0
20121208:0300,11.14,99.05,0.0,-0.0,0.0,345.6,0.62,78.0,74532.0
20121208:0400,11.25,99.45,0.0,-0.0,0.0,355.8,0.55,77.0,74532.0
20121208:0500,11.48,98.85,0.0,-0.0,0.0,364.0,0.55,91.0,74510.0
20121208:0600,11.06,99.05,0.0,-0.0,0.0,352.2,0.83,91.0,74473.0
20121208:0700,11.04,98.05,0.0,-0.0,0.0,359.6,0.76,86.0,74393.0
20121208:0800,10.66,98.5,0.0,-0.0,0.0,345.2,0.9,78.0,74371.0
20121208:0900,10.55,97.95,0.0,-0.0,0.0,347.0,0.97,81.0,74356.0
20121208:1000,10.55,97.5,0.0,-0.0,0.0,352.8,1.1,85.0,74407.0
20121208:1100,10.36,97.9,0.0,0.0,0.0,350.6,1.03,86.0,74481.0
20121208:1200,11.55,94.75,215.0,643.61,56.0,353.2,0.83,90.0,74569.0
20121208:1300,12.84,83.55,466.0,842.46,75.0,353.8,1.03,107.0,74576.0
20121208:1400,14.65,72.8,689.0,931.43,86.0,350.2,0.97,118.0,74532.0
20121208:1500,16.54,58.9,858.0,975.29,93.0,333.2,1.24,123.0,74459.0
20121208:1600,17.41,52.45,960.0,996.81,97.0,367.2,1.17,119.0,74363.0
20121208:1700,18.9,46.15,985.0,1001.16,98.0,361.2,1.1,115.0,74246.0
20121208:1800,18.47,48.1,931.0,990.95,95.0,365.2,0.69,326.0,74129.0
20121208:1900,18.91,45.05,803.0,961.37,90.0,361.6,0.9,331.0,74063.0
20121208:2000,17.45,57.85,612.0,906.38,80.0,366.0,1.03,320.0,74107.0
20121208:2100,16.64,64.95,377.0,799.81,65.0,365.2,0.48,347.0,74136.0
20121208:2200,15.52,72.35,134.0,632.28,30.0,341.8,0.48,302.0,74246.0
20121208:2300,14.18,82.3,0.0,-0.0,0.0,339.8,0.21,40.0,74319.0
20121209:0000,13.3,87.35,0.0,-0.0,0.0,338.6,0.83,85.0,74422.0
20121209:0100,12.83,88.25,0.0,-0.0,0.0,354.25,0.83,94.0,74473.0
20121209:0200,12.12,90.4,0.0,-0.0,0.0,338.6,1.03,96.0,74539.0
20121209:0300,11.85,89.5,0.0,-0.0,0.0,348.2,1.1,96.0,74561.0
20121209:0400,11.55,88.8,0.0,-0.0,0.0,348.4,1.1,96.0,74583.0
20121209:0500,11.53,86.75,0.0,-0.0,0.0,366.8,1.03,100.0,74583.0
20121209:0600,11.34,85.3,0.0,-0.0,0.0,360.2,1.1,98.0,74569.0
20121209:0700,10.82,84.6,0.0,-0.0,0.0,364.2,1.38,100.0,74539.0
20121209:0800,10.89,83.15,0.0,-0.0,0.0,367.6,1.31,97.0,74525.0
20121209:0900,10.8,82.85,0.0,-0.0,0.0,365.8,1.24,96.0,74547.0
20121209:1000,10.55,83.3,0.0,-0.0,0.0,352.2,1.24,95.0,74598.0
20121209:1100,10.59,82.9,0.0,0.0,0.0,364.2,1.24,96.0,74635.0
20121209:1200,11.0,82.25,215.0,648.79,56.0,346.4,1.45,102.0,74671.0
20121209:1300,12.9,73.75,466.0,848.15,74.0,339.2,1.38,105.0,74686.0
20121209:1400,14.8,65.7,690.0,935.53,86.0,327.4,0.9,130.0,74642.0
20121209:1500,16.6,55.15,861.0,980.98,93.0,336.2,1.52,127.0,74554.0
20121209:1600,18.55,46.05,962.0,1000.42,97.0,352.2,1.93,129.0,74451.0
20121209:1700,19.71,40.35,986.0,1004.2,97.0,346.0,1.59,136.0,74334.0
20121209:1800,20.03,38.2,733.0,437.5,364.0,353.0,0.83,154.0,74261.0
20121209:1900,19.26,41.45,804.0,963.72,89.0,362.6,0.9,131.0,74173.0
20121209:2000,18.96,41.4,387.0,159.95,293.0,359.0,0.14,353.0,74151.0
20121209:2100,18.06,47.1,380.0,805.18,65.0,356.0,0.83,321.0,74166.0
20121209:2200,16.38,60.3,136.0,638.87,30.0,346.2,0.83,324.0,74217.0
20121209:2300,14.63,73.35,0.0,-0.0,0.0,327.4,0.48,330.0,74312.0
20121210:0000,13.37,81.95,0.0,-0.0,0.0,325.0,0.55,66.0,74393.0
20121210:0100,12.46,86.5,0.0,-0.0,0.0,330.85,0.97,91.0,74459.0
20121210:0200,11.61,89.05,0.0,-0.0,0.0,320.4,1.17,97.0,74517.0
20121210:0300,11.43,88.0,0.0,-0.0,0.0,340.4,1.17,96.0,74561.0
20121210:0400,11.41,86.45,0.0,-0.0,0.0,349.8,1.1,94.0,74547.0
20121210:0500,11.32,85.05,0.0,-0.0,0.0,353.4,1.1,92.0,74539.0
20121210:0600,11.25,83.65,0.0,-0.0,0.0,353.0,1.1,91.0,74503.0
20121210:0700,10.74,85.1,0.0,-0.0,0.0,343.2,1.1,94.0,74466.0
20121210:0800,10.75,82.85,0.0,-0.0,0.0,350.2,1.24,95.0,74444.0
20121210:0900,10.53,81.6,0.0,-0.0,0.0,347.8,1.24,97.0,74451.0
20121210:1000,10.38,82.2,0.0,-0.0,0.0,344.2,1.17,99.0,74459.0
20121210:1100,10.33,82.55,0.0,0.0,0.0,352.2,1.24,100.0,74503.0
20121210:1200,10.76,82.8,214.0,649.94,56.0,346.8,1.38,101.0,74569.0
20121210:1300,12.84,73.5,329.0,243.34,217.0,352.2,1.17,108.0,74591.0
20121210:1400,14.93,62.15,501.0,264.02,331.0,341.0,0.76,127.0,74576.0
20121210:1500,16.27,55.45,530.0,131.81,427.0,352.0,0.62,129.0,74539.0
20121210:1600,17.67,50.45,744.0,414.56,386.0,362.0,0.21,145.0,74451.0
20121210:1700,18.06,50.5,606.0,125.47,495.0,367.4,0.28,334.0,74319.0
20121210:1800,18.27,49.2,783.0,429.28,421.0,359.4,0.48,7.0,74195.0
20121210:1900,18.99,45.65,174.0,9.43,167.0,359.4,0.21,47.0,74114.0
20121210:2000,18.26,48.7,477.0,351.77,270.0,363.6,0.62,345.0,74078.0
20121210:2100,16.93,59.1,304.0,389.92,151.0,347.8,1.24,306.0,74100.0
20121210:2200,15.5,69.95,123.0,477.92,43.0,340.4,1.03,295.0,74129.0
20121210:2300,14.07,79.4,0.0,-0.0,0.0,336.2,0.69,273.0,74224.0
20121211:0000,13.15,85.95,0.0,-0.0,0.0,336.8,0.07,292.0,74312.0
20121211:0100,12.54,90.75,0.0,-0.0,0.0,334.25,0.55,67.0,74400.0
20121211:0200,12.51,89.9,0.0,-0.0,0.0,361.4,0.69,72.0,74444.0
20121211:0300,12.14,91.15,0.0,-0.0,0.0,353.0,0.76,76.0,74503.0
20121211:0400,11.79,92.35,0.0,-0.0,0.0,352.4,0.76,76.0,74517.0
20121211:0500,11.57,91.7,0.0,-0.0,0.0,353.6,0.83,82.0,74525.0
20121211:0600,11.15,92.55,0.0,-0.0,0.0,343.2,0.83,81.0,74495.0
20121211:0700,10.28,94.35,0.0,-0.0,0.0,354.0,1.17,100.0,74429.0
20121211:0800,9.63,95.2,0.0,-0.0,0.0,335.6,1.24,96.0,74444.0
20121211:0900,9.25,95.25,0.0,-0.0,0.0,340.6,1.24,97.0,74459.0
20121211:1000,9.09,94.85,0.0,-0.0,0.0,348.2,1.24,94.0,74422.0
20121211:1100,8.9,94.75,0.0,0.0,0.0,340.2,1.31,90.0,74495.0
20121211:1200,9.63,93.4,209.0,638.64,55.0,351.8,1.24,91.0,74503.0
20121211:1300,12.32,82.15,461.0,846.48,73.0,332.2,0.97,103.0,74532.0
20121211:1400,14.86,66.85,686.0,935.88,85.0,313.6,0.28,145.0,74459.0
20121211:1500,16.69,59.45,858.0,982.02,92.0,321.0,0.34,280.0,74407.0
20121211:1600,17.57,54.45,602.0,136.81,484.0,332.2,0.34,329.0,74290.0
20121211:1700,18.27,51.3,775.0,358.57,458.0,335.4,0.83,337.0,74195.0
20121211:1800,17.8,53.9,270.0,17.79,255.0,350.6,0.97,312.0,74136.0
20121211:1900,17.88,53.75,329.0,29.62,307.0,352.6,1.24,294.0,74129.0
20121211:2000,16.66,61.0,268.0,33.94,248.0,342.4,1.38,288.0,74129.0
20121211:2100,15.8,67.8,381.0,805.38,64.0,346.4,1.45,286.0,74144.0
20121211:2200,15.0,74.2,137.0,627.58,31.0,343.6,1.31,281.0,74217.0
20121211:2300,13.76,82.55,0.0,-0.0,0.0,352.0,0.9,285.0,74254.0
20121212:0000,12.76,88.65,0.0,-0.0,0.0,339.2,0.83,299.0,74327.0
20121212:0100,12.27,91.95,0.0,-0.0,0.0,344.45,0.62,325.0,74385.0
20121212:0200,11.9,93.1,0.0,-0.0,0.0,349.8,0.48,20.0,74473.0
20121212:0300,11.4,97.9,0.0,-0.0,0.0,347.6,0.69,58.0,74525.0
20121212:0400,10.91,98.05,0.0,-0.0,0.0,347.6,0.69,79.0,74547.0
20121212:0500,10.69,98.5,0.0,-0.0,0.0,354.8,0.83,78.0,74539.0
20121212:0600,10.58,98.9,0.0,-0.0,0.0,363.0,0.9,90.0,74473.0
20121212:0700,11.02,95.75,0.0,-0.0,0.0,366.4,0.62,87.0,74437.0
20121212:0800,10.69,96.7,0.0,-0.0,0.0,344.8,0.62,75.0,74407.0
20121212:0900,11.09,95.65,0.0,-0.0,0.0,369.4,0.34,63.0,74407.0
20121212:1000,11.19,95.45,0.0,-0.0,0.0,372.0,0.34,88.0,74437.0
20121212:1100,11.42,94.05,0.0,0.0,0.0,379.0,0.41,86.0,74473.0
20121212:1200,11.79,92.7,206.0,635.49,54.0,379.8,0.69,95.0,74547.0
20121212:1300,12.61,88.3,456.0,839.0,73.0,373.6,0.62,92.0,74554.0
20121212:1400,13.94,80.15,680.0,930.52,84.0,367.8,0.14,83.0,74517.0
20121212:1500,15.55,68.05,852.0,977.32,91.0,351.0,0.41,318.0,74459.0
20121212:1600,16.46,62.45,954.0,997.02,95.0,346.6,0.76,316.0,74371.0
20121212:1700,16.34,63.6,496.0,56.59,446.0,347.2,1.1,298.0,74341.0
20121212:1800,15.93,67.55,119.0,2.37,117.0,352.2,1.52,287.0,74297.0
20121212:1900,15.83,68.0,197.0,12.11,188.0,353.0,1.45,283.0,74217.0
20121212:2000,15.68,76.15,364.0,122.0,292.0,351.2,1.66,269.0,74224.0
20121212:2100,15.5,85.4,165.0,22.79,156.0,344.8,1.45,266.0,74224.0
20121212:2200,14.14,85.35,60.0,0.0,60.0,351.0,1.31,253.0,74210.0
20121212:2300,13.11,91.2,0.0,-0.0,0.0,340.0,1.24,252.0,74349.0
20121213:0000,12.55,94.7,0.0,-0.0,0.0,351.2,0.48,274.0,74393.0
20121213:0100,12.3,98.35,0.0,-0.0,0.0,356.05,0.48,279.0,74488.0
20121213:0200,12.0,99.15,0.0,-0.0,0.0,354.6,0.28,343.0,74525.0
20121213:0300,12.05,99.05,0.0,-0.0,0.0,362.4,0.62,70.0,74539.0
20121213:0400,11.84,98.8,0.0,-0.0,0.0,370.6,0.48,83.0,74539.0
20121213:0500,11.36,99.0,0.0,-0.0,0.0,350.6,0.55,96.0,74517.0
20121213:0600,11.21,99.35,0.0,-0.0,0.0,362.0,0.55,108.0,74495.0
20121213:0700,10.84,97.85,0.0,-0.0,0.0,355.4,0.48,95.0,74437.0
20121213:0800,10.97,97.35,0.0,-0.0,0.0,367.8,0.76,90.0,74415.0
20121213:0900,10.83,97.6,0.0,-0.0,0.0,359.8,0.97,92.0,74378.0
20121213:1000,10.67,96.2,0.0,-0.0,0.0,371.2,1.03,94.0,74415.0
20121213:1100,10.58,95.95,0.0,0.0,0.0,373.0,0.97,86.0,74481.0
20121213:1200,10.75,95.75,111.0,67.44,95.0,378.8,1.03,91.0,74583.0
20121213:1300,11.82,88.2,332.0,263.94,212.0,378.4,0.9,97.0,74605.0
20121213:1400,13.19,79.95,673.0,921.95,84.0,360.8,0.28,188.0,74591.0
20121213:1500,14.44,74.8,844.0,968.68,91.0,354.0,0.83,270.0,74605.0
20121213:1600,14.79,72.95,947.0,991.11,94.0,369.0,1.1,275.0,74605.0
20121213:1700,13.7,80.4,382.0,27.18,358.0,361.2,0.9,261.0,74539.0
20121213:1800,14.81,83.95,262.0,16.6,248.0,359.4,1.24,269.0,74459.0
20121213:1900,16.07,82.95,197.0,12.1,188.0,356.2,1.24,269.0,74356.0
20121213:2000,15.31,83.25,454.0,285.9,285.0,366.8,1.38,264.0,74276.0
20121213:2100,14.6,83.5,111.0,0.0,111.0,356.2,1.59,263.0,74297.0
20121213:2200,13.37,88.45,54.0,0.0,54.0,354.0,1.38,275.0,74378.0
20121213:2300,11.74,89.25,0.0,-0.0,0.0,357.8,0.83,303.0,74400.0
20121214:0000,11.9,91.45,0.0,-0.0,0.0,361.6,0.62,323.0,74459.0
20121214:0100,11.69,96.95,0.0,-0.0,0.0,359.45,0.55,341.0,74525.0
20121214:0200,11.35,95.7,0.0,-0.0,0.0,355.6,0.34,336.0,74598.0
20121214:0300,11.09,95.05,0.0,-0.0,0.0,355.2,0.28,331.0,74613.0
20121214:0400,11.18,95.1,0.0,-0.0,0.0,362.0,0.0,331.0,74613.0
20121214:0500,11.03,95.6,0.0,-0.0,0.0,355.6,0.34,132.0,74591.0
20121214:0600,10.64,96.1,0.0,-0.0,0.0,343.2,0.28,119.0,74532.0
20121214:0700,9.63,97.7,0.0,-0.0,0.0,322.6,0.62,91.0,74481.0
20121214:0800,9.34,98.15,0.0,-0.0,0.0,327.6,0.48,92.0,74429.0
20121214:0900,9.83,97.6,0.0,-0.0,0.0,347.4,0.34,105.0,74444.0
20121214:1000,10.21,97.15,0.0,-0.0,0.0,356.4,0.21,102.0,74451.0
20121214:1100,9.65,98.15,0.0,-0.0,0.0,334.4,0.48,94.0,74495.0
20121214:1200,10.6,95.4,67.0,0.0,67.0,351.4,0.41,102.0,74583.0
20121214:1300,11.86,89.3,302.0,187.71,217.0,365.6,0.14,246.0,74613.0
20121214:1400,13.57,79.15,508.0,291.87,322.0,350.2,0.9,268.0,74635.0
20121214:1500,14.48,82.35,610.0,239.67,424.0,347.6,1.45,274.0,74598.0
20121214:1600,16.01,87.95,615.0,151.2,485.0,373.2,1.52,271.0,74591.0
20121214:1700,17.72,86.7,829.0,402.17,474.0,375.8,1.93,263.0,74481.0
20121214:1800,16.89,90.25,730.0,347.46,437.0,376.0,1.93,272.0,74400.0
20121214:1900,15.51,82.65,619.0,321.17,380.0,364.2,1.86,275.0,74305.0
20121214:2000,13.96,82.95,400.0,173.95,297.0,356.2,1.86,268.0,74290.0
20121214:2100,14.2,90.35,163.0,20.12,155.0,365.8,1.52,279.0,74297.0
20121214:2200,12.91,93.35,123.0,426.16,49.0,358.4,1.03,288.0,74363.0
20121214:2300,11.14,92.35,0.0,-0.0,0.0,343.0,0.76,328.0,74378.0
20121215:0000,10.62,97.4,0.0,-0.0,0.0,337.8,0.28,95.0,74459.0
20121215:0100,10.49,98.2,0.0,-0.0,0.0,338.05,0.62,83.0,74503.0
20121215:0200,10.46,98.05,0.0,-0.0,0.0,348.2,0.69,82.0,74561.0
20121215:0300,10.44,98.0,0.0,-0.0,0.0,351.2,0.76,90.0,74598.0
20121215:0400,10.07,98.7,0.0,-0.0,0.0,348.6,0.55,87.0,74576.0
20121215:0500,10.09,98.0,0.0,-0.0,0.0,357.6,0.62,101.0,74583.0
20121215:0600,9.72,98.7,0.0,-0.0,0.0,352.4,0.48,104.0,74554.0
20121215:0700,10.04,98.35,0.0,-0.0,0.0,351.8,0.14,77.0,74481.0
20121215:0800,9.92,98.55,0.0,-0.0,0.0,353.4,0.21,39.0,74437.0
20121215:0900,9.83,98.6,0.0,-0.0,0.0,357.6,0.28,79.0,74422.0
20121215:1000,9.73,98.4,0.0,-0.0,0.0,354.6,0.34,119.0,74473.0
20121215:1100,9.6,98.55,0.0,-0.0,0.0,353.4,0.48,130.0,74517.0
20121215:1200,10.08,96.65,43.0,0.0,43.0,357.2,0.83,118.0,74591.0
20121215:1300,11.84,88.5,450.0,838.1,72.0,356.0,0.55,112.0,74620.0
20121215:1400,13.09,81.5,674.0,929.69,83.0,359.0,0.14,276.0,74627.0
20121215:1500,14.52,71.95,578.0,194.88,427.0,361.4,0.69,282.0,74583.0
20121215:1600,15.62,66.3,817.0,409.79,465.0,349.2,1.38,295.0,74510.0
20121215:1700,15.65,67.5,776.0,470.33,361.0,362.4,1.93,288.0,74437.0
20121215:1800,15.82,76.6,726.0,334.36,444.0,352.4,1.93,280.0,74349.0
20121215:1900,15.97,65.55,803.0,960.03,88.0,370.6,2.14,296.0,74305.0
20121215:2000,14.24,77.05,616.0,905.32,79.0,356.4,1.59,295.0,74297.0
20121215:2100,13.72,81.2,291.0,310.84,167.0,356.6,1.52,292.0,74261.0
20121215:2200,13.28,83.0,127.0,450.68,48.0,362.0,1.45,293.0,74290.0
20121215:2300,12.06,89.5,0.0,-0.0,0.0,350.8,1.1,303.0,74341.0
20121216:0000,11.95,93.05,0.0,-0.0,0.0,359.8,0.83,296.0,74422.0
20121216:0100,11.4,98.7,0.0,-0.0,0.0,349.45,0.83,302.0,74510.0
20121216:0200,10.82,98.0,0.0,-0.0,0.0,341.6,0.34,318.0,74554.0
20121216:0300,10.69,96.8,0.0,-0.0,0.0,350.4,0.21,80.0,74598.0
20121216:0400,10.89,97.05,0.0,-0.0,0.0,358.2,0.41,80.0,74569.0
20121216:0500,10.69,96.5,0.0,-0.0,0.0,366.2,0.28,59.0,74561.0
20121216:0600,10.9,96.9,0.0,-0.0,0.0,361.6,0.14,347.0,74510.0
20121216:0700,10.55,95.4,0.0,-0.0,0.0,361.6,0.28,79.0,74444.0
20121216:0800,10.58,94.3,0.0,-0.0,0.0,359.0,0.34,70.0,74400.0
20121216:0900,10.58,95.15,0.0,-0.0,0.0,362.0,0.34,90.0,74393.0
20121216:1000,10.19,96.4,0.0,-0.0,0.0,346.4,0.55,94.0,74437.0
20121216:1100,10.23,96.65,0.0,-0.0,0.0,355.4,0.62,97.0,74488.0
20121216:1200,10.93,93.9,197.0,622.06,53.0,361.0,0.41,102.0,74539.0
20121216:1300,12.09,89.0,445.0,830.28,72.0,369.0,0.21,105.0,74591.0
20121216:1400,12.9,83.35,669.0,924.04,83.0,367.0,0.34,292.0,74583.0
20121216:1500,13.81,76.8,841.0,970.7,90.0,364.4,0.55,294.0,74554.0
20121216:1600,14.35,75.7,653.0,195.75,485.0,375.6,1.03,286.0,74466.0
20121216:1700,14.96,74.4,974.0,996.5,95.0,360.4,1.31,287.0,74400.0
20121216:1800,15.04,74.75,924.0,985.04,93.0,355.8,1.45,285.0,74290.0
20121216:1900,14.55,76.35,801.0,957.81,87.0,349.2,1.45,289.0,74261.0
20121216:2000,15.34,84.0,615.0,901.96,79.0,366.2,1.52,262.0,74261.0
20121216:2100,14.76,88.5,385.0,801.77,64.0,371.8,1.1,257.0,74268.0
20121216:2200,13.64,91.45,144.0,627.23,33.0,362.4,1.1,272.0,74276.0
20121216:2300,12.69,89.05,0.0,-0.0,0.0,355.6,1.17,288.0,74319.0
20121217:0000,11.99,95.25,0.0,-0.0,0.0,352.4,0.9,286.0,74400.0
20121217:0100,11.19,98.25,0.0,-0.0,0.0,343.85,0.41,307.0,74444.0
20121217:0200,11.08,99.1,0.0,-0.0,0.0,356.8,0.21,327.0,74488.0
20121217:0300,11.06,98.5,0.0,-0.0,0.0,354.6,0.21,14.0,74510.0
20121217:0400,10.77,98.9,0.0,-0.0,0.0,362.0,0.41,47.0,74525.0
20121217:0500,10.8,99.55,0.0,-0.0,0.0,364.2,0.41,43.0,74510.0
20121217:0600,10.72,99.55,0.0,-0.0,0.0,358.8,0.28,32.0,74481.0
20121217:0700,10.53,97.6,0.0,-0.0,0.0,360.8,0.28,76.0,74429.0
20121217:0800,10.67,97.2,0.0,-0.0,0.0,358.0,0.34,84.0,74429.0
20121217:0900,10.99,96.9,0.0,-0.0,0.0,373.2,0.21,76.0,74422.0
20121217:1000,11.07,97.15,0.0,-0.0,0.0,371.6,0.21,55.0,74466.0
20121217:1100,10.81,97.8,0.0,-0.0,0.0,360.0,0.41,82.0,74481.0
20121217:1200,11.5,96.2,194.0,614.1,53.0,378.6,0.28,100.0,74495.0
20121217:1300,12.0,94.75,441.0,824.58,72.0,371.8,0.0,341.0,74517.0
20121217:1400,12.73,95.25,664.0,918.3,83.0,376.6,0.48,283.0,74503.0
20121217:1500,14.62,91.05,838.0,968.23,90.0,366.0,0.97,286.0,74444.0
20121217:1600,15.52,88.1,943.0,990.05,94.0,360.0,1.1,277.0,74407.0
20121217:1700,14.82,85.35,195.0,13.61,183.0,365.4,1.31,280.0,74312.0
20121217:1800,15.13,86.25,220.0,14.22,208.0,371.8,0.97,282.0,74232.0
20121217:1900,17.6,91.95,154.0,6.7,149.0,351.8,1.66,273.0,74180.0
20121217:2000,17.04,93.3,137.0,1.68,136.0,351.0,1.59,263.0,74188.0
20121217:2100,14.48,94.75,119.0,0.0,119.0,364.8,1.24,277.0,74217.0
20121217:2200,13.03,95.15,145.0,626.84,33.0,376.2,0.97,280.0,74312.0
20121217:2300,12.02,97.2,0.0,-0.0,0.0,367.0,0.76,277.0,74341.0
20121218:0000,11.75,95.3,0.0,-0.0,0.0,375.4,0.41,268.0,74400.0
20121218:0100,11.51,98.9,0.0,-0.0,0.0,363.25,0.41,301.0,74466.0
20121218:0200,11.25,98.95,0.0,-0.0,0.0,361.0,0.21,360.0,74532.0
20121218:0300,11.17,99.45,0.0,-0.0,0.0,364.4,0.41,54.0,74539.0
20121218:0400,10.91,99.65,0.0,-0.0,0.0,359.8,0.48,63.0,74539.0
20121218:0500,10.76,99.75,0.0,-0.0,0.0,364.0,0.34,78.0,74532.0
20121218:0600,10.47,99.0,0.0,-0.0,0.0,354.0,0.55,92.0,74481.0
20121218:0700,10.39,99.35,0.0,-0.0,0.0,351.6,0.48,98.0,74451.0
20121218:0800,10.31,99.3,0.0,-0.0,0.0,355.8,0.48,93.0,74437.0
20121218:0900,9.77,99.7,0.0,-0.0,0.0,337.2,0.55,88.0,74459.0
20121218:1000,10.03,99.5,0.0,-0.0,0.0,367.8,0.62,96.0,74481.0
20121218:1100,9.79,99.8,0.0,-0.0,0.0,356.0,0.76,103.0,74539.0
20121218:1200,10.19,99.1,192.0,610.36,53.0,355.4,0.76,106.0,74583.0
20121218:1300,11.71,93.75,441.0,827.74,72.0,358.4,0.14,110.0,74620.0
20121218:1400,13.18,90.9,425.0,152.08,329.0,341.8,0.41,263.0,74613.0
20121218:1500,15.27,87.1,387.0,41.48,355.0,342.2,0.83,268.0,74576.0
20121218:1600,15.78,84.7,571.0,113.2,474.0,353.2,0.83,263.0,74517.0
20121218:1700,16.85,84.6,725.0,264.26,492.0,361.0,1.17,260.0,74451.0
20121218:1800,15.64,83.1,689.0,267.7,463.0,369.8,1.03,264.0,74385.0
20121218:1900,15.41,85.7,89.0,0.0,89.0,352.2,1.03,276.0,74290.0
20121218:2000,14.84,83.25,116.0,0.0,116.0,361.0,1.31,270.0,74246.0
20121218:2100,14.26,84.3,19.0,0.0,19.0,350.0,1.45,257.0,74232.0
20121218:2200,13.59,86.1,16.0,0.0,16.0,342.6,1.17,255.0,74283.0
20121218:2300,12.25,97.35,0.0,-0.0,0.0,341.4,0.97,257.0,74334.0
20121219:0000,12.05,95.65,0.0,-0.0,0.0,351.6,0.55,288.0,74393.0
20121219:0100,11.39,98.55,0.0,-0.0,0.0,343.65,0.41,300.0,74451.0
20121219:0200,11.09,99.25,0.0,-0.0,0.0,347.0,0.34,333.0,74495.0
20121219:0300,10.61,99.05,0.0,-0.0,0.0,339.4,0.62,53.0,74547.0
20121219:0400,10.48,98.65,0.0,-0.0,0.0,347.4,0.41,63.0,74539.0
20121219:0500,10.33,98.55,0.0,-0.0,0.0,351.0,0.76,99.0,74532.0
20121219:0600,9.99,98.85,0.0,-0.0,0.0,355.2,0.76,101.0,74488.0
20121219:0700,9.95,97.4,0.0,-0.0,0.0,354.8,0.69,84.0,74429.0
20121219:0800,9.83,97.75,0.0,-0.0,0.0,349.0,0.83,77.0,74393.0
20121219:0900,9.81,97.95,0.0,-0.0,0.0,349.8,0.9,77.0,74407.0
20121219:1000,9.82,98.0,0.0,-0.0,0.0,354.2,0.83,77.0,74385.0
20121219:1100,9.91,98.0,0.0,-0.0,0.0,366.2,0.76,85.0,74451.0
20121219:1200,10.12,93.75,192.0,615.35,53.0,367.8,0.9,98.0,74495.0
20121219:1300,11.2,89.15,442.0,833.12,72.0,366.8,1.03,109.0,74576.0
20121219:1400,13.22,78.65,668.0,927.2,84.0,346.2,0.69,133.0,74569.0
20121219:1500,15.15,65.8,842.0,974.76,91.0,347.6,0.34,128.0,74488.0
20121219:1600,16.44,57.3,292.0,18.68,276.0,348.2,0.41,102.0,74422.0
20121219:1700,17.39,52.85,422.0,34.03,392.0,355.0,0.07,111.0,74334.0
20121219:1800,17.32,53.0,462.0,53.28,417.0,364.4,0.48,292.0,74312.0
20121219:1900,16.07,63.5,452.0,89.59,385.0,383.0,0.21,316.0,74239.0
20121219:2000,16.07,63.7,212.0,13.38,204.0,365.8,0.48,330.0,74144.0
20121219:2100,15.46,66.7,216.0,86.44,181.0,356.4,0.83,311.0,74129.0
20121219:2200,14.43,71.9,32.0,0.0,32.0,357.0,1.03,303.0,74217.0
20121219:2300,13.25,81.55,0.0,-0.0,0.0,343.2,0.62,271.0,74261.0
20121220:0000,12.51,87.55,0.0,-0.0,0.0,337.8,0.21,319.0,74327.0
20121220:0100,11.82,87.95,0.0,-0.0,0.0,343.25,0.41,67.0,74400.0
20121220:0200,10.99,90.5,0.0,-0.0,0.0,348.0,0.97,87.0,74466.0
20121220:0300,10.65,91.85,0.0,-0.0,0.0,339.2,1.03,86.0,74539.0
20121220:0400,10.41,92.55,0.0,-0.0,0.0,347.2,1.03,92.0,74583.0
20121220:0500,10.2,92.2,0.0,-0.0,0.0,348.6,1.1,93.0,74569.0
20121220:0600,9.98,91.75,0.0,-0.0,0.0,344.0,0.97,95.0,74539.0
20121220:0700,9.61,92.35,0.0,-0.0,0.0,346.0,1.31,96.0,74451.0
20121220:0800,9.42,91.4,0.0,-0.0,0.0,340.8,1.31,92.0,74437.0
20121220:0900,9.29,89.8,0.0,-0.0,0.0,343.2,1.31,94.0,74429.0
20121220:1000,9.09,89.25,0.0,-0.0,0.0,335.6,1.38,93.0,74459.0
20121220:1100,8.99,88.7,0.0,-0.0,0.0,337.8,1.38,92.0,74473.0
20121220:1200,9.51,88.45,190.0,611.45,53.0,334.0,1.31,95.0,74495.0
20121220:1300,11.86,81.25,440.0,831.7,72.0,335.4,0.97,104.0,74517.0
20121220:1400,14.73,68.3,667.0,927.61,84.0,329.0,0.28,145.0,74466.0
20121220:1500,16.07,62.0,349.0,29.89,326.0,344.4,0.07,58.0,74393.0
20121220:1600,17.02,57.4,280.0,18.7,264.0,353.6,0.28,309.0,74305.0
20121220:1700,17.29,57.95,466.0,46.51,425.0,358.0,0.69,298.0,74254.0
20121220:1800,17.13,63.25,245.0,16.57,231.0,354.6,1.1,297.0,74158.0
20121220:1900,17.74,52.15,468.0,102.84,391.0,353.8,0.34,295.0,74166.0
20121220:2000,16.99,57.55,627.0,912.97,80.0,351.8,0.97,298.0,74107.0
20121220:2100,16.07,63.3,100.0,0.0,100.0,353.8,1.17,307.0,74114.0
20121220:2200,14.71,70.95,152.0,635.99,35.0,342.4,1.03,291.0,74224.0
20121220:2300,13.26,80.55,0.0,-0.0,0.0,337.0,0.69,268.0,74254.0
20121221:0000,12.52,85.9,0.0,-0.0,0.0,339.2,0.34,272.0,74334.0
20121221:0100,12.01,87.1,0.0,-0.0,0.0,340.85,0.07,40.0,74393.0
20121221:0200,11.19,92.25,0.0,-0.0,0.0,334.6,0.69,81.0,74481.0
20121221:0300,10.38,95.15,0.0,-0.0,0.0,334.8,0.83,85.0,74510.0
20121221:0400,10.04,98.7,0.0,-0.0,0.0,346.0,1.03,91.0,74554.0
20121221:0500,10.03,97.55,0.0,-0.0,0.0,350.0,1.1,96.0,74539.0
20121221:0600,9.91,97.25,0.0,-0.0,0.0,342.6,1.17,92.0,74510.0
20121221:0700,9.82,98.05,0.0,-0.0,0.0,348.4,0.97,90.0,74437.0
20121221:0800,9.71,97.45,0.0,-0.0,0.0,342.6,1.03,88.0,74385.0
20121221:0900,9.57,97.65,0.0,-0.0,0.0,345.0,1.1,86.0,74407.0
20121221:1000,9.52,97.2,0.0,-0.0,0.0,344.4,1.1,84.0,74422.0
20121221:1100,9.47,96.7,0.0,-0.0,0.0,343.6,1.17,84.0,74488.0
20121221:1200,10.0,94.35,187.0,602.92,53.0,337.4,1.1,88.0,74561.0
20121221:1300,11.73,86.75,437.0,827.94,72.0,342.6,0.9,101.0,74583.0
20121221:1400,13.72,76.45,664.0,924.76,84.0,325.8,0.41,129.0,74525.0
20121221:1500,16.02,61.45,841.0,975.85,91.0,342.6,0.28,138.0,74466.0
20121221:1600,16.78,57.3,403.0,32.74,375.0,342.8,0.14,320.0,74385.0
20121221:1700,17.43,53.75,174.0,11.34,164.0,350.6,0.28,314.0,74312.0
20121221:1800,17.27,54.8,51.0,0.0,51.0,367.0,0.69,292.0,74217.0
20121221:1900,17.57,52.5,675.0,449.53,338.0,349.8,0.69,302.0,74122.0
20121221:2000,16.97,56.3,26.0,0.0,26.0,350.0,0.97,306.0,74114.0
20121221:2100,15.86,63.7,400.0,818.32,66.0,356.2,1.24,295.0,74122.0
20121221:2200,14.68,71.7,81.0,32.3,75.0,363.6,1.1,291.0,74195.0
20121221:2300,13.05,79.9,0.0,-0.0,0.0,344.4,0.55,284.0,74290.0
20121222:0000,11.78,89.55,0.0,-0.0,0.0,347.8,0.07,134.0,74319.0
20121222:0100,11.6,94.0,0.0,-0.0,0.0,352.65,0.62,87.0,74451.0
20121222:0200,11.24,95.55,0.0,-0.0,0.0,349.8,0.69,80.0,74517.0
20121222:0300,10.85,98.45,0.0,-0.0,0.0,347.6,0.83,89.0,74583.0
20121222:0400,10.83,96.95,0.0,-0.0,0.0,357.8,0.76,84.0,74591.0
20121222:0500,10.46,97.85,0.0,-0.0,0.0,343.4,0.83,85.0,74561.0
20121222:0600,10.26,97.85,0.0,-0.0,0.0,343.4,0.83,87.0,74532.0
20121222:0700,10.27,95.95,0.0,-0.0,0.0,349.4,0.83,83.0,74444.0
20121222:0800,10.29,95.65,0.0,-0.0,0.0,348.4,0.76,83.0,74429.0
20121222:0900,10.3,95.45,0.0,-0.0,0.0,352.0,0.83,82.0,74422.0
20121222:1000,10.36,95.25,0.0,-0.0,0.0,353.2,0.76,74.0,74444.0
20121222:1100,10.44,95.65,0.0,-0.0,0.0,357.2,0.76,76.0,74488.0
20121222:1200,11.06,94.05,185.0,603.25,52.0,347.0,0.55,86.0,74583.0
20121222:1300,12.46,85.95,433.0,821.8,72.0,336.8,0.48,128.0,74598.0
20121222:1400,14.47,71.3,659.0,918.64,84.0,336.0,0.48,162.0,74547.0
20121222:1500,15.71,64.15,178.0,11.72,169.0,343.6,0.21,244.0,74473.0
20121222:1600,16.52,60.6,321.0,21.05,303.0,360.8,0.41,281.0,74466.0
20121222:1700,16.38,62.65,452.0,54.44,404.0,357.6,0.76,278.0,74385.0
20121222:1800,16.14,65.75,297.0,18.91,281.0,363.8,0.9,274.0,74312.0
20121222:1900,15.84,66.15,809.0,959.12,89.0,355.8,1.17,269.0,74261.0
20121222:2000,15.84,67.05,440.0,232.61,300.0,370.6,1.1,275.0,74195.0
20121222:2100,15.02,73.05,60.0,0.0,60.0,360.4,1.31,261.0,74195.0
20121222:2200,13.73,80.55,155.0,628.95,37.0,355.0,0.83,254.0,74261.0
20121222:2300,12.53,89.0,0.0,-0.0,0.0,350.0,0.48,264.0,74341.0
20121223:0000,12.15,92.05,0.0,-0.0,0.0,358.0,0.41,183.0,74459.0
20121223:0100,12.03,97.35,0.0,-0.0,0.0,360.65,0.28,164.0,74495.0
20121223:0200,11.62,98.2,0.0,-0.0,0.0,357.2,0.21,126.0,74547.0
20121223:0300,11.34,98.6,0.0,-0.0,0.0,355.2,0.07,101.0,74605.0
20121223:0400,11.59,97.9,0.0,-0.0,0.0,377.2,0.07,187.0,74583.0
20121223:0500,11.22,98.15,0.0,-0.0,0.0,367.6,0.34,163.0,74547.0
20121223:0600,11.22,98.65,0.0,-0.0,0.0,365.4,0.48,134.0,74488.0
20121223:0700,11.16,99.35,0.0,-0.0,0.0,369.8,0.62,57.0,74437.0
20121223:0800,11.11,99.55,0.0,-0.0,0.0,371.8,0.28,79.0,74371.0
20121223:0900,10.97,99.5,0.0,-0.0,0.0,366.8,0.07,157.0,74385.0
20121223:1000,10.95,99.5,0.0,-0.0,0.0,369.0,0.55,109.0,74429.0
20121223:1100,11.01,99.55,0.0,-0.0,0.0,371.6,0.83,87.0,74495.0
20121223:1200,11.25,99.55,8.0,0.0,8.0,371.6,0.9,96.0,74525.0
20121223:1300,11.84,95.65,57.0,0.0,57.0,370.0,1.03,116.0,74620.0
20121223:1400,13.03,93.15,121.0,3.2,119.0,370.4,0.83,144.0,74598.0
20121223:1500,14.26,89.4,365.0,35.21,338.0,371.8,0.69,180.0,74613.0
20121223:1600,15.56,88.85,564.0,108.82,471.0,377.4,0.83,213.0,74539.0
20121223:1700,16.66,86.1,480.0,51.03,435.0,376.6,0.97,215.0,74517.0
20121223:1800,15.12,86.65,541.0,99.2,457.0,370.8,0.83,213.0,74451.0
20121223:1900,14.12,92.4,472.0,103.76,394.0,377.0,0.62,239.0,74363.0
20121223:2000,14.28,91.65,324.0,66.3,284.0,368.2,0.62,248.0,74283.0
20121223:2100,13.57,86.7,255.0,162.81,188.0,366.2,0.41,223.0,74232.0
20121223:2200,12.96,89.7,87.0,47.5,78.0,366.4,0.48,181.0,74319.0
20121223:2300,12.17,95.2,0.0,-0.0,0.0,355.2,0.55,129.0,74305.0
20121224:0000,12.08,95.6,0.0,-0.0,0.0,364.4,0.83,113.0,74393.0
20121224:0100,11.76,95.9,0.0,-0.0,0.0,364.25,0.9,111.0,74415.0
20121224:0200,11.39,96.6,0.0,-0.0,0.0,355.6,0.9,109.0,74503.0
20121224:0300,11.15,96.75,0.0,-0.0,0.0,357.8,0.97,107.0,74517.0
20121224:0400,10.9,96.55,0.0,-0.0,0.0,355.4,0.97,108.0,74503.0
20121224:0500,10.92,95.35,0.0,-0.0,0.0,368.2,1.03,105.0,74466.0
20121224:0600,11.02,93.95,0.0,-0.0,0.0,372.8,1.1,102.0,74422.0
20121224:0700,11.06,92.6,0.0,-0.0,0.0,372.2,0.97,100.0,74378.0
20121224:0800,11.11,92.15,0.0,-0.0,0.0,375.8,0.9,97.0,74349.0
20121224:0900,11.07,92.4,0.0,-0.0,0.0,372.6,0.9,100.0,74371.0
20121224:1000,11.11,92.15,0.0,-0.0,0.0,372.4,1.03,99.0,74422.0
20121224:1100,11.23,91.05,0.0,-0.0,0.0,372.4,1.03,100.0,74437.0
20121224:1200,11.3,91.8,149.0,327.21,78.0,364.6,0.9,101.0,74481.0
20121224:1300,12.5,87.1,431.0,820.65,73.0,361.6,0.9,125.0,74554.0
20121224:1400,13.46,82.5,533.0,392.91,288.0,367.4,0.69,153.0,74561.0
20121224:1500,14.11,78.55,441.0,69.18,388.0,372.6,0.83,163.0,74525.0
20121224:1600,15.29,74.1,541.0,92.47,462.0,369.4,0.76,181.0,74473.0
20121224:1700,15.89,73.9,398.0,28.34,373.0,375.2,0.9,206.0,74393.0
20121224:1800,15.08,77.6,395.0,31.86,368.0,379.4,1.03,227.0,74334.0
20121224:1900,16.0,63.65,243.0,15.94,231.0,372.8,0.97,219.0,74261.0
20121224:2000,15.64,65.25,401.0,157.08,306.0,361.8,0.62,246.0,74195.0
20121224:2100,15.28,67.6,305.0,314.57,175.0,364.6,0.83,263.0,74173.0
20121224:2200,14.56,72.55,127.0,313.56,67.0,350.6,1.03,268.0,74210.0
20121224:2300,13.34,82.25,0.0,-0.0,0.0,336.8,0.62,269.0,74283.0
20121225:0000,12.47,89.05,0.0,-0.0,0.0,338.0,0.34,23.0,74341.0
20121225:0100,11.77,92.65,0.0,-0.0,0.0,340.45,0.76,86.0,74385.0
20121225:0200,11.69,92.45,0.0,-0.0,0.0,355.4,0.76,96.0,74459.0
20121225:0300,11.59,92.2,0.0,-0.0,0.0,356.4,0.62,74.0,74481.0
20121225:0400,11.45,92.0,0.0,-0.0,0.0,359.0,0.62,83.0,74503.0
20121225:0500,10.92,93.2,0.0,-0.0,0.0,359.0,0.69,93.0,74481.0
20121225:0600,10.67,92.3,0.0,-0.0,0.0,346.4,0.76,97.0,74422.0
20121225:0700,11.15,87.65,0.0,-0.0,0.0,366.2,0.83,92.0,74371.0
20121225:0800,10.96,87.15,0.0,-0.0,0.0,356.8,0.9,91.0,74356.0
20121225:0900,11.25,83.9,0.0,-0.0,0.0,373.8,0.9,98.0,74363.0
20121225:1000,11.34,82.05,0.0,-0.0,0.0,371.4,0.9,99.0,74371.0
20121225:1100,11.32,82.05,0.0,-0.0,0.0,368.0,0.69,92.0,74385.0
20121225:1200,11.61,82.5,179.0,589.92,52.0,364.8,0.55,91.0,74473.0
20121225:1300,12.73,78.1,430.0,821.11,73.0,368.8,0.62,100.0,74554.0
20121225:1400,14.45,71.2,657.0,918.98,85.0,347.6,0.28,175.0,74569.0
20121225:1500,15.11,67.0,231.0,15.68,219.0,363.6,0.41,218.0,74495.0
20121225:1600,15.83,63.65,106.0,1.17,105.0,360.8,0.48,184.0,74466.0
20121225:1700,16.46,61.35,396.0,28.33,371.0,383.8,0.14,215.0,74393.0
20121225:1800,16.49,60.9,261.0,17.68,246.0,368.4,0.28,272.0,74254.0
20121225:1900,17.16,57.25,360.0,37.13,332.0,373.8,0.62,274.0,74151.0
20121225:2000,16.55,61.75,299.0,46.18,271.0,376.4,0.76,284.0,74085.0
20121225:2100,15.73,65.65,376.0,636.11,112.0,358.4,0.76,266.0,74114.0
20121225:2200,14.32,74.05,162.0,636.48,39.0,364.0,0.9,276.0,74246.0
20121225:2300,13.3,80.55,0.0,-0.0,0.0,363.2,0.55,274.0,74305.0
20121226:0000,12.73,85.45,0.0,-0.0,0.0,348.2,0.21,276.0,74371.0
20121226:0100,12.53,89.05,0.0,-0.0,0.0,358.05,0.28,346.0,74422.0
20121226:0200,12.21,91.75,0.0,-0.0,0.0,362.0,0.48,66.0,74525.0
20121226:0300,11.9,92.95,0.0,-0.0,0.0,361.4,0.69,91.0,74561.0
20121226:0400,11.42,94.3,0.0,-0.0,0.0,354.6,0.76,93.0,74583.0
20121226:0500,11.53,92.5,0.0,-0.0,0.0,367.2,0.9,80.0,74591.0
20121226:0600,11.27,91.95,0.0,-0.0,0.0,356.0,0.9,90.0,74561.0
20121226:0700,11.05,90.85,0.0,-0.0,0.0,366.4,1.03,98.0,74466.0
20121226:0800,10.9,89.9,0.0,-0.0,0.0,357.8,1.17,93.0,74437.0
20121226:0900,10.69,88.7,0.0,-0.0,0.0,354.6,1.1,88.0,74422.0
20121226:1000,10.64,86.95,0.0,-0.0,0.0,358.8,1.03,86.0,74481.0
20121226:1100,10.46,86.85,0.0,-0.0,0.0,357.6,1.1,92.0,74532.0
20121226:1200,10.66,85.95,177.0,585.18,52.0,353.4,1.24,101.0,74576.0
20121226:1300,11.95,81.85,246.0,101.53,202.0,346.4,1.1,104.0,74605.0
20121226:1400,14.33,72.7,326.0,56.33,291.0,340.0,0.48,125.0,74576.0
20121226:1500,15.31,66.45,225.0,15.69,213.0,351.4,0.14,101.0,74510.0
20121226:1600,15.38,66.65,547.0,97.2,464.0,369.8,0.14,103.0,74451.0
20121226:1700,16.42,62.35,446.0,39.65,411.0,355.6,0.14,141.0,74385.0
20121226:1800,16.77,61.05,669.0,230.87,473.0,370.8,0.14,7.0,74276.0
20121226:1900,16.63,60.25,98.0,0.0,98.0,360.4,0.41,318.0,74158.0
20121226:2000,15.96,65.2,147.0,3.29,145.0,367.8,1.17,302.0,74144.0
20121226:2100,15.63,66.45,197.0,45.58,178.0,347.8,0.62,304.0,74100.0
20121226:2200,14.79,71.3,163.0,630.23,40.0,360.2,0.9,287.0,74151.0
20121226:2300,13.57,80.4,0.0,-0.0,0.0,355.6,0.55,281.0,74224.0
20121227:0000,12.6,85.05,0.0,-0.0,0.0,355.2,0.41,67.0,74356.0
20121227:0100,12.55,85.0,0.0,-0.0,0.0,360.25,0.62,72.0,74407.0
20121227:0200,12.41,86.05,0.0,-0.0,0.0,364.8,0.76,85.0,74473.0
20121227:0300,12.32,86.4,0.0,-0.0,0.0,366.4,0.76,87.0,74510.0
20121227:0400,12.14,87.4,0.0,-0.0,0.0,369.4,0.69,91.0,74517.0
20121227:0500,11.75,89.8,0.0,-0.0,0.0,357.4,0.76,105.0,74481.0
20121227:0600,11.65,89.4,0.0,-0.0,0.0,361.2,0.9,98.0,74444.0
20121227:0700,11.83,92.05,0.0,-0.0,0.0,369.0,0.69,83.0,74385.0
20121227:0800,11.74,92.45,0.0,-0.0,0.0,368.2,0.55,101.0,74378.0
20121227:0900,11.69,92.05,0.0,-0.0,0.0,369.6,0.69,110.0,74371.0
20121227:1000,11.42,92.9,0.0,-0.0,0.0,358.4,0.83,97.0,74415.0
20121227:1100,11.28,92.7,0.0,-0.0,0.0,357.4,0.83,99.0,74437.0
20121227:1200,11.65,91.7,41.0,0.0,41.0,355.2,0.76,102.0,74495.0
20121227:1300,12.73,85.3,189.0,34.72,174.0,363.2,0.83,122.0,74539.0
20121227:1400,13.57,78.7,649.0,909.18,85.0,370.4,1.1,124.0,74547.0
20121227:1500,14.84,68.6,827.0,960.45,93.0,373.8,1.38,121.0,74495.0
20121227:1600,15.6,63.35,939.0,984.99,98.0,378.6,1.59,113.0,74466.0
20121227:1700,16.22,61.05,975.0,992.05,99.0,375.4,1.59,116.0,74356.0
20121227:1800,16.63,58.25,933.0,983.72,97.0,380.6,1.59,132.0,74276.0
20121227:1900,16.74,58.55,816.0,957.0,92.0,370.4,0.41,162.0,74195.0
20121227:2000,16.36,61.45,373.0,113.22,304.0,369.0,0.48,275.0,74166.0
20121227:2100,15.5,67.3,154.0,9.55,150.0,354.8,0.34,290.0,74151.0
20121227:2200,14.41,75.55,164.0,629.13,40.0,364.4,0.69,268.0,74173.0
20121227:2300,13.41,82.85,0.0,-0.0,0.0,343.4,0.28,252.0,74246.0
20121228:0000,12.72,88.15,0.0,-0.0,0.0,343.6,0.21,167.0,74312.0
20121228:0100,12.47,89.15,0.0,-0.0,0.0,354.25,0.62,102.0,74393.0
20121228:0200,12.3,89.2,0.0,-0.0,0.0,360.0,0.83,100.0,74459.0
20121228:0300,12.03,89.55,0.0,-0.0,0.0,357.2,0.9,105.0,74517.0
20121228:0400,11.8,88.95,0.0,-0.0,0.0,351.6,1.03,109.0,74488.0
20121228:0500,11.79,87.1,0.0,-0.0,0.0,365.0,1.03,107.0,74466.0
20121228:0600,11.69,86.1,0.0,-0.0,0.0,364.2,0.97,105.0,74415.0
20121228:0700,11.49,85.4,0.0,-0.0,0.0,363.6,0.97,108.0,74385.0
20121228:0800,11.32,84.15,0.0,-0.0,0.0,359.0,0.97,109.0,74363.0
20121228:0900,11.25,82.75,0.0,-0.0,0.0,362.6,1.03,107.0,74363.0
20121228:1000,10.88,83.2,0.0,-0.0,0.0,346.0,1.03,103.0,74371.0
20121228:1100,10.61,83.75,0.0,-0.0,0.0,343.4,1.1,100.0,74422.0
20121228:1200,11.08,81.8,23.0,0.0,23.0,362.8,1.17,102.0,74481.0
20121228:1300,12.12,74.15,201.0,44.12,182.0,352.4,1.38,110.0,74517.0
20121228:1400,13.87,65.0,653.0,915.44,86.0,338.4,1.31,118.0,74503.0
20121228:1500,15.77,56.4,833.0,967.66,94.0,351.4,1.24,126.0,74459.0
20121228:1600,17.27,48.55,946.0,992.06,99.0,371.6,1.59,125.0,74356.0
20121228:1700,18.44,44.15,982.0,998.34,100.0,362.2,1.17,130.0,74217.0
20121228:1800,18.98,43.4,697.0,269.18,468.0,366.4,0.07,210.0,74158.0
20121228:1900,18.13,48.6,823.0,963.26,93.0,364.0,0.55,347.0,74100.0
20121228:2000,17.71,51.75,641.0,911.48,84.0,351.0,0.69,358.0,74070.0
20121228:2100,17.01,55.8,413.0,815.7,70.0,351.8,0.62,322.0,74056.0
20121228:2200,15.78,63.45,168.0,638.05,41.0,341.2,0.55,300.0,74180.0
20121228:2300,14.2,75.9,0.0,-0.0,0.0,327.6,0.21,262.0,74232.0
20121229:0000,12.93,84.15,0.0,-0.0,0.0,322.2,0.69,91.0,74305.0
20121229:0100,12.04,87.95,0.0,-0.0,0.0,327.65,0.97,96.0,74363.0
20121229:0200,11.31,89.7,0.0,-0.0,0.0,322.2,1.17,96.0,74451.0
20121229:0300,11.18,87.65,0.0,-0.0,0.0,341.0,1.24,96.0,74481.0
20121229:0400,10.91,86.45,0.0,-0.0,0.0,341.4,1.24,96.0,74488.0
20121229:0500,10.52,85.2,0.0,-0.0,0.0,332.6,1.38,97.0,74488.0
20121229:0600,10.59,82.45,0.0,-0.0,0.0,350.2,1.38,99.0,74488.0
20121229:0700,10.19,82.9,0.0,-0.0,0.0,358.0,1.52,102.0,74437.0
20121229:0800,9.94,81.85,0.0,-0.0,0.0,357.4,1.66,102.0,74400.0
20121229:0900,9.58,80.4,0.0,-0.0,0.0,352.2,1.72,101.0,74407.0
20121229:1000,9.08,80.45,0.0,-0.0,0.0,329.0,1.59,101.0,74437.0
20121229:1100,8.91,79.65,0.0,-0.0,0.0,333.2,1.79,101.0,74473.0
20121229:1200,9.25,78.95,175.0,584.36,53.0,313.6,1.79,101.0,74510.0
20121229:1300,11.65,71.3,430.0,826.84,75.0,326.8,1.52,104.0,74539.0
20121229:1400,14.29,59.75,663.0,931.34,87.0,319.6,1.1,121.0,74503.0
20121229:1500,15.59,54.35,845.0,982.66,95.0,334.6,0.55,141.0,74459.0
20121229:1600,16.82,49.85,960.0,1007.27,100.0,345.0,0.69,131.0,74429.0
20121229:1700,18.27,43.4,998.0,1014.74,101.0,353.2,0.97,128.0,74290.0
20121229:1800,18.92,41.0,956.0,1006.21,99.0,354.8,0.21,190.0,74188.0
20121229:1900,19.07,42.4,337.0,28.98,315.0,343.4,0.62,307.0,74092.0
20121229:2000,17.83,51.2,385.0,125.66,308.0,346.2,0.9,315.0,74070.0
20121229:2100,16.58,59.4,422.0,831.01,71.0,342.6,0.76,326.0,74107.0
20121229:2200,15.5,66.2,173.0,651.73,42.0,350.8,0.76,312.0,74217.0
20121229:2300,14.15,75.95,0.0,-0.0,0.0,346.0,0.55,291.0,74297.0
20121230:0000,13.35,81.3,0.0,-0.0,0.0,349.4,0.14,341.0,74378.0
20121230:0100,12.34,86.95,0.0,-0.0,0.0,330.05,0.69,93.0,74459.0
20121230:0200,11.82,88.55,0.0,-0.0,0.0,337.2,1.03,92.0,74554.0
20121230:0300,11.39,88.7,0.0,-0.0,0.0,342.2,1.24,93.0,74598.0
20121230:0400,11.03,87.8,0.0,-0.0,0.0,346.8,1.17,95.0,74591.0
20121230:0500,10.56,85.7,0.0,-0.0,0.0,342.6,1.31,96.0,74598.0
20121230:0600,10.08,82.35,0.0,-0.0,0.0,340.6,1.59,98.0,74591.0
20121230:0700,9.77,85.05,0.0,-0.0,0.0,333.4,1.38,98.0,74547.0
20121230:0800,9.69,82.3,0.0,-0.0,0.0,352.8,1.45,101.0,74539.0
20121230:0900,9.17,82.9,0.0,-0.0,0.0,337.0,1.59,102.0,74510.0
20121230:1000,8.7,83.35,0.0,-0.0,0.0,336.8,1.79,101.0,74525.0
20121230:1100,8.34,84.25,0.0,-0.0,0.0,340.8,1.86,99.0,74576.0
20121230:1200,8.69,83.95,173.0,579.06,53.0,349.6,1.79,98.0,74642.0
20121230:1300,10.42,79.3,428.0,824.57,75.0,342.8,1.45,103.0,74700.0
20121230:1400,13.24,65.4,661.0,927.78,88.0,318.6,1.1,114.0,74649.0
20121230:1500,14.88,55.35,519.0,136.34,415.0,331.8,1.03,128.0,74635.0
20121230:1600,16.18,47.8,959.0,1006.01,100.0,351.0,1.45,125.0,74539.0
20121230:1700,17.38,42.7,565.0,93.83,482.0,336.2,1.24,127.0,74407.0
20121230:1800,18.25,41.1,956.0,1003.84,100.0,333.4,0.76,117.0,74261.0
20121230:1900,19.4,36.15,839.0,978.15,95.0,331.4,0.41,78.0,74158.0
20121230:2000,19.01,38.25,407.0,154.6,312.0,344.4,0.83,326.0,74122.0
20121230:2100,17.3,52.15,425.0,834.35,71.0,333.0,1.31,316.0,74180.0
20121230:2200,15.5,64.25,175.0,650.33,43.0,350.0,0.9,306.0,74297.0
20121230:2300,13.95,74.65,0.0,-0.0,0.0,322.8,0.41,270.0,74378.0
20121231:0000,12.77,82.3,0.0,-0.0,0.0,320.8,0.28,129.0,74437.0
20121231:0100,11.68,87.25,0.0,-0.0,0.0,317.05,0.83,94.0,74517.0
20121231:0200,10.71,89.85,0.0,-0.0,0.0,311.0,1.1,87.0,74583.0
20121231:0300,9.73,92.6,0.0,-0.0,0.0,318.0,1.17,88.0,74635.0
20121231:0400,9.29,92.3,0.0,-0.0,0.0,328.8,1.38,92.0,74627.0
20121231:0500,9.48,89.4,0.0,-0.0,0.0,336.2,1.31,95.0,74627.0
20121231:0600,9.24,87.9,0.0,-0.0,0.0,323.8,1.31,99.0,74620.0
20121231:0700,9.3,86.65,0.0,-0.0,0.0,335.0,1.24,99.0,74576.0
20121231:0800,9.28,85.05,0.0,-0.0,0.0,338.2,1.24,97.0,74569.0
20121231:0900,8.98,85.0,0.0,-0.0,0.0,327.4,1.24,97.0,74605.0
20121231:1000,8.64,85.5,0.0,-0.0,0.0,329.6,1.45,95.0,74598.0
20121231:1100,8.37,86.2,0.0,-0.0,0.0,333.0,1.52,96.0,74627.0
20121231:1200,8.62,86.2,170.0,568.73,53.0,330.2,1.66,97.0,74715.0
20121231:1300,10.97,75.8,424.0,817.53,75.0,330.2,1.59,104.0,74737.0
20121231:1400,13.88,62.3,656.0,920.89,88.0,316.4,1.38,113.0,74671.0
20121231:1500,15.94,51.4,838.0,973.15,96.0,331.4,1.59,118.0,74605.0
20121231:1600,20.68,35.8,953.0,997.65,101.0,359.46,0.86,120.0,74473.0
20121231:1700,19.7,40.08,993.0,1006.6,102.0,354.0,0.87,123.0,74327.0
20121231:1800,18.71,44.36,952.0,997.89,100.0,348.55,0.89,331.0,74246.0
20121231:1900,17.73,48.64,836.0,972.35,95.0,343.1,0.91,5.0,74166.0
20121231:2000,16.75,52.92,654.0,921.73,86.0,337.65,0.92,346.0,74166.0
20121231:2100,15.77,57.2,424.0,825.89,72.0,332.19,0.94,327.0,74180.0
20121231:2200,14.79,61.48,175.0,639.17,44.0,326.74,0.95,323.0,74246.0
20121231:2300,13.81,65.76,0.0,-0.0,0.0,321.29,0.97,316.0,74305.0

T2m: 2-m air temperature (degree Celsius)
RH: relative humidity (%)
G(h): Global irradiance on the horizontal plane (W/m2)
Gb(n): Beam/direct irradiance on a plane always normal to sun rays (W/m2)
Gd(h): Diffuse irradiance on the horizontal plane (W/m2)
IR(h): Surface infrared (thermal) irradiance on a horizontal plane (W/m2)
WS10m: 10-m total wind speed (m/s)
WD10m: 10-m wind direction (0 = N, 90 = E) (degree)
SP: Surface (air) pressure (Pa)

PVGIS (c) European Union, 2001-2026

